user_id,clip_duration,media_platform,age_new,day,tt,ad_complete,ad_brand_cat,genre_new,gender_new,l_ad_stop,u_ad_stop
1,176,MOBILE WEB,40,Fri,15,0,drink,sports,Male,3.75,7.5
2,145,MOBILE WEB,40,Tue,16,1,drink,sports,Male,11.25,15
3,148,MOBILE APP,20,Sun,1,0,food,entertainment,Female,3.75,7.5
4,188,MOBILE WEB,20,Sun,23,1,drink,entertainment,Female,11.25,15
5,95,MOBILE WEB,30,Fri,23,0,food,drama,Female,3.75,7.5
6,117,MOBILE WEB,30,Sat,18,0,pet,sports,Female,3.75,7.5
7,285,MOBILE WEB,30,Fri,23,0,education,entertainment,Female,0,3.75
8,352,MOBILE WEB,30,Sat,10,0,movie,entertainment,Female,3.75,7.5
9,86,MOBILE WEB,40,Sat,8,0,education,drama,Female,3.75,7.5
10,146,MOBILE WEB,30,Sun,20,0,movie,entertainment,Female,7.5,11.25
11,237,MOBILE WEB,30,Sat,17,1,drink,sports,Male,11.25,15
12,116,MOBILE WEB,40,Mon,21,0,drink,sports,Male,3.75,7.5
13,205,PC WEB,50,Sat,16,1,drink,sports,Male,11.25,15
14,311,PC WEB,30,Sun,10,0,food,music,Female,7.5,11.25
15,127,MOBILE WEB,10,Tue,23,0,woman,drama,Female,3.75,7.5
16,158,MOBILE WEB,20,Wed,20,0,corporation,entertainment,Female,7.5,11.25
17,143,MOBILE WEB,30,Sat,3,0,drink,current_affairs,Female,7.5,11.25
18,204,MOBILE APP,20,Thu,12,0,pet,entertainment,Female,3.75,7.5
19,140,MOBILE WEB,40,Mon,17,0,food,entertainment,Female,7.5,11.25
20,160,MOBILE WEB,40,Sat,7,0,food,entertainment,Female,3.75,7.5
21,96,MOBILE WEB,40,Wed,21,1,drink,sports,Male,11.25,15
22,174,MOBILE WEB,30,Sat,15,0,health_food,entertainment,Female,3.75,7.5
23,182,MOBILE WEB,40,Fri,20,0,government,entertainment,Female,0,3.75
24,371,MOBILE WEB,30,Tue,13,0,drink,sports,Female,11.25,15
25,173,MOBILE WEB,20,Thu,0,0,health_food,entertainment,Female,0,3.75
26,110,MOBILE WEB,50,Wed,16,0,health_food,entertainment,Female,3.75,7.5
27,70,MOBILE WEB,30,Sun,14,0,corporation,sports,Male,3.75,7.5
28,627,MOBILE WEB,30,Sun,8,1,drink,sports,Male,11.25,15
29,129,MOBILE WEB,40,Fri,0,0,medicine,drama,Female,0,3.75
30,67,MOBILE WEB,30,Sun,15,0,drink,sports,Male,3.75,7.5
31,61,MOBILE WEB,30,Sun,15,1,drink,sports,Male,11.25,15
32,224,MOBILE WEB,40,Mon,19,0,food,drama,Male,3.75,7.5
33,143,MOBILE WEB,40,Mon,7,0,government,entertainment,Male,3.75,7.5
34,111,MOBILE WEB,30,Thu,0,1,corporation,entertainment,Female,11.25,15
35,65,MOBILE WEB,60,Sat,22,0,corporation,sports,Male,11.25,15
36,235,PC WEB,10,Sun,21,1,medicine,entertainment,Female,11.25,15
37,85,MOBILE WEB,10,Sat,4,0,movie,drama,Female,3.75,7.5
38,100,MOBILE WEB,40,Thu,22,0,corporation,entertainment,Female,7.5,11.25
39,251,MOBILE APP,20,Sat,23,1,drink,music,Male,11.25,15
40,164,MOBILE WEB,40,Sat,14,1,food,information,Female,11.25,15
41,64,MOBILE WEB,40,Sun,15,0,corporation,sports,Male,0,3.75
42,101,MOBILE WEB,40,Thu,23,1,government,drama,Female,11.25,15
43,306,MOBILE WEB,40,Fri,23,0,food,entertainment,Female,3.75,7.5
44,65,PC WEB,30,Tue,11,0,drink,sports,Female,3.75,7.5
45,101,MOBILE WEB,40,Sat,14,0,corporation,sports,Male,3.75,7.5
46,67,PC WEB,40,Tue,12,1,drink,sports,Female,11.25,15
47,112,MOBILE WEB,30,Sat,15,0,corporation,sports,Male,7.5,11.25
48,121,MOBILE WEB,40,Tue,9,0,government,entertainment,Male,3.75,7.5
49,244,PC WEB,20,Sun,20,0,movie,entertainment,Male,3.75,7.5
50,167,MOBILE WEB,50,Tue,12,0,drink,drama,Female,11.25,15
51,219,MOBILE WEB,10,Tue,13,0,food,entertainment,Female,7.5,11.25
52,201,MOBILE WEB,40,Sat,21,0,pet,music,Female,7.5,11.25
53,112,MOBILE WEB,50,Sat,14,1,drink,sports,Male,11.25,15
54,64,MOBILE WEB,40,Fri,8,0,drink,sports,Male,3.75,7.5
55,72,MOBILE WEB,40,Wed,13,1,drink,sports,Male,11.25,15
56,74,MOBILE WEB,30,Fri,15,0,corporation,sports,Male,3.75,7.5
57,328,MOBILE WEB,30,Fri,3,0,drink,entertainment,Female,3.75,7.5
58,116,MOBILE WEB,30,Tue,8,0,drink,sports,Male,0,3.75
59,269,PC WEB,20,Wed,20,1,food,entertainment,Male,11.25,15
60,100,MOBILE WEB,40,Sun,13,0,food,entertainment,Female,3.75,7.5
61,86,MOBILE WEB,20,Fri,17,0,drink,sports,Male,3.75,7.5
62,216,MOBILE WEB,30,Fri,13,0,drink,sports,Male,3.75,7.5
63,627,MOBILE WEB,60,Sat,16,1,drink,sports,Male,11.25,15
64,87,MOBILE WEB,10,Mon,18,0,drink,drama,Female,3.75,7.5
65,83,MOBILE WEB,30,Thu,15,0,drink,sports,Male,3.75,7.5
66,175,MOBILE WEB,60,Tue,23,0,electronics,drama,Male,7.5,11.25
67,188,MOBILE WEB,40,Fri,18,0,health_food,drama,Female,7.5,11.25
68,127,PC WEB,20,Thu,11,0,drink,entertainment,Female,0,3.75
69,695,MOBILE WEB,50,Sat,15,0,corporation,sports,Male,7.5,11.25
70,66,PC WEB,40,Sat,16,1,drink,sports,Male,11.25,15
71,135,MOBILE WEB,30,Sat,11,0,health_food,kids,Male,3.75,7.5
72,227,MOBILE WEB,20,Tue,15,0,food,entertainment,Male,3.75,7.5
73,65,MOBILE WEB,20,Fri,7,0,medicine,drama,Female,3.75,7.5
74,65,MOBILE WEB,30,Tue,12,0,drink,sports,Male,3.75,7.5
75,382,MOBILE WEB,40,Sun,16,0,drink,music,Female,3.75,7.5
76,90,MOBILE WEB,50,Sun,17,1,corporation,sports,Male,11.25,15
77,219,MOBILE WEB,10,Tue,7,1,government,entertainment,Male,11.25,15
78,116,MOBILE WEB,50,Thu,15,0,drink,sports,Male,3.75,7.5
79,195,MOBILE WEB,20,Sat,21,1,corporation,entertainment,Female,11.25,15
80,252,MOBILE APP,20,Sat,0,0,drink,entertainment,Female,3.75,7.5
81,61,MOBILE WEB,30,Tue,17,0,corporation,sports,Male,3.75,7.5
82,180,MOBILE WEB,30,Wed,0,1,food,entertainment,Female,11.25,15
83,235,MOBILE APP,10,Sun,23,0,education,entertainment,Female,3.75,7.5
84,627,MOBILE WEB,40,Sun,4,0,corporation,sports,Male,3.75,7.5
85,121,MOBILE WEB,40,Sat,22,0,medicine,entertainment,Female,3.75,7.5
86,115,MOBILE WEB,40,Tue,22,0,food,current_affairs,Male,3.75,7.5
87,161,MOBILE WEB,10,Tue,0,0,pet,entertainment,Female,0,3.75
88,110,MOBILE WEB,40,Mon,21,0,drink,drama,Female,3.75,7.5
89,145,MOBILE WEB,20,Mon,23,0,food,drama,Female,11.25,15
90,273,MOBILE WEB,20,Wed,10,0,medicine,entertainment,Female,0,3.75
91,73,MOBILE WEB,30,Tue,8,0,drink,sports,Male,3.75,7.5
92,102,MOBILE WEB,30,Wed,22,0,education,drama,Female,7.5,11.25
93,130,MOBILE WEB,30,Sun,23,0,drink,sports,Male,3.75,7.5
94,61,MOBILE WEB,30,Sun,15,0,corporation,sports,Male,3.75,7.5
95,67,MOBILE WEB,20,Tue,12,0,drink,sports,Male,3.75,7.5
96,201,MOBILE WEB,40,Sat,16,1,health_food,entertainment,Female,11.25,15
97,160,MOBILE WEB,40,Sun,9,0,education,entertainment,Male,3.75,7.5
98,225,MOBILE WEB,20,Sat,0,0,food,entertainment,Female,7.5,11.25
99,84,MOBILE WEB,10,Sat,20,0,food,drama,Female,3.75,7.5
100,119,MOBILE WEB,30,Fri,18,0,corporation,sports,Male,3.75,7.5
101,194,MOBILE WEB,20,Sat,21,0,pet,entertainment,Female,3.75,7.5
102,142,MOBILE WEB,20,Wed,12,1,government,entertainment,Female,11.25,15
103,66,PC WEB,40,Thu,17,1,drink,sports,Male,11.25,15
104,136,MOBILE WEB,30,Thu,10,1,education,drama,Female,11.25,15
105,170,MOBILE WEB,50,Thu,7,0,food,entertainment,Female,0,3.75
106,141,MOBILE WEB,30,Mon,0,0,medicine,drama,Female,0,3.75
107,175,MOBILE WEB,20,Sat,22,0,education,drama,Female,3.75,7.5
108,129,MOBILE WEB,20,Sat,15,1,medicine,entertainment,Male,11.25,15
109,101,MOBILE WEB,30,Sat,12,0,corporation,sports,Male,3.75,7.5
110,130,MOBILE WEB,10,Thu,0,0,drink,entertainment,Female,3.75,7.5
111,60,MOBILE WEB,30,Wed,12,0,government,sports,Male,3.75,7.5
112,75,MOBILE WEB,40,Fri,9,0,corporation,sports,Male,7.5,11.25
113,96,MOBILE WEB,40,Wed,17,1,drink,sports,Male,11.25,15
114,340,MOBILE WEB,10,Mon,11,0,medicine,drama,Female,7.5,11.25
115,167,MOBILE WEB,40,Tue,20,0,health_food,drama,Female,3.75,7.5
116,154,MOBILE WEB,40,Sat,14,1,drink,sports,Male,11.25,15
117,558,MOBILE WEB,40,Sun,17,0,drink,sports,Male,3.75,7.5
118,373,MOBILE WEB,20,Sat,7,0,food,entertainment,Female,3.75,7.5
119,180,MOBILE WEB,10,Thu,16,1,food,entertainment,Female,11.25,15
120,235,MOBILE WEB,30,Sun,9,0,health_food,drama,Female,0,3.75
121,153,MOBILE WEB,30,Sat,1,0,drink,drama,Male,7.5,11.25
122,277,MOBILE WEB,20,Sat,16,0,movie,entertainment,Female,7.5,11.25
123,74,MOBILE WEB,30,Fri,17,0,corporation,sports,Male,3.75,7.5
124,64,MOBILE WEB,60,Fri,6,0,pet,sports,Male,3.75,7.5
125,236,MOBILE WEB,40,Tue,7,0,health_food,entertainment,Female,7.5,11.25
126,321,MOBILE WEB,20,Tue,22,1,food,information,Female,11.25,15
127,147,MOBILE WEB,50,Mon,15,0,finance,entertainment,Female,0,3.75
128,233,MOBILE WEB,40,Sat,14,0,education,music,Female,3.75,7.5
129,92,MOBILE WEB,30,Fri,12,0,medicine,drama,Female,7.5,11.25
130,237,MOBILE WEB,30,Sat,17,1,drink,sports,Male,11.25,15
131,127,MOBILE WEB,10,Mon,0,0,education,entertainment,Female,7.5,11.25
132,83,MOBILE WEB,40,Fri,9,0,drink,sports,Male,3.75,7.5
133,100,MOBILE WEB,50,Sat,14,0,drink,sports,Male,3.75,7.5
134,238,MOBILE WEB,50,Tue,14,0,government,sports,Male,3.75,7.5
135,123,MOBILE WEB,20,Thu,22,0,drink,entertainment,Female,3.75,7.5
136,752,MOBILE WEB,40,Wed,8,1,pet,drama,Female,11.25,15
137,236,MOBILE WEB,50,Sun,10,0,drink,music,Male,0,3.75
138,167,MOBILE APP,10,Wed,4,0,food,entertainment,Male,3.75,7.5
139,168,MOBILE WEB,10,Mon,21,0,drink,entertainment,Female,0,3.75
140,181,PC WEB,30,Sat,14,0,movie,entertainment,Male,0,3.75
141,285,MOBILE WEB,20,Sun,16,0,corporation,sports,Male,3.75,7.5
142,127,MOBILE WEB,40,Tue,23,1,drink,sports,Male,11.25,15
143,131,MOBILE APP,10,Sat,13,0,education,entertainment,Female,3.75,7.5
144,74,MOBILE WEB,30,Fri,16,0,corporation,sports,Male,3.75,7.5
145,324,MOBILE WEB,50,Fri,8,1,drink,entertainment,Female,11.25,15
146,76,MOBILE WEB,20,Fri,14,0,corporation,sports,Male,3.75,7.5
147,597,MOBILE WEB,30,Sat,16,0,corporation,sports,Male,3.75,7.5
148,154,MOBILE WEB,20,Sat,13,1,drink,sports,Male,11.25,15
149,119,MOBILE WEB,30,Fri,16,0,corporation,sports,Male,3.75,7.5
150,112,MOBILE WEB,20,Sat,16,1,drink,sports,Male,11.25,15
151,111,MOBILE WEB,30,Mon,7,1,government,drama,Female,11.25,15
152,204,MOBILE WEB,20,Sat,1,0,food,entertainment,Female,3.75,7.5
153,89,MOBILE WEB,40,Sat,7,0,health_food,drama,Male,11.25,15
154,292,MOBILE APP,10,Mon,2,0,food,entertainment,Female,0,3.75
155,190,MOBILE WEB,30,Mon,18,0,drink,entertainment,Female,3.75,7.5
156,133,MOBILE WEB,10,Thu,19,0,drink,entertainment,Female,3.75,7.5
157,177,MOBILE WEB,20,Sat,0,1,pet,music,Female,11.25,15
158,131,MOBILE WEB,30,Wed,18,1,drink,sports,Male,11.25,15
159,118,MOBILE WEB,20,Sun,18,0,drink,entertainment,Male,0,3.75
160,122,MOBILE WEB,40,Thu,19,0,woman,drama,Female,0,3.75
161,96,MOBILE WEB,30,Wed,16,1,drink,sports,Male,11.25,15
162,149,MOBILE WEB,30,Thu,23,0,drink,drama,Female,3.75,7.5
163,72,MOBILE WEB,20,Wed,14,1,drink,sports,Male,11.25,15
164,142,MOBILE WEB,30,Tue,7,1,electronics,entertainment,Female,11.25,15
165,323,MOBILE WEB,30,Tue,11,1,corporation,sports,Male,11.25,15
166,115,MOBILE WEB,30,Sat,17,0,food,entertainment,Female,3.75,7.5
167,195,MOBILE WEB,20,Tue,16,0,health_food,entertainment,Female,3.75,7.5
168,212,MOBILE WEB,30,Thu,13,0,drink,sports,Male,3.75,7.5
169,182,MOBILE WEB,40,Wed,12,1,food,entertainment,Female,11.25,15
170,110,MOBILE WEB,10,Mon,0,0,health_food,drama,Male,3.75,7.5
171,64,MOBILE WEB,40,Sun,23,0,corporation,sports,Male,3.75,7.5
172,201,MOBILE WEB,20,Sun,19,0,corporation,sports,Male,3.75,7.5
173,94,MOBILE WEB,40,Thu,22,0,health_food,drama,Male,3.75,7.5
174,147,MOBILE WEB,40,Sat,13,0,drink,sports,Male,3.75,7.5
175,203,MOBILE WEB,40,Tue,9,0,food,entertainment,Female,3.75,7.5
176,90,MOBILE WEB,40,Sat,18,0,corporation,sports,Male,7.5,11.25
177,101,MOBILE WEB,50,Sat,13,0,drink,sports,Male,3.75,7.5
178,72,PC WEB,50,Wed,16,1,drink,sports,Male,11.25,15
179,164,MOBILE WEB,30,Tue,9,0,drink,drama,Female,11.25,15
180,125,PC WEB,50,Fri,17,0,drink,sports,Male,3.75,7.5
181,70,MOBILE WEB,50,Wed,19,0,drink,sports,Male,3.75,7.5
182,262,MOBILE WEB,10,Fri,21,0,food,entertainment,Male,3.75,7.5
183,241,MOBILE APP,40,Sat,17,0,medicine,entertainment,Female,7.5,11.25
184,207,MOBILE WEB,20,Sun,21,1,electronics,entertainment,Female,11.25,15
185,206,MOBILE WEB,60,Fri,8,0,drink,sports,Female,3.75,7.5
186,67,MOBILE WEB,40,Sun,16,0,drink,sports,Male,7.5,11.25
187,159,MOBILE WEB,40,Thu,20,0,health_food,entertainment,Male,3.75,7.5
188,64,MOBILE WEB,40,Mon,6,0,corporation,sports,Male,0,3.75
189,134,MOBILE WEB,30,Mon,3,0,electronics,entertainment,Male,3.75,7.5
190,252,MOBILE WEB,20,Thu,21,0,health_food,entertainment,Female,3.75,7.5
191,163,MOBILE WEB,20,Thu,23,0,food,drama,Female,3.75,7.5
192,67,MOBILE WEB,10,Sun,13,0,drink,sports,Male,3.75,7.5
193,327,MOBILE WEB,40,Sun,14,1,drink,sports,Male,11.25,15
194,72,MOBILE WEB,40,Mon,9,0,corporation,sports,Male,0,3.75
195,193,MOBILE WEB,30,Tue,14,0,food,entertainment,Female,11.25,15
196,180,MOBILE WEB,10,Mon,20,1,government,entertainment,Male,11.25,15
197,73,MOBILE WEB,50,Fri,11,0,corporation,sports,Male,0,3.75
198,114,MOBILE WEB,20,Mon,0,0,food,entertainment,Female,3.75,7.5
199,135,MOBILE WEB,30,Thu,22,0,health_food,entertainment,Female,3.75,7.5
200,141,MOBILE WEB,40,Sat,1,0,electronics,entertainment,Female,3.75,7.5
201,70,PC WEB,50,Tue,16,0,drink,sports,Male,0,3.75
202,154,PC WEB,30,Sat,16,1,education,entertainment,Male,11.25,15
203,525,MOBILE WEB,50,Sun,11,0,corporation,sports,Male,3.75,7.5
204,265,PC WEB,50,Sat,10,0,drink,entertainment,Female,0,3.75
205,130,MOBILE WEB,30,Tue,13,0,drink,sports,Male,11.25,15
206,61,MOBILE WEB,30,Wed,15,0,corporation,sports,Male,7.5,11.25
207,97,MOBILE WEB,50,Wed,12,0,electronics,sports,Male,11.25,15
208,271,MOBILE WEB,10,Fri,0,0,food,drama,Female,3.75,7.5
209,64,MOBILE WEB,10,Tue,20,0,medicine,entertainment,Female,3.75,7.5
210,61,PC WEB,40,Tue,22,0,drink,sports,Male,3.75,7.5
211,60,MOBILE WEB,30,Sat,13,0,drink,sports,Male,7.5,11.25
212,160,MOBILE WEB,10,Mon,20,0,education,entertainment,Female,3.75,7.5
213,169,MOBILE WEB,40,Wed,15,0,health_food,entertainment,Female,3.75,7.5
214,85,MOBILE WEB,30,Tue,14,0,movie,current_affairs,Female,3.75,7.5
215,265,MOBILE WEB,50,Tue,15,1,health_food,entertainment,Female,11.25,15
216,96,PC WEB,40,Wed,13,0,corporation,sports,Male,0,3.75
217,147,MOBILE WEB,40,Sat,14,0,drink,sports,Female,7.5,11.25
218,74,MOBILE WEB,40,Fri,19,0,corporation,sports,Male,7.5,11.25
219,99,MOBILE WEB,50,Thu,12,1,drink,sports,Male,11.25,15
220,183,MOBILE WEB,30,Fri,18,0,drink,entertainment,Female,7.5,11.25
221,164,MOBILE WEB,10,Sun,19,0,education,entertainment,Male,3.75,7.5
222,144,MOBILE WEB,40,Sat,0,1,movie,entertainment,Female,11.25,15
223,190,MOBILE WEB,30,Mon,18,0,health_food,entertainment,Female,3.75,7.5
224,64,MOBILE WEB,30,Tue,12,0,drink,sports,Male,3.75,7.5
225,112,MOBILE WEB,40,Fri,10,0,electronics,drama,Female,3.75,7.5
226,61,PC WEB,30,Sun,14,1,drink,sports,Male,11.25,15
227,187,MOBILE WEB,40,Mon,22,0,government,entertainment,Female,3.75,7.5
228,125,MOBILE WEB,20,Mon,18,0,drink,sports,Male,3.75,7.5
229,79,MOBILE WEB,40,Sat,15,0,corporation,sports,Male,3.75,7.5
230,85,MOBILE WEB,50,Fri,10,0,corporation,sports,Male,0,3.75
231,241,MOBILE WEB,30,Tue,19,1,drink,sports,Male,11.25,15
232,67,PC WEB,40,Wed,7,1,corporation,sports,Female,11.25,15
233,232,MOBILE WEB,40,Fri,2,0,drink,drama,Female,3.75,7.5
234,128,MOBILE WEB,40,Wed,9,0,corporation,entertainment,Female,3.75,7.5
235,118,MOBILE WEB,30,Fri,13,0,food,drama,Female,3.75,7.5
236,185,MOBILE WEB,50,Mon,11,0,electronics,drama,Female,0,3.75
237,96,MOBILE WEB,20,Sat,22,0,movie,drama,Female,3.75,7.5
238,241,MOBILE WEB,10,Sat,0,0,electronics,entertainment,Female,3.75,7.5
239,193,MOBILE WEB,20,Mon,20,0,food,entertainment,Female,3.75,7.5
240,68,MOBILE WEB,40,Fri,12,0,drink,sports,Male,11.25,15
241,66,MOBILE WEB,40,Sat,13,1,drink,sports,Male,11.25,15
242,160,MOBILE WEB,20,Tue,22,0,drink,music,Male,7.5,11.25
243,175,PC WEB,50,Mon,19,0,pet,drama,Female,3.75,7.5
244,72,PC WEB,40,Mon,9,0,drink,sports,Male,3.75,7.5
245,99,MOBILE WEB,30,Thu,12,0,drink,sports,Male,3.75,7.5
246,201,MOBILE WEB,30,Tue,18,0,government,entertainment,Female,11.25,15
247,122,MOBILE WEB,40,Mon,9,0,movie,entertainment,Female,7.5,11.25
248,200,MOBILE WEB,20,Wed,22,0,drink,entertainment,Female,3.75,7.5
249,157,MOBILE APP,10,Wed,0,0,government,entertainment,Female,3.75,7.5
250,302,MOBILE WEB,20,Tue,7,0,education,drama,Female,7.5,11.25
251,196,MOBILE WEB,20,Tue,20,0,food,entertainment,Female,3.75,7.5
252,158,MOBILE WEB,30,Fri,3,0,food,entertainment,Male,3.75,7.5
253,101,MOBILE WEB,30,Mon,3,0,movie,entertainment,Female,7.5,11.25
254,152,MOBILE WEB,40,Fri,7,0,man,entertainment,Male,3.75,7.5
255,73,MOBILE WEB,30,Tue,7,0,pet,entertainment,Female,11.25,15
256,93,PC WEB,40,Wed,15,1,drink,sports,Male,11.25,15
257,172,MOBILE WEB,20,Wed,22,0,electronics,entertainment,Female,3.75,7.5
258,65,MOBILE WEB,40,Tue,11,0,food,sports,Male,3.75,7.5
259,112,MOBILE WEB,30,Sun,21,1,health_food,drama,Female,11.25,15
260,121,MOBILE WEB,40,Sun,15,0,corporation,sports,Male,0,3.75
261,104,MOBILE WEB,20,Thu,17,0,woman,drama,Female,3.75,7.5
262,237,MOBILE WEB,30,Sat,16,1,drink,sports,Male,11.25,15
263,165,MOBILE WEB,40,Sun,13,0,health_food,entertainment,Male,11.25,15
264,170,MOBILE WEB,40,Sat,10,0,food,entertainment,Female,3.75,7.5
265,72,MOBILE WEB,30,Wed,11,1,drink,sports,Male,11.25,15
266,146,PC WEB,30,Thu,18,0,health_food,drama,Female,3.75,7.5
267,70,MOBILE WEB,40,Mon,0,0,movie,drama,Female,3.75,7.5
268,172,MOBILE WEB,40,Fri,7,0,food,drama,Male,3.75,7.5
269,99,MOBILE WEB,30,Wed,11,0,corporation,entertainment,Female,3.75,7.5
270,105,MOBILE WEB,20,Tue,0,1,health_food,entertainment,Female,11.25,15
271,108,MOBILE WEB,40,Sat,13,0,electronics,entertainment,Male,3.75,7.5
272,220,MOBILE WEB,30,Wed,0,0,education,drama,Female,7.5,11.25
273,209,MOBILE APP,10,Sat,23,0,movie,music,Female,3.75,7.5
274,71,MOBILE WEB,20,Mon,0,0,food,drama,Female,7.5,11.25
275,164,MOBILE WEB,50,Mon,19,0,drink,drama,Female,3.75,7.5
276,192,MOBILE APP,20,Sat,12,0,corporation,entertainment,Female,3.75,7.5
277,125,MOBILE WEB,20,Fri,0,0,drink,entertainment,Male,3.75,7.5
278,79,MOBILE WEB,30,Sun,6,0,drink,sports,Male,7.5,11.25
279,67,MOBILE WEB,40,Sun,14,0,drink,sports,Male,3.75,7.5
280,94,MOBILE WEB,40,Fri,18,0,drink,drama,Female,7.5,11.25
281,218,MOBILE WEB,20,Tue,21,0,drink,sports,Male,3.75,7.5
282,236,MOBILE WEB,40,Wed,7,0,drink,entertainment,Female,0,3.75
283,142,MOBILE WEB,30,Wed,17,1,government,entertainment,Female,11.25,15
284,67,MOBILE WEB,30,Tue,13,1,corporation,sports,Male,11.25,15
285,123,MOBILE WEB,40,Mon,22,0,food,entertainment,Female,3.75,7.5
286,95,MOBILE WEB,30,Sun,9,0,education,drama,Female,3.75,7.5
287,72,MOBILE WEB,30,Wed,12,0,corporation,sports,Male,7.5,11.25
288,66,PC WEB,40,Mon,12,0,drink,sports,Male,3.75,7.5
289,132,MOBILE WEB,30,Sat,9,0,health_food,entertainment,Female,7.5,11.25
290,79,MOBILE WEB,60,Sun,14,0,drink,sports,Male,0,3.75
291,173,MOBILE WEB,40,Mon,0,0,food,entertainment,Female,3.75,7.5
292,180,MOBILE WEB,40,Fri,23,0,food,entertainment,Female,3.75,7.5
293,212,MOBILE WEB,50,Thu,15,0,drink,sports,Male,7.5,11.25
294,117,MOBILE WEB,60,Mon,9,0,corporation,sports,Male,7.5,11.25
295,232,MOBILE APP,10,Mon,22,0,government,entertainment,Female,3.75,7.5
296,98,MOBILE WEB,20,Sat,21,0,food,drama,Female,0,3.75
297,127,MOBILE WEB,20,Sat,20,0,health_food,entertainment,Female,3.75,7.5
298,688,PC WEB,30,Mon,14,1,drink,sports,Female,11.25,15
299,80,PC WEB,60,Thu,22,0,food,drama,Female,7.5,11.25
300,180,MOBILE WEB,30,Sun,5,1,government,entertainment,Female,11.25,15
301,61,MOBILE WEB,40,Sat,21,0,drink,drama,Female,7.5,11.25
302,151,MOBILE WEB,30,Tue,16,0,drink,entertainment,Male,3.75,7.5
303,65,MOBILE WEB,40,Sun,17,0,drink,sports,Male,3.75,7.5
304,213,MOBILE WEB,20,Thu,23,0,pet,drama,Female,7.5,11.25
305,110,MOBILE WEB,30,Mon,23,0,drink,entertainment,Male,3.75,7.5
306,185,MOBILE WEB,20,Wed,23,0,health_food,drama,Female,0,3.75
307,194,MOBILE WEB,30,Mon,8,0,government,entertainment,Female,11.25,15
308,323,MOBILE WEB,40,Tue,10,0,pet,sports,Male,3.75,7.5
309,64,MOBILE WEB,20,Tue,13,1,drink,sports,Female,11.25,15
310,152,MOBILE WEB,20,Sat,12,0,drink,sports,Male,3.75,7.5
311,265,MOBILE WEB,10,Mon,4,0,health_food,entertainment,Female,3.75,7.5
312,131,MOBILE WEB,30,Wed,16,1,drink,sports,Male,11.25,15
313,67,MOBILE WEB,50,Tue,13,0,corporation,sports,Male,7.5,11.25
314,194,MOBILE WEB,40,Mon,15,0,movie,entertainment,Female,3.75,7.5
315,194,MOBILE WEB,20,Mon,0,0,food,entertainment,Male,3.75,7.5
316,299,MOBILE WEB,50,Sun,10,1,drink,sports,Male,11.25,15
317,80,MOBILE WEB,10,Fri,14,0,health_food,entertainment,Female,0,3.75
318,147,MOBILE APP,30,Mon,0,0,food,entertainment,Female,7.5,11.25
319,114,MOBILE WEB,20,Wed,23,0,medicine,drama,Female,3.75,7.5
320,88,MOBILE WEB,30,Sat,11,0,health_food,sports,Male,3.75,7.5
321,67,MOBILE WEB,30,Thu,8,1,corporation,sports,Male,11.25,15
322,170,MOBILE WEB,30,Mon,7,0,drink,sports,Male,3.75,7.5
323,148,MOBILE WEB,30,Tue,11,0,government,drama,Female,3.75,7.5
324,152,MOBILE WEB,30,Mon,20,0,health_food,drama,Female,7.5,11.25
325,188,MOBILE WEB,30,Mon,10,0,health_food,drama,Male,3.75,7.5
326,64,MOBILE WEB,40,Tue,12,0,corporation,sports,Male,3.75,7.5
327,174,MOBILE APP,10,Tue,22,0,education,entertainment,Female,3.75,7.5
328,146,MOBILE WEB,30,Tue,23,0,drink,information,Female,3.75,7.5
329,176,MOBILE WEB,30,Fri,8,0,medicine,drama,Female,3.75,7.5
330,93,MOBILE WEB,30,Thu,12,0,drink,sports,Male,3.75,7.5
331,105,MOBILE WEB,50,Tue,21,0,corporation,entertainment,Male,3.75,7.5
332,112,MOBILE WEB,20,Mon,1,0,electronics,entertainment,Male,3.75,7.5
333,72,MOBILE WEB,30,Wed,14,0,corporation,sports,Male,3.75,7.5
334,182,MOBILE WEB,10,Mon,11,0,health_food,drama,Female,3.75,7.5
335,93,MOBILE WEB,30,Sun,15,0,movie,entertainment,Female,3.75,7.5
336,174,MOBILE WEB,40,Tue,13,0,corporation,sports,Male,3.75,7.5
337,116,MOBILE WEB,30,Sat,17,0,corporation,sports,Male,3.75,7.5
338,154,MOBILE WEB,10,Tue,18,0,man,entertainment,Male,3.75,7.5
339,72,MOBILE WEB,30,Wed,12,1,drink,sports,Male,11.25,15
340,145,MOBILE WEB,10,Mon,10,0,movie,entertainment,Female,3.75,7.5
341,145,MOBILE WEB,40,Sun,14,1,food,entertainment,Female,11.25,15
342,532,MOBILE WEB,30,Fri,14,0,drink,sports,Male,3.75,7.5
343,166,MOBILE APP,20,Tue,6,0,medicine,entertainment,Female,7.5,11.25
344,96,MOBILE WEB,30,Wed,19,1,drink,sports,Male,11.25,15
345,204,MOBILE APP,10,Sat,20,0,woman,entertainment,Female,3.75,7.5
346,133,MOBILE WEB,60,Mon,10,1,health_food,drama,Female,11.25,15
347,311,MOBILE WEB,20,Sun,13,0,drink,music,Male,3.75,7.5
348,177,MOBILE WEB,20,Sun,14,0,movie,entertainment,Female,0,3.75
349,117,MOBILE WEB,30,Wed,21,0,electronics,drama,Female,3.75,7.5
350,101,MOBILE WEB,30,Sat,14,0,drink,sports,Male,3.75,7.5
351,163,MOBILE WEB,30,Sat,20,0,health_food,entertainment,Male,3.75,7.5
352,72,PC WEB,50,Wed,16,0,corporation,sports,Male,0,3.75
353,141,MOBILE WEB,10,Mon,7,0,food,drama,Male,3.75,7.5
354,316,MOBILE WEB,10,Wed,0,0,food,entertainment,Female,7.5,11.25
355,280,MOBILE WEB,30,Thu,23,1,drink,entertainment,Female,11.25,15
356,257,PC WEB,20,Fri,17,0,drink,entertainment,Male,3.75,7.5
357,79,MOBILE WEB,50,Mon,7,0,drink,sports,Male,3.75,7.5
358,217,MOBILE WEB,30,Mon,22,0,drink,drama,Female,3.75,7.5
359,254,MOBILE WEB,30,Sat,19,0,food,music,Female,0,3.75
360,419,MOBILE WEB,30,Tue,10,0,drink,sports,Male,0,3.75
361,117,MOBILE WEB,40,Mon,22,0,drink,drama,Female,0,3.75
362,79,MOBILE WEB,40,Thu,23,0,education,drama,Female,3.75,7.5
363,532,MOBILE WEB,20,Fri,16,0,food,sports,Male,3.75,7.5
364,250,MOBILE WEB,20,Tue,13,0,food,entertainment,Male,3.75,7.5
365,323,MOBILE WEB,20,Tue,11,0,corporation,sports,Male,3.75,7.5
366,113,MOBILE WEB,10,Fri,12,0,food,entertainment,Female,7.5,11.25
367,62,MOBILE WEB,40,Tue,9,0,drink,sports,Female,3.75,7.5
368,147,MOBILE WEB,20,Mon,16,0,food,entertainment,Female,3.75,7.5
369,178,PC WEB,50,Mon,13,0,food,drama,Female,3.75,7.5
370,162,MOBILE WEB,30,Sat,1,0,food,entertainment,Female,7.5,11.25
371,123,MOBILE WEB,40,Thu,19,0,food,drama,Male,3.75,7.5
372,746,MOBILE WEB,30,Fri,20,0,corporation,sports,Male,3.75,7.5
373,202,MOBILE WEB,60,Mon,12,1,government,music,Female,11.25,15
374,64,MOBILE WEB,30,Tue,12,0,corporation,sports,Male,3.75,7.5
375,98,MOBILE WEB,10,Tue,10,0,corporation,sports,Male,3.75,7.5
376,141,MOBILE WEB,50,Sun,21,1,food,entertainment,Female,11.25,15
377,75,MOBILE WEB,50,Thu,12,0,drink,sports,Male,0,3.75
378,174,MOBILE WEB,20,Fri,0,0,drink,entertainment,Female,3.75,7.5
379,112,MOBILE WEB,50,Sat,14,1,finance,sports,Male,11.25,15
380,100,MOBILE WEB,40,Sat,18,1,drink,sports,Male,11.25,15
381,125,MOBILE WEB,40,Thu,15,0,drink,entertainment,Male,3.75,7.5
382,132,MOBILE WEB,30,Fri,18,0,corporation,sports,Male,3.75,7.5
383,694,MOBILE WEB,40,Tue,19,0,drink,sports,Male,3.75,7.5
384,144,MOBILE WEB,50,Sat,11,0,food,entertainment,Male,0,3.75
385,192,MOBILE WEB,40,Sat,14,0,corporation,sports,Male,0,3.75
386,236,MOBILE APP,10,Sun,2,0,drink,music,Female,0,3.75
387,154,MOBILE WEB,50,Sat,14,0,corporation,sports,Male,3.75,7.5
388,103,MOBILE WEB,30,Mon,21,0,drink,sports,Male,3.75,7.5
389,67,MOBILE WEB,30,Tue,12,0,corporation,sports,Male,3.75,7.5
390,125,PC WEB,20,Thu,23,1,drink,sports,Male,11.25,15
391,160,MOBILE WEB,10,Mon,9,0,health_food,entertainment,Female,0,3.75
392,81,MOBILE WEB,40,Thu,23,1,corporation,entertainment,Female,11.25,15
393,119,MOBILE WEB,40,Sun,12,0,food,entertainment,Female,3.75,7.5
394,627,MOBILE WEB,30,Sat,18,0,corporation,sports,Male,3.75,7.5
395,239,MOBILE WEB,40,Fri,0,0,health_food,drama,Female,3.75,7.5
396,271,MOBILE WEB,30,Fri,13,0,food,drama,Female,0,3.75
397,118,MOBILE WEB,30,Fri,19,0,corporation,sports,Male,3.75,7.5
398,102,PC WEB,40,Mon,10,0,corporation,sports,Male,7.5,11.25
399,82,MOBILE WEB,50,Mon,23,0,drink,entertainment,Male,3.75,7.5
400,72,MOBILE WEB,30,Wed,15,1,drink,sports,Male,11.25,15
401,314,MOBILE WEB,40,Sun,7,1,movie,entertainment,Female,11.25,15
402,225,MOBILE WEB,30,Wed,12,0,drink,entertainment,Female,3.75,7.5
403,153,MOBILE WEB,60,Fri,7,0,government,entertainment,Female,3.75,7.5
404,65,MOBILE WEB,20,Tue,11,1,drink,sports,Male,11.25,15
405,189,MOBILE WEB,30,Sat,12,0,food,entertainment,Female,3.75,7.5
406,100,MOBILE APP,50,Sat,20,1,drink,sports,Male,11.25,15
407,67,MOBILE WEB,40,Sat,15,0,corporation,sports,Male,3.75,7.5
408,107,MOBILE WEB,40,Tue,18,1,drink,sports,Male,11.25,15
409,81,MOBILE WEB,30,Sat,23,0,drink,music,Female,3.75,7.5
410,143,MOBILE WEB,20,Tue,20,0,government,drama,Female,3.75,7.5
411,786,MOBILE WEB,40,Sat,18,0,corporation,sports,Male,3.75,7.5
412,154,MOBILE WEB,40,Sat,13,0,drink,sports,Female,0,3.75
413,124,MOBILE WEB,50,Sun,23,0,drink,entertainment,Male,3.75,7.5
414,126,PC WEB,30,Tue,8,0,drink,sports,Male,7.5,11.25
415,171,MOBILE WEB,20,Tue,22,0,movie,entertainment,Male,3.75,7.5
416,67,MOBILE WEB,30,Sun,11,0,corporation,sports,Male,3.75,7.5
417,179,MOBILE WEB,40,Sat,11,0,health_food,entertainment,Male,0,3.75
418,131,PC WEB,40,Wed,17,1,drink,sports,Male,11.25,15
419,151,MOBILE WEB,20,Thu,17,0,food,entertainment,Female,7.5,11.25
420,124,MOBILE WEB,30,Tue,13,0,pet,entertainment,Female,3.75,7.5
421,228,MOBILE APP,10,Thu,18,1,food,entertainment,Female,11.25,15
422,161,MOBILE WEB,30,Fri,13,0,drink,sports,Male,3.75,7.5
423,443,MOBILE WEB,10,Sun,22,0,drink,sports,Male,3.75,7.5
424,100,MOBILE WEB,30,Sun,23,0,health_food,entertainment,Male,7.5,11.25
425,80,MOBILE WEB,30,Tue,14,0,corporation,sports,Male,3.75,7.5
426,88,MOBILE WEB,40,Sat,14,0,drink,sports,Male,3.75,7.5
427,61,MOBILE WEB,40,Sun,21,0,drink,drama,Female,0,3.75
428,77,MOBILE WEB,50,Mon,23,0,food,drama,Female,0,3.75
429,621,MOBILE WEB,30,Sun,17,1,drink,sports,Male,11.25,15
430,159,MOBILE WEB,30,Fri,11,0,medicine,drama,Female,3.75,7.5
431,145,MOBILE WEB,20,Sat,22,0,health_food,entertainment,Female,3.75,7.5
432,100,MOBILE WEB,40,Tue,19,1,drink,sports,Male,11.25,15
433,419,MOBILE WEB,50,Tue,11,0,drink,sports,Male,0,3.75
434,213,MOBILE WEB,20,Mon,9,1,pet,drama,Female,11.25,15
435,67,MOBILE WEB,40,Sun,13,0,woman,sports,Male,11.25,15
436,166,MOBILE WEB,40,Thu,16,1,government,entertainment,Female,11.25,15
437,150,MOBILE WEB,30,Thu,16,0,food,information,Female,3.75,7.5
438,127,MOBILE APP,20,Wed,12,0,corporation,sports,Male,3.75,7.5
439,202,MOBILE WEB,30,Tue,22,0,food,entertainment,Male,3.75,7.5
440,173,MOBILE WEB,20,Thu,22,1,government,drama,Female,11.25,15
441,171,MOBILE WEB,10,Sun,14,0,corporation,sports,Female,0,3.75
442,81,MOBILE WEB,40,Mon,13,0,corporation,sports,Male,3.75,7.5
443,104,PC WEB,40,Wed,12,1,corporation,sports,Male,11.25,15
444,111,MOBILE WEB,40,Sat,21,0,health_food,entertainment,Male,3.75,7.5
445,181,MOBILE WEB,50,Mon,10,1,movie,entertainment,Female,11.25,15
446,105,MOBILE WEB,20,Mon,23,0,medicine,drama,Female,11.25,15
447,99,MOBILE WEB,40,Thu,12,0,health_food,sports,Male,3.75,7.5
448,138,MOBILE WEB,50,Thu,7,0,drink,sports,Male,3.75,7.5
449,163,MOBILE WEB,40,Sat,16,0,food,entertainment,Female,7.5,11.25
450,86,MOBILE WEB,20,Fri,12,0,drink,sports,Female,7.5,11.25
451,72,MOBILE WEB,40,Wed,13,1,drink,sports,Male,11.25,15
452,123,MOBILE WEB,30,Fri,22,0,food,entertainment,Female,0,3.75
453,124,MOBILE WEB,30,Sun,9,0,health_food,drama,Male,7.5,11.25
454,709,PC WEB,30,Sat,15,0,drink,sports,Male,3.75,7.5
455,201,MOBILE WEB,20,Sun,13,0,movie,drama,Female,3.75,7.5
456,361,MOBILE WEB,20,Thu,18,1,health_food,music,Female,11.25,15
457,246,MOBILE WEB,20,Wed,23,0,movie,drama,Female,0,3.75
458,159,MOBILE WEB,30,Fri,19,0,drink,sports,Male,3.75,7.5
459,127,MOBILE WEB,30,Thu,15,0,drink,drama,Female,3.75,7.5
460,182,MOBILE WEB,30,Wed,17,0,food,entertainment,Female,7.5,11.25
461,190,MOBILE WEB,20,Sun,9,0,drink,entertainment,Male,7.5,11.25
462,60,MOBILE WEB,50,Sat,13,1,drink,sports,Male,11.25,15
463,136,MOBILE WEB,30,Thu,11,0,health_food,entertainment,Female,7.5,11.25
464,196,MOBILE WEB,50,Tue,12,0,government,entertainment,Female,0,3.75
465,118,PC WEB,20,Sat,0,1,government,drama,Female,11.25,15
466,289,MOBILE WEB,30,Wed,13,0,movie,entertainment,Female,3.75,7.5
467,251,MOBILE WEB,30,Wed,8,1,corporation,entertainment,Female,11.25,15
468,332,MOBILE WEB,30,Mon,23,0,drink,music,Male,11.25,15
469,93,PC WEB,60,Sun,21,0,corporation,sports,Male,3.75,7.5
470,153,MOBILE WEB,30,Thu,20,0,food,drama,Female,0,3.75
471,193,MOBILE WEB,50,Sun,20,0,drink,entertainment,Female,3.75,7.5
472,435,PC WEB,40,Tue,19,1,drink,sports,Female,11.25,15
473,177,MOBILE WEB,30,Sat,23,1,movie,entertainment,Male,11.25,15
474,92,PC WEB,30,Mon,3,0,food,drama,Female,3.75,7.5
475,61,MOBILE WEB,30,Sat,14,0,drink,sports,Male,3.75,7.5
476,65,MOBILE WEB,40,Tue,14,0,government,sports,Male,3.75,7.5
477,188,MOBILE WEB,50,Sun,22,0,health_food,entertainment,Female,3.75,7.5
478,226,MOBILE WEB,30,Sun,10,0,electronics,drama,Female,7.5,11.25
479,163,MOBILE WEB,30,Tue,11,0,food,entertainment,Male,3.75,7.5
480,214,MOBILE WEB,20,Fri,15,0,drink,drama,Female,0,3.75
481,152,MOBILE WEB,30,Sat,12,0,drink,sports,Male,3.75,7.5
482,184,MOBILE WEB,50,Sat,22,0,education,drama,Female,0,3.75
483,89,PC WEB,30,Thu,11,1,drink,sports,Male,11.25,15
484,125,MOBILE WEB,30,Thu,20,0,movie,sports,Male,3.75,7.5
485,80,MOBILE WEB,30,Fri,9,0,drink,sports,Male,7.5,11.25
486,160,MOBILE WEB,10,Thu,11,0,movie,drama,Female,3.75,7.5
487,88,MOBILE WEB,50,Sat,13,0,drink,sports,Male,3.75,7.5
488,140,MOBILE WEB,40,Wed,10,0,drink,entertainment,Female,3.75,7.5
489,284,MOBILE WEB,20,Sat,13,0,food,sports,Male,3.75,7.5
490,130,MOBILE WEB,30,Wed,13,0,food,drama,Female,3.75,7.5
491,144,MOBILE WEB,30,Sat,10,0,health_food,entertainment,Female,7.5,11.25
492,185,MOBILE APP,30,Sat,0,0,food,entertainment,Female,3.75,7.5
493,651,PC WEB,30,Sat,19,1,drink,sports,Female,11.25,15
494,203,MOBILE WEB,40,Thu,16,0,pet,drama,Female,7.5,11.25
495,81,MOBILE WEB,30,Wed,2,0,corporation,entertainment,Female,3.75,7.5
496,119,MOBILE WEB,10,Fri,19,0,woman,entertainment,Female,11.25,15
497,181,MOBILE WEB,40,Mon,15,1,woman,entertainment,Female,11.25,15
498,101,MOBILE WEB,30,Sat,13,0,government,sports,Male,11.25,15
499,297,PC WEB,20,Sun,17,0,food,music,Female,7.5,11.25
500,78,MOBILE WEB,20,Sat,16,1,drink,sports,Male,11.25,15
501,82,MOBILE WEB,20,Mon,6,0,food,entertainment,Female,3.75,7.5
502,244,MOBILE WEB,20,Mon,18,0,government,entertainment,Male,7.5,11.25
503,201,MOBILE WEB,10,Sun,17,0,food,entertainment,Male,3.75,7.5
504,117,MOBILE WEB,50,Wed,0,1,pet,current_affairs,Male,11.25,15
505,93,MOBILE WEB,30,Sun,8,0,corporation,sports,Male,7.5,11.25
506,62,MOBILE WEB,30,Sun,19,0,food,sports,Male,3.75,7.5
507,159,MOBILE WEB,30,Sun,19,0,drink,drama,Female,3.75,7.5
508,82,MOBILE WEB,30,Wed,23,0,corporation,entertainment,Female,3.75,7.5
509,81,MOBILE APP,10,Fri,16,0,food,entertainment,Female,0,3.75
510,95,MOBILE WEB,40,Tue,18,0,food,entertainment,Female,3.75,7.5
511,162,MOBILE WEB,40,Sat,0,0,health_food,entertainment,Female,3.75,7.5
512,33,MOBILE WEB,30,Mon,23,0,drink,entertainment,Female,3.75,7.5
513,627,MOBILE WEB,30,Sat,17,1,drink,sports,Male,11.25,15
514,239,MOBILE WEB,50,Mon,8,1,health_food,entertainment,Female,11.25,15
515,181,MOBILE WEB,50,Thu,23,0,health_food,entertainment,Female,3.75,7.5
516,60,MOBILE WEB,40,Tue,14,0,corporation,sports,Female,3.75,7.5
517,127,MOBILE WEB,40,Thu,16,0,woman,entertainment,Female,0,3.75
518,71,MOBILE WEB,30,Tue,10,0,drink,entertainment,Female,11.25,15
519,278,MOBILE WEB,10,Sat,8,0,movie,entertainment,Female,3.75,7.5
520,271,MOBILE WEB,20,Thu,23,0,education,drama,Female,3.75,7.5
521,73,PC WEB,50,Tue,17,1,drink,sports,Male,11.25,15
522,106,MOBILE WEB,30,Mon,23,1,drink,drama,Female,11.25,15
523,106,MOBILE WEB,40,Mon,11,0,corporation,sports,Male,7.5,11.25
524,164,MOBILE APP,10,Sat,2,0,health_food,music,Female,3.75,7.5
525,477,PC WEB,30,Fri,11,1,drink,sports,Male,11.25,15
526,110,MOBILE WEB,30,Thu,0,0,man,sports,Male,0,3.75
527,72,PC WEB,50,Wed,14,1,drink,sports,Male,11.25,15
528,173,MOBILE WEB,30,Thu,0,0,food,entertainment,Female,11.25,15
529,627,MOBILE WEB,50,Sat,19,0,corporation,sports,Female,7.5,11.25
530,200,MOBILE WEB,30,Sun,18,0,food,entertainment,Female,3.75,7.5
531,97,MOBILE WEB,50,Tue,23,0,health_food,entertainment,Male,3.75,7.5
532,184,MOBILE WEB,40,Thu,19,0,health_food,entertainment,Female,3.75,7.5
533,188,MOBILE WEB,20,Thu,23,0,food,entertainment,Female,3.75,7.5
534,107,MOBILE WEB,40,Tue,20,1,drink,sports,Male,11.25,15
535,213,MOBILE WEB,40,Wed,11,0,drink,sports,Male,3.75,7.5
536,181,MOBILE WEB,30,Sun,12,1,drink,drama,Male,11.25,15
537,198,MOBILE WEB,20,Sat,10,0,drink,entertainment,Female,7.5,11.25
538,232,MOBILE WEB,30,Sat,7,0,government,entertainment,Female,3.75,7.5
539,409,MOBILE WEB,40,Wed,19,0,pet,sports,Male,3.75,7.5
540,288,MOBILE WEB,30,Fri,18,0,drink,drama,Female,3.75,7.5
541,76,MOBILE WEB,30,Fri,14,0,corporation,sports,Male,3.75,7.5
542,138,MOBILE WEB,20,Mon,20,0,education,drama,Female,3.75,7.5
543,143,MOBILE WEB,50,Fri,12,0,drink,sports,Male,0,3.75
544,500,MOBILE WEB,30,Fri,17,1,drink,sports,Male,11.25,15
545,72,MOBILE WEB,50,Wed,13,1,drink,sports,Male,11.25,15
546,101,MOBILE WEB,50,Sat,12,0,drink,sports,Male,7.5,11.25
547,182,MOBILE WEB,30,Fri,8,0,food,entertainment,Female,3.75,7.5
548,116,MOBILE WEB,40,Sat,14,0,corporation,sports,Female,3.75,7.5
549,67,MOBILE WEB,30,Tue,20,1,drink,sports,Male,11.25,15
550,99,MOBILE WEB,30,Thu,12,1,drink,sports,Male,11.25,15
551,79,MOBILE WEB,50,Sun,6,0,drink,sports,Male,3.75,7.5
552,216,MOBILE WEB,40,Sat,13,0,food,entertainment,Female,3.75,7.5
553,156,MOBILE WEB,10,Thu,23,0,drink,entertainment,Male,3.75,7.5
554,280,MOBILE WEB,50,Fri,23,0,food,entertainment,Female,3.75,7.5
555,101,MOBILE WEB,40,Sun,18,0,drink,drama,Female,7.5,11.25
556,237,MOBILE WEB,10,Sat,19,1,drink,sports,Male,11.25,15
557,133,PC WEB,10,Thu,0,0,medicine,entertainment,Female,0,3.75
558,68,MOBILE WEB,40,Sat,0,0,corporation,entertainment,Female,0,3.75
559,124,MOBILE WEB,20,Sat,21,0,health_food,entertainment,Male,7.5,11.25
560,164,MOBILE WEB,40,Wed,0,0,food,entertainment,Female,3.75,7.5
561,153,MOBILE WEB,20,Mon,18,0,health_food,entertainment,Female,3.75,7.5
562,127,MOBILE WEB,50,Tue,22,1,drink,sports,Male,11.25,15
563,81,MOBILE WEB,20,Sat,18,0,movie,entertainment,Female,3.75,7.5
564,77,MOBILE WEB,40,Tue,21,0,health_food,information,Female,7.5,11.25
565,208,MOBILE WEB,50,Tue,16,1,electronics,entertainment,Male,11.25,15
566,261,MOBILE WEB,10,Sat,22,0,government,music,Female,7.5,11.25
567,99,MOBILE WEB,30,Thu,12,0,drink,sports,Male,3.75,7.5
568,61,MOBILE WEB,20,Sun,17,1,drink,sports,Male,11.25,15
569,275,MOBILE WEB,40,Mon,8,1,education,drama,Female,11.25,15
570,237,MOBILE WEB,30,Mon,10,0,health_food,entertainment,Male,7.5,11.25
571,119,MOBILE WEB,10,Mon,22,0,drink,entertainment,Female,0,3.75
572,147,MOBILE WEB,40,Mon,13,0,food,entertainment,Female,7.5,11.25
573,202,MOBILE WEB,30,Sun,17,0,drink,drama,Male,3.75,7.5
574,146,PC WEB,20,Tue,17,0,drink,information,Female,3.75,7.5
575,140,MOBILE WEB,20,Mon,13,0,health_food,drama,Female,3.75,7.5
576,99,MOBILE WEB,40,Thu,12,0,corporation,sports,Male,0,3.75
577,99,MOBILE WEB,60,Thu,12,0,drink,sports,Male,3.75,7.5
578,74,MOBILE WEB,40,Fri,16,0,corporation,sports,Male,3.75,7.5
579,159,MOBILE WEB,60,Sun,11,1,government,entertainment,Female,11.25,15
580,276,MOBILE WEB,30,Sun,10,0,drink,drama,Female,3.75,7.5
581,67,MOBILE WEB,50,Sun,11,0,corporation,sports,Male,7.5,11.25
582,118,MOBILE WEB,30,Fri,0,0,food,drama,Female,3.75,7.5
583,88,MOBILE WEB,30,Sat,12,0,drink,sports,Male,3.75,7.5
584,183,PC WEB,30,Mon,11,0,pet,entertainment,Male,11.25,15
585,161,MOBILE WEB,50,Sat,7,0,drink,entertainment,Female,3.75,7.5
586,126,MOBILE WEB,40,Sat,18,0,drink,sports,Male,3.75,7.5
587,64,MOBILE APP,30,Thu,19,1,food,drama,Female,11.25,15
588,384,MOBILE WEB,30,Tue,12,1,drink,sports,Male,11.25,15
589,106,MOBILE WEB,50,Mon,21,0,drink,sports,Male,3.75,7.5
590,112,MOBILE WEB,20,Sat,14,0,drink,sports,Male,3.75,7.5
591,175,PC WEB,20,Sun,13,0,medicine,drama,Female,0,3.75
592,294,MOBILE WEB,30,Sat,22,0,food,entertainment,Female,3.75,7.5
593,205,MOBILE APP,20,Tue,19,0,drink,entertainment,Female,11.25,15
594,96,MOBILE WEB,40,Thu,17,1,drink,sports,Male,11.25,15
595,101,MOBILE WEB,20,Sun,23,0,drink,entertainment,Male,7.5,11.25
596,178,MOBILE WEB,30,Sat,13,0,drink,entertainment,Female,0,3.75
597,169,MOBILE WEB,40,Thu,0,0,man,entertainment,Female,3.75,7.5
598,118,MOBILE WEB,40,Fri,20,0,corporation,sports,Male,0,3.75
599,152,MOBILE WEB,40,Sat,14,0,drink,sports,Male,3.75,7.5
600,162,MOBILE WEB,10,Sat,9,0,woman,entertainment,Female,3.75,7.5
601,150,MOBILE WEB,40,Mon,21,0,health_food,entertainment,Female,7.5,11.25
602,274,MOBILE WEB,20,Tue,20,0,food,entertainment,Female,3.75,7.5
603,128,MOBILE WEB,50,Sat,21,0,government,entertainment,Male,3.75,7.5
604,167,MOBILE WEB,30,Sat,8,0,drink,entertainment,Female,3.75,7.5
605,142,PC WEB,60,Wed,11,1,health_food,entertainment,Male,11.25,15
606,189,MOBILE WEB,10,Fri,12,0,woman,drama,Female,3.75,7.5
607,81,MOBILE APP,20,Fri,15,0,health_food,drama,Female,7.5,11.25
608,96,PC WEB,40,Wed,20,0,corporation,sports,Male,3.75,7.5
609,183,MOBILE WEB,30,Fri,11,0,movie,entertainment,Male,3.75,7.5
610,116,MOBILE WEB,20,Sun,15,0,health_food,entertainment,Female,7.5,11.25
611,195,MOBILE WEB,50,Wed,15,1,drink,sports,Male,11.25,15
612,121,MOBILE WEB,60,Sun,16,1,drink,sports,Male,11.25,15
613,65,MOBILE WEB,20,Tue,11,0,pet,sports,Female,3.75,7.5
614,97,MOBILE WEB,40,Tue,11,0,finance,sports,Male,3.75,7.5
615,175,MOBILE WEB,10,Thu,12,0,electronics,entertainment,Female,3.75,7.5
616,627,MOBILE WEB,30,Sat,17,1,drink,sports,Male,11.25,15
617,133,PC WEB,20,Wed,11,1,corporation,sports,Male,11.25,15
618,275,MOBILE WEB,40,Sat,1,0,education,entertainment,Female,3.75,7.5
619,110,MOBILE WEB,30,Wed,15,1,drink,sports,Male,11.25,15
620,127,MOBILE WEB,30,Tue,23,1,drink,sports,Male,11.25,15
621,144,MOBILE APP,10,Sat,17,0,education,entertainment,Female,3.75,7.5
622,141,MOBILE WEB,40,Sat,20,0,education,entertainment,Female,11.25,15
623,211,MOBILE WEB,40,Sun,8,0,health_food,sports,Male,3.75,7.5
624,68,MOBILE WEB,20,Fri,6,0,drink,entertainment,Female,0,3.75
625,185,MOBILE WEB,10,Sat,1,0,education,entertainment,Female,7.5,11.25
626,278,MOBILE WEB,40,Sat,23,1,drink,music,Female,11.25,15
627,206,MOBILE WEB,40,Thu,15,1,drink,sports,Male,11.25,15
628,101,MOBILE WEB,20,Sat,14,0,corporation,sports,Male,3.75,7.5
629,204,MOBILE WEB,30,Tue,13,0,drink,sports,Male,3.75,7.5
630,87,MOBILE WEB,30,Thu,21,0,health_food,entertainment,Female,7.5,11.25
631,167,MOBILE WEB,30,Sat,1,0,health_food,entertainment,Male,3.75,7.5
632,61,MOBILE WEB,40,Fri,12,0,drink,sports,Male,11.25,15
633,237,MOBILE WEB,40,Sat,16,1,drink,sports,Male,11.25,15
634,84,MOBILE WEB,30,Thu,11,0,drink,sports,Male,7.5,11.25
635,127,MOBILE WEB,40,Tue,22,1,drink,sports,Male,11.25,15
636,118,MOBILE WEB,30,Sun,22,1,electronics,entertainment,Female,11.25,15
637,232,MOBILE WEB,10,Thu,0,1,pet,entertainment,Female,11.25,15
638,140,MOBILE WEB,10,Sun,21,1,government,drama,Female,11.25,15
639,597,PC WEB,20,Sat,13,1,corporation,sports,Male,11.25,15
640,124,MOBILE WEB,30,Sat,7,0,food,entertainment,Female,11.25,15
641,82,MOBILE WEB,40,Thu,15,0,education,drama,Female,3.75,7.5
642,300,MOBILE WEB,30,Sun,23,0,food,drama,Female,3.75,7.5
643,89,MOBILE WEB,40,Thu,12,0,drink,sports,Female,7.5,11.25
644,267,MOBILE WEB,40,Fri,16,0,education,drama,Female,7.5,11.25
645,174,MOBILE WEB,40,Wed,0,0,government,entertainment,Female,3.75,7.5
646,203,MOBILE WEB,30,Mon,13,1,government,drama,Male,11.25,15
647,172,MOBILE WEB,40,Sat,23,0,food,drama,Female,3.75,7.5
648,163,MOBILE WEB,10,Mon,22,0,drink,entertainment,Female,0,3.75
649,96,MOBILE WEB,30,Wed,21,1,drink,sports,Female,11.25,15
650,205,MOBILE WEB,20,Mon,19,0,drink,entertainment,Female,0,3.75
651,61,MOBILE WEB,40,Sun,11,0,corporation,sports,Male,3.75,7.5
652,79,MOBILE APP,30,Sun,15,0,drink,sports,Male,3.75,7.5
653,258,MOBILE WEB,30,Mon,2,0,food,drama,Female,3.75,7.5
654,72,MOBILE WEB,40,Sun,14,0,corporation,sports,Male,3.75,7.5
655,99,MOBILE WEB,30,Thu,12,0,government,sports,Male,3.75,7.5
656,162,MOBILE WEB,20,Sat,6,0,food,entertainment,Female,11.25,15
657,72,MOBILE WEB,60,Wed,18,0,drink,sports,Male,3.75,7.5
658,146,MOBILE WEB,10,Thu,18,0,health_food,drama,Female,7.5,11.25
659,110,MOBILE WEB,60,Fri,16,0,electronics,drama,Female,3.75,7.5
660,159,MOBILE WEB,20,Mon,23,0,drink,entertainment,Female,3.75,7.5
661,212,MOBILE WEB,10,Thu,19,0,drink,music,Female,7.5,11.25
662,67,MOBILE WEB,40,Sun,17,0,drink,sports,Male,3.75,7.5
663,118,MOBILE WEB,30,Fri,20,0,corporation,sports,Male,3.75,7.5
664,167,MOBILE WEB,40,Sat,11,0,food,entertainment,Female,7.5,11.25
665,66,MOBILE WEB,50,Sun,19,1,drink,sports,Male,11.25,15
666,153,MOBILE WEB,30,Sun,22,0,drink,entertainment,Male,3.75,7.5
667,190,MOBILE WEB,30,Mon,0,0,health_food,entertainment,Female,7.5,11.25
668,167,MOBILE WEB,30,Sat,10,0,drink,entertainment,Female,7.5,11.25
669,97,MOBILE WEB,30,Tue,12,0,food,sports,Male,3.75,7.5
670,161,MOBILE WEB,20,Sat,0,0,pet,entertainment,Female,3.75,7.5
671,164,MOBILE WEB,30,Sun,16,0,health_food,entertainment,Male,3.75,7.5
672,154,MOBILE WEB,40,Mon,0,0,medicine,entertainment,Female,11.25,15
673,75,MOBILE WEB,20,Sun,12,0,health_food,sports,Male,3.75,7.5
674,65,MOBILE WEB,30,Wed,19,0,drink,sports,Male,0,3.75
675,125,MOBILE WEB,30,Mon,19,0,drink,sports,Male,3.75,7.5
676,204,MOBILE WEB,40,Tue,15,0,drink,sports,Male,3.75,7.5
677,148,MOBILE WEB,30,Fri,20,0,health_food,entertainment,Female,0,3.75
678,153,MOBILE WEB,40,Fri,9,0,drink,entertainment,Female,7.5,11.25
679,110,MOBILE WEB,30,Sun,14,1,drink,entertainment,Male,11.25,15
680,99,MOBILE WEB,40,Mon,19,0,food,entertainment,Female,3.75,7.5
681,190,MOBILE WEB,20,Sat,1,0,drink,entertainment,Female,3.75,7.5
682,141,MOBILE WEB,30,Sun,13,0,food,current_affairs,Female,3.75,7.5
683,157,MOBILE WEB,30,Fri,17,0,food,entertainment,Female,0,3.75
684,127,MOBILE WEB,40,Tue,22,1,drink,sports,Male,11.25,15
685,145,PC WEB,40,Mon,11,1,education,drama,Female,11.25,15
686,226,MOBILE WEB,20,Sat,14,0,education,entertainment,Female,3.75,7.5
687,101,MOBILE WEB,40,Sun,22,0,drink,entertainment,Female,7.5,11.25
688,293,MOBILE WEB,20,Sun,23,0,food,entertainment,Male,7.5,11.25
689,159,PC WEB,30,Sat,1,0,pet,entertainment,Male,7.5,11.25
690,101,MOBILE WEB,50,Sat,12,0,drink,sports,Male,11.25,15
691,65,MOBILE WEB,50,Fri,11,0,drink,sports,Female,3.75,7.5
692,152,PC WEB,20,Fri,15,1,drink,entertainment,Female,11.25,15
693,219,MOBILE WEB,40,Thu,9,0,drink,drama,Female,3.75,7.5
694,265,MOBILE APP,10,Sun,20,0,health_food,entertainment,Female,3.75,7.5
695,235,MOBILE WEB,30,Fri,19,0,food,music,Female,3.75,7.5
696,110,MOBILE WEB,40,Tue,17,0,health_food,drama,Male,7.5,11.25
697,265,MOBILE WEB,30,Sat,8,0,food,entertainment,Female,3.75,7.5
698,152,MOBILE WEB,30,Tue,7,0,food,drama,Female,3.75,7.5
699,152,MOBILE WEB,30,Sat,14,0,drink,sports,Male,11.25,15
700,126,MOBILE WEB,30,Sat,18,0,drink,sports,Male,3.75,7.5
701,176,MOBILE WEB,30,Mon,22,0,electronics,drama,Male,3.75,7.5
702,193,MOBILE WEB,30,Mon,7,0,health_food,entertainment,Male,3.75,7.5
703,153,MOBILE WEB,30,Tue,11,0,food,music,Male,3.75,7.5
704,295,PC WEB,20,Mon,20,0,education,entertainment,Female,7.5,11.25
705,156,PC WEB,20,Thu,23,0,health_food,drama,Female,0,3.75
706,135,PC WEB,40,Sun,7,1,drink,entertainment,Male,11.25,15
707,84,PC WEB,30,Sat,15,1,drink,sports,Male,11.25,15
708,131,MOBILE WEB,50,Thu,17,1,health_food,entertainment,Female,11.25,15
709,63,MOBILE WEB,40,Tue,10,0,finance,sports,Female,0,3.75
710,163,MOBILE WEB,50,Fri,12,0,health_food,entertainment,Male,3.75,7.5
711,89,MOBILE WEB,20,Mon,20,0,food,entertainment,Male,3.75,7.5
712,419,MOBILE WEB,20,Tue,11,0,drink,sports,Male,3.75,7.5
713,143,MOBILE WEB,10,Sat,14,0,health_food,entertainment,Female,3.75,7.5
714,241,PC WEB,20,Tue,14,0,health_food,entertainment,Female,3.75,7.5
715,235,MOBILE WEB,50,Fri,19,0,government,music,Female,3.75,7.5
716,149,MOBILE WEB,20,Thu,19,0,medicine,entertainment,Female,7.5,11.25
717,116,MOBILE WEB,50,Mon,21,1,drink,sports,Male,11.25,15
718,236,MOBILE WEB,40,Tue,7,0,government,entertainment,Female,7.5,11.25
719,208,MOBILE WEB,30,Sat,15,0,drink,entertainment,Female,3.75,7.5
720,138,MOBILE WEB,40,Thu,6,0,corporation,sports,Male,3.75,7.5
721,284,MOBILE WEB,30,Sun,15,0,health_food,music,Female,0,3.75
722,125,MOBILE WEB,20,Sun,22,0,medicine,entertainment,Female,11.25,15
723,166,MOBILE WEB,50,Sun,8,0,food,entertainment,Female,3.75,7.5
724,79,MOBILE WEB,50,Thu,12,1,food,drama,Female,11.25,15
725,83,MOBILE WEB,30,Thu,20,0,drink,drama,Female,0,3.75
726,286,MOBILE WEB,10,Mon,23,0,food,entertainment,Female,3.75,7.5
727,65,MOBILE WEB,40,Tue,13,1,medicine,drama,Female,11.25,15
728,275,MOBILE APP,10,Sat,17,0,movie,entertainment,Female,3.75,7.5
729,106,MOBILE WEB,30,Mon,21,1,pet,drama,Male,11.25,15
730,140,MOBILE WEB,30,Mon,19,0,drink,information,Male,3.75,7.5
731,193,MOBILE WEB,40,Mon,9,0,health_food,entertainment,Female,11.25,15
732,126,MOBILE WEB,50,Tue,7,0,drink,sports,Male,3.75,7.5
733,61,MOBILE APP,30,Sun,13,0,corporation,sports,Male,3.75,7.5
734,212,MOBILE WEB,10,Sat,2,0,woman,entertainment,Female,3.75,7.5
735,145,MOBILE WEB,30,Thu,23,1,corporation,entertainment,Female,11.25,15
736,61,MOBILE WEB,30,Fri,13,0,drink,sports,Male,3.75,7.5
737,94,MOBILE WEB,40,Thu,22,0,health_food,drama,Female,3.75,7.5
738,177,MOBILE WEB,30,Thu,14,0,corporation,sports,Male,3.75,7.5
739,165,MOBILE WEB,20,Fri,0,0,government,entertainment,Female,3.75,7.5
740,116,MOBILE WEB,40,Sun,8,1,drink,sports,Male,11.25,15
741,234,MOBILE WEB,50,Mon,11,0,movie,music,Male,3.75,7.5
742,117,MOBILE WEB,40,Sun,10,1,health_food,drama,Male,11.25,15
743,64,MOBILE WEB,50,Fri,8,0,drink,sports,Male,3.75,7.5
744,145,MOBILE WEB,40,Mon,23,0,movie,entertainment,Male,3.75,7.5
745,786,MOBILE WEB,30,Sat,16,1,drink,sports,Male,11.25,15
746,80,MOBILE WEB,30,Tue,12,0,corporation,sports,Male,3.75,7.5
747,694,MOBILE WEB,20,Tue,18,0,drink,sports,Male,0,3.75
748,193,MOBILE WEB,50,Sun,19,1,drink,entertainment,Female,11.25,15
749,118,MOBILE WEB,30,Fri,19,0,drink,sports,Male,0,3.75
750,101,PC WEB,40,Sat,12,0,corporation,sports,Male,3.75,7.5
751,77,MOBILE WEB,40,Mon,21,0,drink,drama,Female,3.75,7.5
752,151,MOBILE WEB,20,Fri,19,0,food,entertainment,Female,3.75,7.5
753,688,PC WEB,30,Mon,16,0,drink,sports,Male,3.75,7.5
754,145,PC WEB,30,Fri,16,1,drink,sports,Male,11.25,15
755,800,MOBILE WEB,40,Sun,4,0,corporation,sports,Male,3.75,7.5
756,441,MOBILE WEB,40,Sat,18,0,food,entertainment,Female,3.75,7.5
757,179,MOBILE WEB,50,Thu,18,0,food,drama,Female,3.75,7.5
758,206,MOBILE WEB,40,Thu,15,0,drink,sports,Male,3.75,7.5
759,229,MOBILE WEB,40,Wed,23,0,education,entertainment,Male,3.75,7.5
760,169,MOBILE WEB,40,Wed,15,0,food,entertainment,Female,3.75,7.5
761,118,MOBILE WEB,20,Mon,15,0,movie,entertainment,Female,3.75,7.5
762,72,MOBILE WEB,30,Wed,13,0,corporation,sports,Male,7.5,11.25
763,113,MOBILE WEB,30,Fri,16,0,food,entertainment,Male,3.75,7.5
764,167,MOBILE WEB,20,Sat,9,0,government,entertainment,Female,3.75,7.5
765,167,MOBILE WEB,30,Fri,18,0,government,entertainment,Female,7.5,11.25
766,216,MOBILE WEB,50,Sun,14,0,pet,drama,Female,3.75,7.5
767,160,MOBILE WEB,40,Sat,10,0,government,entertainment,Female,3.75,7.5
768,285,MOBILE WEB,40,Sun,16,0,drink,sports,Male,0,3.75
769,167,MOBILE WEB,20,Wed,20,0,drink,sports,Male,3.75,7.5
770,121,MOBILE WEB,30,Sun,17,1,drink,sports,Male,11.25,15
771,114,MOBILE WEB,50,Sat,14,1,movie,entertainment,Male,11.25,15
772,61,PC WEB,50,Thu,12,1,drink,sports,Male,11.25,15
773,206,MOBILE WEB,30,Thu,13,0,drink,sports,Male,3.75,7.5
774,159,MOBILE WEB,20,Fri,13,0,education,entertainment,Female,3.75,7.5
775,62,MOBILE WEB,40,Mon,11,0,drink,sports,Male,3.75,7.5
776,116,MOBILE WEB,40,Sat,19,1,drink,sports,Male,11.25,15
777,220,MOBILE WEB,30,Mon,0,0,health_food,entertainment,Male,3.75,7.5
778,161,MOBILE WEB,30,Tue,16,0,food,entertainment,Female,3.75,7.5
779,208,MOBILE WEB,20,Thu,21,0,food,music,Female,3.75,7.5
780,316,MOBILE WEB,40,Tue,0,0,food,entertainment,Female,3.75,7.5
781,67,MOBILE WEB,40,Tue,14,0,corporation,sports,Male,3.75,7.5
782,125,MOBILE WEB,20,Sat,2,0,food,entertainment,Female,3.75,7.5
783,123,MOBILE WEB,20,Fri,1,0,health_food,drama,Female,0,3.75
784,67,MOBILE WEB,50,Tue,12,0,corporation,sports,Male,3.75,7.5
785,196,MOBILE WEB,30,Wed,22,1,drink,entertainment,Female,11.25,15
786,104,MOBILE WEB,10,Sat,22,0,drink,music,Female,0,3.75
787,185,MOBILE APP,10,Thu,20,0,food,entertainment,Female,0,3.75
788,141,MOBILE WEB,30,Sun,18,0,drink,sports,Male,7.5,11.25
789,204,MOBILE WEB,40,Tue,14,0,health_food,information,Female,11.25,15
790,532,MOBILE WEB,30,Fri,14,0,government,sports,Male,3.75,7.5
791,117,MOBILE WEB,40,Mon,20,1,food,entertainment,Female,11.25,15
792,193,MOBILE WEB,40,Mon,19,0,food,drama,Female,7.5,11.25
793,111,MOBILE WEB,30,Sun,19,0,medicine,entertainment,Female,3.75,7.5
794,80,MOBILE WEB,30,Fri,10,0,corporation,sports,Male,3.75,7.5
795,110,MOBILE WEB,30,Wed,16,1,corporation,sports,Male,11.25,15
796,127,MOBILE WEB,30,Sun,17,1,medicine,entertainment,Female,11.25,15
797,94,MOBILE WEB,20,Tue,15,0,man,drama,Female,3.75,7.5
798,97,MOBILE WEB,40,Tue,11,1,finance,sports,Male,11.25,15
799,238,MOBILE WEB,30,Sat,10,0,drink,entertainment,Female,3.75,7.5
800,135,MOBILE WEB,40,Fri,8,0,food,drama,Female,3.75,7.5
801,384,MOBILE WEB,20,Tue,12,0,corporation,sports,Male,0,3.75
802,532,MOBILE WEB,40,Fri,15,0,corporation,sports,Male,0,3.75
803,81,MOBILE WEB,20,Sun,22,0,health_food,entertainment,Female,3.75,7.5
804,118,MOBILE WEB,40,Fri,19,0,drink,sports,Female,3.75,7.5
805,104,MOBILE APP,40,Sat,4,1,drink,music,Female,11.25,15
806,101,MOBILE WEB,50,Sat,14,0,corporation,sports,Male,3.75,7.5
807,169,MOBILE WEB,40,Wed,15,1,electronics,entertainment,Male,11.25,15
808,64,MOBILE WEB,40,Fri,10,0,corporation,sports,Male,3.75,7.5
809,144,PC WEB,20,Thu,11,0,food,entertainment,Female,7.5,11.25
810,180,MOBILE WEB,20,Wed,14,0,movie,entertainment,Female,7.5,11.25
811,217,MOBILE WEB,20,Mon,12,0,movie,entertainment,Female,11.25,15
812,115,MOBILE WEB,60,Mon,17,0,health_food,entertainment,Male,3.75,7.5
813,123,MOBILE WEB,10,Mon,2,0,woman,entertainment,Female,3.75,7.5
814,103,PC WEB,10,Wed,20,0,drink,entertainment,Male,3.75,7.5
815,213,PC WEB,50,Wed,11,0,drink,sports,Male,3.75,7.5
816,119,MOBILE WEB,50,Wed,13,0,food,entertainment,Female,7.5,11.25
817,80,MOBILE WEB,40,Thu,7,0,food,drama,Female,7.5,11.25
818,149,MOBILE WEB,40,Mon,15,0,man,entertainment,Female,7.5,11.25
819,65,PC WEB,40,Tue,11,0,drink,sports,Male,7.5,11.25
820,172,MOBILE WEB,10,Mon,14,0,woman,entertainment,Female,3.75,7.5
821,68,MOBILE WEB,60,Wed,23,0,corporation,entertainment,Female,7.5,11.25
822,176,MOBILE WEB,40,Mon,23,0,food,drama,Female,7.5,11.25
823,116,MOBILE WEB,40,Sat,20,1,drink,sports,Male,11.25,15
824,398,PC WEB,40,Wed,8,0,drink,sports,Male,0,3.75
825,118,MOBILE WEB,30,Mon,8,0,health_food,entertainment,Male,3.75,7.5
826,71,PC WEB,40,Thu,14,0,drink,sports,Male,11.25,15
827,152,MOBILE WEB,30,Mon,22,0,drink,drama,Female,3.75,7.5
828,98,PC WEB,40,Fri,8,0,movie,entertainment,Female,11.25,15
829,195,MOBILE WEB,40,Fri,20,0,drink,entertainment,Male,7.5,11.25
830,186,MOBILE WEB,40,Sun,22,0,drink,entertainment,Female,3.75,7.5
831,139,MOBILE WEB,40,Tue,8,0,drink,drama,Female,11.25,15
832,175,MOBILE WEB,10,Sun,22,0,education,drama,Female,7.5,11.25
833,197,PC WEB,50,Tue,0,0,drink,entertainment,Male,3.75,7.5
834,67,MOBILE WEB,40,Sun,14,0,drink,sports,Male,3.75,7.5
835,75,PC WEB,30,Mon,22,0,drink,sports,Male,3.75,7.5
836,206,MOBILE WEB,20,Thu,13,0,food,sports,Male,3.75,7.5
837,172,MOBILE WEB,30,Mon,0,0,education,drama,Female,3.75,7.5
838,142,MOBILE WEB,20,Mon,21,0,food,entertainment,Female,0,3.75
839,67,MOBILE WEB,20,Sun,10,0,corporation,sports,Male,3.75,7.5
840,184,MOBILE WEB,10,Tue,23,0,woman,drama,Female,3.75,7.5
841,225,MOBILE WEB,30,Sun,0,0,health_food,music,Female,3.75,7.5
842,347,MOBILE WEB,30,Sat,19,0,corporation,sports,Male,3.75,7.5
843,61,MOBILE WEB,60,Wed,20,1,drink,sports,Male,11.25,15
844,164,MOBILE WEB,50,Thu,8,0,pet,entertainment,Female,7.5,11.25
845,565,MOBILE WEB,30,Fri,21,0,drink,sports,Male,3.75,7.5
846,102,MOBILE WEB,30,Tue,2,1,government,drama,Female,11.25,15
847,232,MOBILE APP,10,Tue,9,0,education,entertainment,Female,3.75,7.5
848,202,MOBILE APP,30,Sat,14,0,drink,entertainment,Female,3.75,7.5
849,99,MOBILE WEB,10,Mon,14,0,food,entertainment,Female,3.75,7.5
850,84,MOBILE WEB,40,Wed,19,0,drink,sports,Male,3.75,7.5
851,97,MOBILE WEB,20,Thu,11,0,woman,drama,Female,3.75,7.5
852,108,MOBILE WEB,10,Mon,0,0,food,drama,Female,11.25,15
853,237,MOBILE WEB,40,Sat,16,0,corporation,sports,Male,3.75,7.5
854,149,MOBILE WEB,30,Tue,11,0,food,entertainment,Female,3.75,7.5
855,747,MOBILE WEB,30,Sun,17,0,drink,sports,Male,3.75,7.5
856,213,MOBILE WEB,50,Tue,14,0,medicine,drama,Female,3.75,7.5
857,170,MOBILE WEB,20,Wed,20,0,health_food,music,Male,3.75,7.5
858,116,MOBILE WEB,40,Thu,9,0,drink,sports,Male,3.75,7.5
859,102,MOBILE WEB,40,Fri,0,0,government,drama,Female,3.75,7.5
860,231,MOBILE WEB,30,Tue,23,0,food,entertainment,Female,3.75,7.5
861,161,MOBILE WEB,20,Mon,19,0,drink,entertainment,Male,0,3.75
862,117,MOBILE WEB,20,Sat,18,0,drink,entertainment,Male,0,3.75
863,159,MOBILE WEB,30,Tue,10,0,drink,entertainment,Female,3.75,7.5
864,193,MOBILE WEB,30,Mon,0,0,electronics,entertainment,Female,3.75,7.5
865,285,MOBILE WEB,50,Sun,14,0,drink,sports,Male,3.75,7.5
866,208,MOBILE WEB,30,Thu,9,0,drink,drama,Female,3.75,7.5
867,182,MOBILE WEB,20,Sun,0,0,movie,drama,Female,3.75,7.5
868,178,MOBILE WEB,20,Tue,16,0,food,drama,Male,3.75,7.5
869,183,MOBILE WEB,20,Thu,2,0,drink,entertainment,Female,7.5,11.25
870,627,MOBILE WEB,40,Sat,16,1,drink,sports,Female,11.25,15
871,108,MOBILE WEB,50,Sun,13,0,electronics,entertainment,Male,3.75,7.5
872,174,PC WEB,10,Fri,19,1,pet,entertainment,Female,11.25,15
873,133,MOBILE WEB,30,Mon,21,0,health_food,drama,Female,3.75,7.5
874,99,MOBILE WEB,30,Mon,12,0,corporation,sports,Male,3.75,7.5
875,101,MOBILE WEB,40,Mon,9,1,corporation,sports,Male,11.25,15
876,64,PC WEB,10,Wed,16,0,drink,entertainment,Female,3.75,7.5
877,118,PC WEB,40,Wed,15,0,education,kids,Male,3.75,7.5
878,75,MOBILE WEB,40,Mon,3,0,food,entertainment,Female,3.75,7.5
879,188,MOBILE WEB,30,Sun,15,0,food,entertainment,Female,3.75,7.5
880,64,MOBILE WEB,40,Wed,10,0,corporation,sports,Male,3.75,7.5
881,171,MOBILE WEB,30,Sun,9,1,drink,sports,Male,11.25,15
882,168,MOBILE WEB,20,Fri,9,0,woman,drama,Female,3.75,7.5
883,747,MOBILE WEB,50,Sun,20,1,drink,sports,Male,11.25,15
884,67,MOBILE WEB,40,Tue,13,0,corporation,sports,Male,3.75,7.5
885,116,MOBILE WEB,30,Sat,17,1,drink,sports,Female,11.25,15
886,174,MOBILE WEB,60,Wed,11,0,government,entertainment,Female,11.25,15
887,184,PC WEB,60,Sun,0,1,food,drama,Female,11.25,15
888,64,MOBILE WEB,40,Tue,12,0,health_food,sports,Male,3.75,7.5
889,216,MOBILE WEB,30,Thu,7,0,drink,entertainment,Male,3.75,7.5
890,70,MOBILE WEB,40,Tue,15,0,corporation,sports,Male,7.5,11.25
891,205,PC WEB,30,Thu,16,1,drink,entertainment,Male,11.25,15
892,101,MOBILE WEB,60,Mon,9,1,corporation,sports,Male,11.25,15
893,179,MOBILE WEB,20,Sun,18,0,health_food,entertainment,Female,7.5,11.25
894,149,MOBILE APP,10,Sun,10,1,pet,entertainment,Female,11.25,15
895,407,MOBILE WEB,40,Tue,23,1,food,music,Female,11.25,15
896,206,MOBILE WEB,20,Sat,14,0,corporation,sports,Male,3.75,7.5
897,180,MOBILE WEB,40,Thu,11,0,woman,entertainment,Female,0,3.75
898,185,MOBILE WEB,50,Fri,21,0,movie,information,Female,3.75,7.5
899,73,MOBILE WEB,40,Tue,11,0,health_food,entertainment,Female,3.75,7.5
900,419,MOBILE WEB,50,Tue,10,0,corporation,sports,Male,3.75,7.5
901,76,MOBILE WEB,40,Fri,12,0,education,entertainment,Female,7.5,11.25
902,200,MOBILE APP,30,Sun,13,0,health_food,drama,Female,3.75,7.5
903,117,MOBILE WEB,20,Fri,23,0,drink,entertainment,Male,11.25,15
904,199,PC WEB,50,Fri,11,0,drink,sports,Male,11.25,15
905,688,PC WEB,40,Tue,12,0,drink,sports,Male,3.75,7.5
906,62,MOBILE WEB,40,Wed,11,0,corporation,sports,Male,3.75,7.5
907,149,MOBILE WEB,50,Thu,23,0,corporation,entertainment,Male,3.75,7.5
908,94,MOBILE WEB,20,Fri,6,0,food,drama,Female,0,3.75
909,92,MOBILE WEB,30,Fri,14,0,food,information,Female,3.75,7.5
910,67,MOBILE WEB,40,Sun,11,0,health_food,sports,Male,3.75,7.5
911,190,MOBILE WEB,60,Fri,19,0,pet,drama,Female,3.75,7.5
912,172,MOBILE WEB,40,Fri,0,0,movie,drama,Female,3.75,7.5
913,340,MOBILE WEB,20,Mon,21,0,drink,drama,Female,0,3.75
914,67,PC WEB,30,Sun,11,0,drink,sports,Male,3.75,7.5
915,72,MOBILE WEB,40,Wed,12,1,drink,sports,Male,11.25,15
916,147,MOBILE WEB,30,Thu,8,0,health_food,drama,Female,3.75,7.5
917,110,MOBILE WEB,50,Tue,21,1,corporation,entertainment,Female,11.25,15
918,101,MOBILE WEB,50,Mon,9,0,corporation,sports,Male,0,3.75
919,181,MOBILE APP,20,Thu,22,0,education,entertainment,Female,3.75,7.5
920,391,MOBILE WEB,20,Thu,9,0,movie,entertainment,Male,7.5,11.25
921,116,MOBILE WEB,40,Fri,10,0,health_food,drama,Female,3.75,7.5
922,110,PC WEB,50,Sat,18,0,corporation,sports,Male,11.25,15
923,135,MOBILE WEB,40,Fri,13,1,drink,entertainment,Female,11.25,15
924,126,MOBILE WEB,40,Wed,10,0,corporation,entertainment,Male,3.75,7.5
925,179,MOBILE WEB,50,Sun,15,1,drink,sports,Male,11.25,15
926,227,MOBILE WEB,40,Mon,16,0,health_food,drama,Female,11.25,15
927,120,MOBILE APP,30,Sat,8,0,medicine,drama,Male,7.5,11.25
928,84,MOBILE WEB,20,Sun,7,0,drink,sports,Female,3.75,7.5
929,176,MOBILE WEB,40,Fri,14,0,drink,sports,Male,3.75,7.5
930,201,MOBILE WEB,30,Sat,21,0,electronics,entertainment,Male,11.25,15
931,235,MOBILE WEB,20,Fri,18,0,pet,entertainment,Female,3.75,7.5
932,154,MOBILE WEB,40,Fri,8,0,movie,drama,Female,7.5,11.25
933,75,MOBILE WEB,40,Sat,1,0,corporation,sports,Female,7.5,11.25
934,180,MOBILE WEB,30,Wed,9,0,movie,entertainment,Female,3.75,7.5
935,128,MOBILE WEB,40,Fri,22,0,corporation,sports,Male,0,3.75
936,275,MOBILE WEB,20,Fri,23,0,education,entertainment,Male,3.75,7.5
937,223,MOBILE WEB,10,Sun,2,0,movie,entertainment,Male,0,3.75
938,627,MOBILE WEB,20,Sat,21,0,corporation,sports,Male,7.5,11.25
939,228,PC WEB,20,Sun,16,0,medicine,entertainment,Male,0,3.75
940,156,MOBILE WEB,50,Wed,6,0,man,entertainment,Female,3.75,7.5
941,272,MOBILE WEB,30,Mon,20,1,movie,information,Female,11.25,15
942,86,MOBILE WEB,30,Tue,7,0,health_food,entertainment,Female,0,3.75
943,251,MOBILE WEB,40,Fri,15,0,drink,music,Female,3.75,7.5
944,280,MOBILE WEB,20,Mon,20,0,drink,drama,Female,11.25,15
945,300,MOBILE WEB,30,Mon,20,0,drink,entertainment,Male,3.75,7.5
946,101,MOBILE WEB,20,Fri,1,0,medicine,drama,Female,7.5,11.25
947,172,MOBILE WEB,20,Mon,22,0,food,drama,Female,0,3.75
948,83,MOBILE WEB,60,Sun,17,0,drink,sports,Male,3.75,7.5
949,256,MOBILE APP,20,Sun,14,0,medicine,entertainment,Female,3.75,7.5
950,175,MOBILE WEB,40,Tue,23,1,food,entertainment,Female,11.25,15
951,64,MOBILE WEB,50,Fri,9,0,drink,sports,Male,3.75,7.5
952,627,MOBILE WEB,40,Sat,18,1,drink,sports,Male,11.25,15
953,119,MOBILE WEB,40,Thu,13,1,food,entertainment,Female,11.25,15
954,140,MOBILE WEB,20,Sun,23,0,medicine,drama,Female,3.75,7.5
955,72,PC WEB,30,Mon,14,0,drink,sports,Male,3.75,7.5
956,126,MOBILE WEB,30,Wed,15,0,corporation,entertainment,Female,3.75,7.5
957,314,MOBILE WEB,60,Sun,13,0,movie,entertainment,Female,3.75,7.5
958,150,MOBILE WEB,40,Tue,10,0,food,drama,Male,3.75,7.5
959,195,MOBILE WEB,50,Sun,0,1,health_food,music,Female,11.25,15
960,121,MOBILE WEB,50,Fri,17,0,drink,entertainment,Female,7.5,11.25
961,130,MOBILE WEB,30,Thu,13,0,education,drama,Female,7.5,11.25
962,96,MOBILE WEB,20,Fri,9,0,movie,drama,Female,3.75,7.5
963,64,MOBILE WEB,40,Sat,3,0,government,entertainment,Female,0,3.75
964,159,MOBILE WEB,40,Mon,23,0,drink,entertainment,Male,3.75,7.5
965,181,MOBILE WEB,20,Fri,11,0,health_food,entertainment,Female,3.75,7.5
966,180,MOBILE WEB,30,Sun,17,0,drink,sports,Male,3.75,7.5
967,186,MOBILE WEB,30,Sat,10,1,drink,entertainment,Female,11.25,15
968,123,MOBILE WEB,20,Mon,19,0,health_food,entertainment,Female,3.75,7.5
969,103,PC WEB,50,Sat,14,1,health_food,entertainment,Male,11.25,15
970,178,MOBILE WEB,30,Sat,21,0,food,entertainment,Female,3.75,7.5
971,147,MOBILE WEB,40,Sat,13,1,drink,sports,Male,11.25,15
972,189,MOBILE WEB,30,Sun,13,1,food,entertainment,Female,11.25,15
973,117,MOBILE WEB,20,Mon,9,0,corporation,sports,Male,3.75,7.5
974,126,MOBILE APP,30,Fri,8,0,drink,drama,Female,0,3.75
975,118,PC WEB,20,Fri,21,0,government,drama,Female,3.75,7.5
976,69,MOBILE WEB,40,Tue,12,0,corporation,sports,Male,3.75,7.5
977,212,MOBILE WEB,40,Mon,17,1,food,drama,Female,11.25,15
978,196,MOBILE WEB,30,Mon,23,0,health_food,entertainment,Female,11.25,15
979,66,MOBILE WEB,40,Sat,15,0,drink,sports,Male,3.75,7.5
980,525,MOBILE WEB,40,Sat,20,0,corporation,sports,Male,3.75,7.5
981,72,MOBILE WEB,40,Wed,13,0,corporation,sports,Male,3.75,7.5
982,180,MOBILE WEB,50,Tue,17,0,medicine,entertainment,Female,3.75,7.5
983,103,MOBILE WEB,40,Sun,23,0,electronics,entertainment,Female,3.75,7.5
984,178,MOBILE WEB,50,Fri,6,0,health_food,entertainment,Female,3.75,7.5
985,61,MOBILE WEB,20,Sun,11,1,drink,sports,Male,11.25,15
986,139,MOBILE WEB,60,Sun,9,0,drink,information,Female,3.75,7.5
987,117,MOBILE WEB,40,Tue,8,0,health_food,entertainment,Female,0,3.75
988,244,MOBILE WEB,30,Mon,9,0,government,entertainment,Female,7.5,11.25
989,218,MOBILE WEB,40,Wed,17,0,corporation,sports,Male,3.75,7.5
990,189,MOBILE WEB,20,Sun,21,0,movie,entertainment,Female,3.75,7.5
991,133,MOBILE WEB,30,Sat,8,1,movie,entertainment,Female,11.25,15
992,435,MOBILE WEB,40,Tue,20,0,drink,sports,Male,3.75,7.5
993,177,MOBILE WEB,30,Thu,22,0,medicine,music,Female,7.5,11.25
994,190,MOBILE WEB,20,Sat,11,0,food,entertainment,Female,3.75,7.5
995,65,MOBILE APP,20,Fri,13,0,drink,drama,Female,0,3.75
996,128,MOBILE WEB,50,Sun,9,0,health_food,drama,Female,3.75,7.5
997,252,MOBILE WEB,60,Sun,19,1,food,entertainment,Female,11.25,15
998,69,MOBILE WEB,50,Wed,11,0,drink,sports,Male,3.75,7.5
999,171,MOBILE WEB,20,Sun,11,1,drink,sports,Male,11.25,15
1000,112,MOBILE APP,20,Thu,10,1,woman,drama,Female,11.25,15
1001,99,PC WEB,30,Thu,12,0,drink,sports,Male,3.75,7.5
1002,127,MOBILE WEB,30,Sun,11,0,corporation,sports,Male,3.75,7.5
1003,61,MOBILE WEB,40,Wed,10,0,drink,sports,Male,7.5,11.25
1004,158,PC WEB,20,Tue,16,0,health_food,drama,Female,3.75,7.5
1005,213,MOBILE WEB,30,Mon,18,0,health_food,entertainment,Female,11.25,15
1006,129,MOBILE WEB,40,Fri,17,0,movie,entertainment,Male,3.75,7.5
1007,85,MOBILE WEB,20,Sun,14,0,corporation,sports,Male,3.75,7.5
1008,102,MOBILE WEB,20,Sat,18,0,movie,drama,Female,3.75,7.5
1009,118,MOBILE WEB,10,Mon,21,0,drink,entertainment,Male,3.75,7.5
1010,62,PC WEB,50,Fri,12,0,corporation,sports,Male,3.75,7.5
1011,151,PC WEB,40,Tue,15,1,electronics,entertainment,Female,11.25,15
1012,145,MOBILE WEB,40,Fri,20,0,electronics,entertainment,Female,3.75,7.5
1013,532,MOBILE WEB,50,Mon,13,1,drink,sports,Male,11.25,15
1014,88,MOBILE WEB,30,Fri,1,0,health_food,entertainment,Female,3.75,7.5
1015,81,MOBILE WEB,30,Thu,23,1,drink,entertainment,Female,11.25,15
1016,306,MOBILE WEB,40,Tue,9,0,government,entertainment,Female,3.75,7.5
1017,129,MOBILE WEB,30,Mon,22,0,drink,drama,Female,3.75,7.5
1018,153,MOBILE WEB,20,Mon,16,0,food,entertainment,Male,7.5,11.25
1019,142,MOBILE WEB,40,Thu,17,1,food,entertainment,Female,11.25,15
1020,67,PC WEB,40,Tue,12,1,finance,sports,Male,11.25,15
1021,170,MOBILE WEB,20,Tue,23,0,movie,entertainment,Female,3.75,7.5
1022,477,PC WEB,50,Fri,11,0,drink,sports,Male,7.5,11.25
1023,106,MOBILE WEB,10,Fri,13,0,drink,sports,Female,11.25,15
1024,111,PC WEB,20,Sun,17,0,medicine,entertainment,Male,3.75,7.5
1025,279,MOBILE WEB,20,Sun,9,0,food,drama,Male,3.75,7.5
1026,128,MOBILE WEB,30,Mon,0,0,health_food,entertainment,Female,0,3.75
1027,300,MOBILE WEB,30,Sun,9,0,health_food,drama,Female,3.75,7.5
1028,100,MOBILE WEB,20,Sat,16,1,drink,sports,Male,11.25,15
1029,398,MOBILE WEB,30,Tue,12,1,corporation,sports,Male,11.25,15
1030,189,MOBILE WEB,10,Mon,13,0,medicine,entertainment,Female,3.75,7.5
1031,118,MOBILE WEB,10,Tue,6,0,health_food,entertainment,Female,3.75,7.5
1032,100,MOBILE WEB,30,Wed,17,0,health_food,drama,Female,3.75,7.5
1033,160,PC WEB,50,Sat,14,0,health_food,entertainment,Male,0,3.75
1034,210,MOBILE WEB,60,Mon,9,0,corporation,sports,Male,0,3.75
1035,167,MOBILE WEB,30,Wed,22,0,drink,entertainment,Female,3.75,7.5
1036,188,PC WEB,40,Mon,21,0,government,entertainment,Male,3.75,7.5
1037,419,MOBILE WEB,30,Tue,13,0,corporation,sports,Male,3.75,7.5
1038,203,PC WEB,10,Wed,1,1,health_food,entertainment,Female,11.25,15
1039,65,PC WEB,60,Fri,13,1,drink,sports,Male,11.25,15
1040,178,MOBILE WEB,10,Sat,0,1,food,entertainment,Female,11.25,15
1041,71,MOBILE APP,10,Mon,22,0,food,entertainment,Female,3.75,7.5
1042,72,MOBILE WEB,40,Wed,15,0,corporation,sports,Male,3.75,7.5
1043,183,MOBILE WEB,30,Sat,13,0,medicine,entertainment,Male,11.25,15
1044,175,MOBILE WEB,40,Sun,14,1,medicine,drama,Female,11.25,15
1045,128,MOBILE WEB,30,Sat,13,0,medicine,entertainment,Male,3.75,7.5
1046,271,PC WEB,40,Mon,9,0,education,drama,Female,7.5,11.25
1047,205,MOBILE WEB,40,Sat,16,1,drink,sports,Female,11.25,15
1048,146,MOBILE WEB,40,Fri,6,1,government,entertainment,Female,11.25,15
1049,96,MOBILE WEB,50,Fri,21,1,food,drama,Female,11.25,15
1050,178,MOBILE WEB,20,Fri,20,0,food,drama,Female,3.75,7.5
1051,235,MOBILE WEB,30,Thu,8,0,woman,entertainment,Female,3.75,7.5
1052,101,MOBILE WEB,20,Sat,14,0,drink,sports,Male,3.75,7.5
1053,75,MOBILE WEB,30,Fri,8,0,pet,drama,Female,3.75,7.5
1054,228,MOBILE WEB,40,Fri,15,0,movie,entertainment,Female,3.75,7.5
1055,81,MOBILE WEB,30,Sat,10,0,food,sports,Male,3.75,7.5
1056,107,MOBILE WEB,30,Sun,18,0,drink,entertainment,Female,7.5,11.25
1057,65,MOBILE WEB,40,Tue,11,0,drink,sports,Male,3.75,7.5
1058,180,MOBILE WEB,30,Sat,11,0,government,entertainment,Female,0,3.75
1059,61,MOBILE WEB,20,Thu,9,1,corporation,sports,Male,11.25,15
1060,154,PC WEB,10,Tue,1,0,pet,entertainment,Male,3.75,7.5
1061,81,MOBILE WEB,40,Sat,10,1,drink,sports,Male,11.25,15
1062,178,MOBILE WEB,30,Tue,6,0,health_food,drama,Female,11.25,15
1063,184,MOBILE WEB,40,Sun,10,0,government,entertainment,Female,3.75,7.5
1064,64,MOBILE WEB,40,Tue,11,0,finance,sports,Male,3.75,7.5
1065,236,MOBILE WEB,30,Sun,0,1,food,music,Female,11.25,15
1066,206,MOBILE WEB,30,Tue,13,0,medicine,entertainment,Female,3.75,7.5
1067,156,MOBILE WEB,20,Sun,2,0,pet,entertainment,Female,0,3.75
1068,65,MOBILE WEB,20,Tue,13,0,drink,sports,Male,7.5,11.25
1069,126,PC WEB,50,Sat,17,1,drink,sports,Male,11.25,15
1070,532,MOBILE WEB,30,Fri,13,0,drink,sports,Male,3.75,7.5
1071,97,MOBILE WEB,40,Tue,12,0,corporation,sports,Male,3.75,7.5
1072,645,MOBILE WEB,30,Sun,4,0,health_food,sports,Male,3.75,7.5
1073,108,MOBILE WEB,20,Thu,21,0,drink,drama,Female,3.75,7.5
1074,226,MOBILE WEB,40,Thu,20,0,food,music,Male,3.75,7.5
1075,168,MOBILE APP,10,Thu,22,0,drink,drama,Female,7.5,11.25
1076,236,MOBILE WEB,20,Fri,7,0,corporation,sports,Female,3.75,7.5
1077,152,MOBILE APP,20,Mon,23,0,drink,entertainment,Female,3.75,7.5
1078,101,MOBILE WEB,40,Sat,9,0,health_food,entertainment,Female,3.75,7.5
1079,175,MOBILE WEB,30,Tue,17,0,education,drama,Female,3.75,7.5
1080,61,MOBILE WEB,20,Tue,20,1,corporation,sports,Male,11.25,15
1081,756,MOBILE WEB,30,Mon,0,0,food,entertainment,Male,11.25,15
1082,218,MOBILE WEB,10,Mon,5,0,health_food,drama,Female,3.75,7.5
1083,289,MOBILE APP,10,Mon,17,0,food,drama,Female,3.75,7.5
1084,161,MOBILE WEB,40,Wed,7,0,food,entertainment,Female,0,3.75
1085,200,MOBILE WEB,30,Mon,21,0,drink,entertainment,Female,11.25,15
1086,182,MOBILE WEB,50,Wed,0,0,movie,entertainment,Female,3.75,7.5
1087,61,PC WEB,40,Wed,17,1,drink,sports,Male,11.25,15
1088,64,MOBILE WEB,40,Tue,12,0,drink,sports,Male,3.75,7.5
1089,175,MOBILE WEB,30,Sat,15,1,movie,drama,Female,11.25,15
1090,188,MOBILE WEB,40,Mon,8,0,movie,drama,Female,3.75,7.5
1091,178,MOBILE WEB,30,Sat,20,0,drink,music,Female,11.25,15
1092,761,MOBILE WEB,30,Fri,0,0,corporation,sports,Male,3.75,7.5
1093,61,PC WEB,40,Tue,1,0,finance,drama,Male,3.75,7.5
1094,273,MOBILE WEB,20,Tue,19,1,health_food,music,Female,11.25,15
1095,83,MOBILE WEB,40,Thu,15,0,drink,sports,Female,3.75,7.5
1096,252,MOBILE WEB,20,Wed,12,0,food,entertainment,Female,3.75,7.5
1097,81,MOBILE WEB,30,Sat,10,0,corporation,sports,Male,3.75,7.5
1098,173,MOBILE WEB,50,Fri,21,0,food,drama,Female,7.5,11.25
1099,249,MOBILE APP,10,Sat,3,1,food,entertainment,Female,11.25,15
1100,236,MOBILE WEB,20,Sat,10,1,drink,entertainment,Male,11.25,15
1101,107,MOBILE WEB,10,Thu,11,0,health_food,entertainment,Female,3.75,7.5
1102,223,MOBILE WEB,20,Tue,16,1,food,entertainment,Male,11.25,15
1103,627,MOBILE WEB,40,Sat,17,1,drink,sports,Male,11.25,15
1104,216,MOBILE WEB,40,Mon,20,0,drink,entertainment,Female,3.75,7.5
1105,205,MOBILE WEB,10,Sat,16,1,drink,sports,Male,11.25,15
1106,67,MOBILE WEB,30,Sun,17,0,drink,sports,Male,3.75,7.5
1107,180,MOBILE WEB,40,Sun,22,0,food,sports,Male,3.75,7.5
1108,240,MOBILE WEB,50,Mon,20,1,government,entertainment,Female,11.25,15
1109,144,MOBILE WEB,30,Thu,10,0,food,drama,Female,11.25,15
1110,85,MOBILE WEB,20,Sun,8,0,food,drama,Male,3.75,7.5
1111,90,MOBILE WEB,30,Sat,1,1,health_food,entertainment,Male,11.25,15
1112,146,MOBILE WEB,20,Thu,12,0,food,entertainment,Female,3.75,7.5
1113,101,PC WEB,30,Wed,15,0,drink,sports,Male,3.75,7.5
1114,232,MOBILE APP,20,Mon,20,0,medicine,entertainment,Female,3.75,7.5
1115,532,MOBILE WEB,30,Fri,14,0,drink,sports,Female,3.75,7.5
1116,139,MOBILE WEB,40,Wed,23,0,movie,entertainment,Female,3.75,7.5
1117,143,MOBILE WEB,30,Sat,0,0,government,drama,Female,7.5,11.25
1118,101,MOBILE WEB,30,Sat,13,1,drink,sports,Male,11.25,15
1119,67,MOBILE WEB,30,Tue,12,0,corporation,sports,Male,3.75,7.5
1120,189,MOBILE WEB,20,Sat,2,0,movie,entertainment,Female,3.75,7.5
1121,95,MOBILE WEB,10,Tue,17,0,government,entertainment,Female,7.5,11.25
1122,109,MOBILE WEB,30,Sat,14,0,medicine,entertainment,Female,3.75,7.5
1123,216,MOBILE WEB,40,Sun,23,0,health_food,entertainment,Male,11.25,15
1124,264,MOBILE WEB,30,Wed,0,0,drink,entertainment,Female,3.75,7.5
1125,65,MOBILE WEB,30,Tue,11,0,corporation,sports,Male,3.75,7.5
1126,67,PC WEB,60,Tue,19,0,drink,sports,Male,0,3.75
1127,117,MOBILE WEB,60,Tue,10,1,food,information,Female,11.25,15
1128,94,MOBILE APP,20,Thu,10,0,medicine,drama,Female,3.75,7.5
1129,116,MOBILE WEB,30,Thu,7,0,drink,sports,Male,3.75,7.5
1130,161,MOBILE WEB,40,Tue,18,0,government,drama,Female,3.75,7.5
1131,176,MOBILE WEB,30,Fri,15,0,drink,sports,Male,3.75,7.5
1132,135,MOBILE WEB,20,Wed,9,0,drink,drama,Female,0,3.75
1133,190,MOBILE WEB,10,Sat,17,1,food,entertainment,Female,11.25,15
1134,242,MOBILE WEB,60,Wed,10,0,education,entertainment,Female,3.75,7.5
1135,60,MOBILE WEB,40,Tue,16,0,drink,sports,Male,3.75,7.5
1136,171,MOBILE WEB,60,Sun,10,1,drink,sports,Male,11.25,15
1137,200,MOBILE WEB,40,Sun,1,0,pet,drama,Female,7.5,11.25
1138,125,MOBILE WEB,30,Mon,18,0,drink,sports,Male,3.75,7.5
1139,140,MOBILE WEB,40,Wed,14,0,food,entertainment,Female,3.75,7.5
1140,207,MOBILE WEB,40,Sun,16,0,movie,entertainment,Male,0,3.75
1141,68,MOBILE WEB,60,Fri,12,0,drink,sports,Male,3.75,7.5
1142,115,PC WEB,60,Wed,12,1,drink,sports,Male,11.25,15
1143,206,MOBILE WEB,30,Thu,16,0,drink,sports,Male,3.75,7.5
1144,168,MOBILE WEB,40,Sun,21,0,pet,drama,Male,11.25,15
1145,143,MOBILE WEB,20,Fri,17,0,drink,entertainment,Female,3.75,7.5
1146,129,MOBILE WEB,40,Thu,23,0,food,drama,Female,3.75,7.5
1147,396,MOBILE WEB,30,Sun,10,0,government,drama,Female,3.75,7.5
1148,214,PC WEB,50,Wed,11,1,health_food,entertainment,Male,11.25,15
1149,194,PC WEB,10,Sun,22,0,medicine,entertainment,Female,0,3.75
1150,302,MOBILE WEB,30,Sun,18,0,health_food,information,Male,0,3.75
1151,97,MOBILE WEB,40,Tue,11,0,finance,sports,Male,3.75,7.5
1152,350,MOBILE WEB,40,Sat,21,0,government,music,Male,3.75,7.5
1153,142,MOBILE WEB,40,Fri,9,0,drink,drama,Female,3.75,7.5
1154,152,MOBILE WEB,40,Sat,14,0,corporation,sports,Female,3.75,7.5
1155,99,PC WEB,30,Fri,9,0,corporation,entertainment,Male,3.75,7.5
1156,103,MOBILE WEB,60,Tue,10,0,drink,sports,Male,7.5,11.25
1157,532,PC WEB,50,Fri,13,0,drink,sports,Male,3.75,7.5
1158,167,MOBILE WEB,20,Mon,19,0,health_food,entertainment,Male,3.75,7.5
1159,114,MOBILE WEB,40,Mon,14,0,drink,entertainment,Female,7.5,11.25
1160,786,MOBILE WEB,20,Sun,12,1,drink,sports,Male,11.25,15
1161,169,MOBILE WEB,50,Sun,15,0,woman,drama,Female,3.75,7.5
1162,100,MOBILE WEB,40,Wed,14,1,corporation,entertainment,Female,11.25,15
1163,65,MOBILE WEB,30,Tue,14,0,food,sports,Male,3.75,7.5
1164,180,MOBILE WEB,40,Sun,9,0,drink,sports,Male,3.75,7.5
1165,74,MOBILE WEB,30,Fri,17,1,drink,sports,Male,11.25,15
1166,67,PC WEB,40,Tue,15,1,drink,sports,Male,11.25,15
1167,101,MOBILE WEB,50,Sat,13,0,corporation,sports,Male,3.75,7.5
1168,120,MOBILE WEB,40,Wed,16,0,drink,sports,Male,7.5,11.25
1169,68,MOBILE WEB,50,Fri,12,0,corporation,sports,Male,3.75,7.5
1170,746,MOBILE WEB,30,Sat,16,1,drink,sports,Male,11.25,15
1171,128,MOBILE WEB,10,Thu,13,1,movie,entertainment,Female,11.25,15
1172,118,MOBILE WEB,30,Fri,19,1,corporation,sports,Male,11.25,15
1173,136,MOBILE WEB,40,Tue,9,1,health_food,entertainment,Female,11.25,15
1174,67,MOBILE WEB,40,Tue,13,0,corporation,sports,Male,3.75,7.5
1175,69,MOBILE WEB,30,Thu,12,0,drink,sports,Male,3.75,7.5
1176,177,MOBILE WEB,30,Mon,13,0,finance,sports,Male,11.25,15
1177,332,MOBILE WEB,40,Mon,15,0,health_food,music,Female,0,3.75
1178,76,MOBILE WEB,30,Fri,14,0,corporation,sports,Male,3.75,7.5
1179,107,MOBILE WEB,40,Fri,18,0,food,entertainment,Male,3.75,7.5
1180,61,MOBILE WEB,50,Sun,11,1,drink,sports,Male,11.25,15
1181,163,MOBILE WEB,20,Fri,0,0,medicine,drama,Female,3.75,7.5
1182,430,MOBILE WEB,30,Tue,15,0,drink,sports,Male,3.75,7.5
1183,178,MOBILE WEB,20,Fri,22,0,drink,drama,Female,3.75,7.5
1184,165,MOBILE WEB,40,Mon,13,0,health_food,entertainment,Female,3.75,7.5
1185,354,MOBILE WEB,40,Fri,19,1,movie,entertainment,Female,11.25,15
1186,262,MOBILE WEB,30,Thu,20,0,drink,entertainment,Male,3.75,7.5
1187,64,MOBILE WEB,50,Tue,12,0,corporation,sports,Male,3.75,7.5
1188,185,MOBILE WEB,20,Sat,20,0,food,entertainment,Female,3.75,7.5
1189,126,MOBILE WEB,20,Wed,15,0,corporation,entertainment,Female,3.75,7.5
1190,178,MOBILE WEB,30,Wed,7,0,food,drama,Male,3.75,7.5
1191,82,MOBILE WEB,30,Mon,11,1,food,drama,Female,11.25,15
1192,213,MOBILE WEB,20,Sat,10,0,medicine,drama,Female,3.75,7.5
1193,109,MOBILE WEB,40,Sun,20,0,drink,sports,Female,0,3.75
1194,154,MOBILE WEB,40,Fri,6,0,food,drama,Female,7.5,11.25
1195,99,MOBILE WEB,40,Thu,13,0,food,sports,Male,3.75,7.5
1196,98,MOBILE APP,20,Mon,15,0,education,drama,Female,7.5,11.25
1197,66,MOBILE WEB,40,Fri,13,0,corporation,sports,Male,3.75,7.5
1198,201,MOBILE WEB,40,Wed,0,0,food,information,Female,11.25,15
1199,150,MOBILE WEB,30,Mon,8,1,education,drama,Female,11.25,15
1200,135,MOBILE WEB,30,Tue,11,0,drink,drama,Female,3.75,7.5
1201,83,MOBILE WEB,40,Thu,15,0,drink,sports,Male,3.75,7.5
1202,97,MOBILE WEB,30,Sat,0,1,food,drama,Female,11.25,15
1203,101,MOBILE WEB,40,Sun,18,1,health_food,entertainment,Female,11.25,15
1204,126,PC WEB,30,Fri,20,1,pet,drama,Female,11.25,15
1205,64,PC WEB,50,Tue,11,0,drink,sports,Male,3.75,7.5
1206,206,MOBILE WEB,40,Sun,9,0,drink,drama,Female,3.75,7.5
1207,233,MOBILE WEB,10,Wed,23,0,food,music,Female,3.75,7.5
1208,187,MOBILE WEB,40,Sat,8,0,drink,entertainment,Female,3.75,7.5
1209,125,MOBILE WEB,40,Fri,0,0,food,drama,Female,11.25,15
1210,197,MOBILE WEB,40,Sat,9,0,movie,entertainment,Female,7.5,11.25
1211,64,MOBILE WEB,20,Tue,12,0,drink,sports,Male,3.75,7.5
1212,98,MOBILE APP,10,Thu,0,0,education,drama,Female,11.25,15
1213,477,MOBILE WEB,40,Fri,10,0,corporation,sports,Male,0,3.75
1214,216,MOBILE WEB,30,Mon,23,0,drink,sports,Male,3.75,7.5
1215,212,MOBILE WEB,40,Fri,1,0,food,drama,Female,3.75,7.5
1216,122,MOBILE WEB,20,Wed,7,0,health_food,drama,Female,7.5,11.25
1217,120,MOBILE WEB,20,Fri,12,0,food,drama,Female,7.5,11.25
1218,232,MOBILE APP,10,Sat,16,0,health_food,entertainment,Female,3.75,7.5
1219,196,MOBILE WEB,30,Tue,11,0,health_food,entertainment,Female,0,3.75
1220,174,MOBILE WEB,20,Fri,13,0,movie,entertainment,Male,3.75,7.5
1221,72,MOBILE WEB,20,Wed,12,0,corporation,sports,Male,3.75,7.5
1222,206,MOBILE WEB,30,Thu,13,0,drink,sports,Male,3.75,7.5
1223,88,MOBILE WEB,40,Sat,13,0,drink,sports,Male,3.75,7.5
1224,106,MOBILE WEB,40,Mon,21,0,drink,sports,Male,3.75,7.5
1225,290,MOBILE WEB,20,Mon,0,0,movie,entertainment,Female,0,3.75
1226,85,MOBILE WEB,60,Fri,6,1,drink,entertainment,Male,11.25,15
1227,84,MOBILE WEB,40,Wed,12,1,drink,sports,Male,11.25,15
1228,81,PC WEB,40,Wed,14,0,drink,entertainment,Male,3.75,7.5
1229,184,MOBILE WEB,20,Sun,14,0,health_food,entertainment,Female,0,3.75
1230,236,MOBILE WEB,10,Mon,8,0,food,drama,Male,3.75,7.5
1231,254,MOBILE WEB,40,Sun,20,0,health_food,drama,Female,3.75,7.5
1232,99,MOBILE WEB,20,Fri,0,0,health_food,entertainment,Female,3.75,7.5
1233,132,MOBILE WEB,30,Fri,10,0,corporation,entertainment,Female,11.25,15
1234,117,MOBILE WEB,20,Sat,17,0,drink,entertainment,Female,3.75,7.5
1235,107,MOBILE WEB,40,Tue,20,1,drink,sports,Male,11.25,15
1236,200,PC WEB,20,Mon,16,0,government,entertainment,Male,3.75,7.5
1237,116,MOBILE WEB,40,Mon,21,0,drink,sports,Male,3.75,7.5
1238,121,MOBILE WEB,40,Sat,21,0,food,sports,Male,11.25,15
1239,60,MOBILE WEB,40,Sat,14,1,drink,sports,Male,11.25,15
1240,119,MOBILE WEB,30,Fri,22,0,corporation,sports,Male,3.75,7.5
1241,112,MOBILE WEB,10,Tue,23,0,government,entertainment,Female,3.75,7.5
1242,281,MOBILE WEB,30,Tue,10,0,drink,entertainment,Female,3.75,7.5
1243,106,PC WEB,30,Thu,10,0,food,entertainment,Female,3.75,7.5
1244,143,MOBILE WEB,10,Sat,19,0,health_food,entertainment,Male,3.75,7.5
1245,69,PC WEB,50,Tue,16,1,drink,sports,Male,11.25,15
1246,119,MOBILE WEB,30,Sat,2,0,education,entertainment,Female,0,3.75
1247,500,MOBILE WEB,30,Fri,18,0,drink,sports,Male,0,3.75
1248,627,MOBILE WEB,50,Sat,16,1,drink,sports,Male,11.25,15
1249,116,MOBILE WEB,50,Thu,8,0,drink,sports,Female,3.75,7.5
1250,154,MOBILE WEB,40,Tue,0,0,movie,entertainment,Female,0,3.75
1251,88,MOBILE WEB,40,Sat,15,0,drink,sports,Male,3.75,7.5
1252,68,MOBILE WEB,50,Sat,10,1,drink,sports,Male,11.25,15
1253,126,MOBILE WEB,40,Sun,17,0,food,entertainment,Male,3.75,7.5
1254,61,MOBILE WEB,30,Thu,1,0,corporation,sports,Male,3.75,7.5
1255,161,MOBILE WEB,30,Sat,10,1,drink,entertainment,Female,11.25,15
1256,64,MOBILE WEB,20,Fri,8,1,corporation,sports,Male,11.25,15
1257,143,MOBILE WEB,30,Fri,12,0,medicine,drama,Female,3.75,7.5
1258,83,MOBILE WEB,30,Thu,15,0,corporation,sports,Male,3.75,7.5
1259,189,MOBILE WEB,40,Thu,8,0,movie,entertainment,Female,3.75,7.5
1260,371,MOBILE WEB,50,Wed,16,0,drink,entertainment,Female,3.75,7.5
1261,90,MOBILE WEB,20,Fri,8,0,drink,entertainment,Male,3.75,7.5
1262,185,MOBILE WEB,40,Wed,0,0,food,entertainment,Female,3.75,7.5
1263,61,MOBILE WEB,40,Wed,20,1,drink,sports,Male,11.25,15
1264,236,MOBILE WEB,50,Sat,15,1,food,information,Male,11.25,15
1265,746,MOBILE WEB,30,Fri,17,1,drink,sports,Male,11.25,15
1266,105,MOBILE WEB,30,Thu,12,0,drink,entertainment,Male,11.25,15
1267,213,MOBILE WEB,40,Sat,14,0,health_food,drama,Male,11.25,15
1268,64,PC WEB,20,Wed,10,0,drink,entertainment,Female,0,3.75
1269,187,MOBILE WEB,40,Sun,4,1,health_food,drama,Female,11.25,15
1270,173,MOBILE WEB,20,Wed,14,0,health_food,entertainment,Female,3.75,7.5
1271,161,MOBILE WEB,50,Wed,13,0,food,drama,Female,3.75,7.5
1272,91,PC WEB,50,Thu,15,1,corporation,sports,Male,11.25,15
1273,155,MOBILE WEB,40,Sat,9,0,medicine,entertainment,Female,7.5,11.25
1274,151,MOBILE WEB,60,Mon,17,0,food,entertainment,Female,3.75,7.5
1275,144,MOBILE WEB,20,Sat,9,1,food,entertainment,Female,11.25,15
1276,80,MOBILE WEB,10,Fri,1,0,medicine,drama,Female,3.75,7.5
1277,83,MOBILE WEB,30,Thu,15,0,drink,sports,Male,3.75,7.5
1278,67,MOBILE WEB,30,Thu,12,0,drink,sports,Male,7.5,11.25
1279,187,MOBILE WEB,30,Tue,17,0,drink,drama,Female,3.75,7.5
1280,126,PC WEB,40,Fri,1,0,education,drama,Male,3.75,7.5
1281,112,MOBILE WEB,40,Sat,14,1,drink,sports,Male,11.25,15
1282,116,MOBILE WEB,20,Sun,21,0,medicine,entertainment,Female,11.25,15
1283,101,MOBILE WEB,30,Sat,12,0,food,sports,Male,3.75,7.5
1284,97,PC WEB,40,Wed,13,1,corporation,sports,Male,11.25,15
1285,96,MOBILE WEB,30,Fri,9,0,corporation,entertainment,Male,3.75,7.5
1286,112,MOBILE WEB,40,Sat,14,0,corporation,sports,Male,3.75,7.5
1287,61,MOBILE WEB,40,Sun,12,1,drink,sports,Male,11.25,15
1288,133,MOBILE WEB,30,Sun,18,0,movie,drama,Male,7.5,11.25
1289,236,MOBILE WEB,10,Sun,0,0,education,entertainment,Female,3.75,7.5
1290,136,MOBILE APP,10,Tue,17,0,food,entertainment,Female,3.75,7.5
1291,74,MOBILE WEB,30,Fri,17,1,drink,sports,Male,11.25,15
1292,172,MOBILE WEB,30,Tue,18,0,movie,drama,Female,3.75,7.5
1293,104,MOBILE WEB,30,Sun,23,0,health_food,entertainment,Female,3.75,7.5
1294,127,MOBILE WEB,40,Tue,22,1,drink,sports,Male,11.25,15
1295,82,MOBILE WEB,30,Mon,12,0,food,entertainment,Female,7.5,11.25
1296,156,MOBILE WEB,10,Fri,2,0,health_food,drama,Female,3.75,7.5
1297,72,MOBILE WEB,30,Wed,12,1,drink,sports,Male,11.25,15
1298,145,MOBILE WEB,30,Thu,12,0,food,entertainment,Female,3.75,7.5
1299,160,PC WEB,30,Sun,11,1,food,entertainment,Female,11.25,15
1300,94,PC WEB,40,Thu,23,0,health_food,drama,Female,3.75,7.5
1301,84,MOBILE WEB,30,Thu,12,0,health_food,sports,Male,3.75,7.5
1302,682,MOBILE WEB,20,Tue,20,0,drink,entertainment,Female,3.75,7.5
1303,311,MOBILE WEB,40,Sun,15,0,health_food,music,Male,3.75,7.5
1304,173,MOBILE WEB,30,Fri,8,0,health_food,drama,Female,3.75,7.5
1305,96,MOBILE WEB,50,Sat,20,0,health_food,drama,Female,3.75,7.5
1306,64,MOBILE WEB,30,Tue,11,0,food,sports,Male,3.75,7.5
1307,116,MOBILE APP,10,Wed,23,0,corporation,sports,Male,3.75,7.5
1308,532,MOBILE WEB,40,Fri,14,0,food,sports,Male,3.75,7.5
1309,135,MOBILE WEB,30,Wed,19,0,health_food,entertainment,Female,3.75,7.5
1310,61,PC WEB,50,Fri,13,1,drink,sports,Male,11.25,15
1311,173,MOBILE WEB,40,Tue,10,0,health_food,drama,Female,3.75,7.5
1312,165,MOBILE WEB,30,Sun,0,1,health_food,drama,Female,11.25,15
1313,181,MOBILE WEB,10,Sun,17,0,food,drama,Female,11.25,15
1314,241,MOBILE WEB,40,Sat,10,0,movie,drama,Female,0,3.75
1315,164,MOBILE WEB,40,Fri,12,0,drink,sports,Male,3.75,7.5
1316,61,MOBILE WEB,30,Thu,2,1,drink,sports,Male,11.25,15
1317,145,MOBILE WEB,10,Tue,0,0,drink,entertainment,Female,3.75,7.5
1318,126,MOBILE WEB,60,Tue,0,0,pet,drama,Female,3.75,7.5
1319,398,PC WEB,20,Tue,13,0,drink,sports,Male,3.75,7.5
1320,202,MOBILE APP,10,Wed,0,0,food,entertainment,Female,3.75,7.5
1321,181,MOBILE WEB,40,Sun,9,1,health_food,drama,Male,11.25,15
1322,61,MOBILE WEB,30,Thu,7,1,drink,sports,Male,11.25,15
1323,72,MOBILE WEB,40,Sun,12,1,drink,sports,Male,11.25,15
1324,226,MOBILE WEB,30,Sat,19,0,food,music,Female,3.75,7.5
1325,154,MOBILE WEB,20,Thu,17,0,education,entertainment,Female,3.75,7.5
1326,143,MOBILE WEB,20,Fri,11,0,pet,sports,Male,3.75,7.5
1327,212,MOBILE WEB,50,Thu,12,0,pet,sports,Male,3.75,7.5
1328,66,MOBILE WEB,40,Sat,13,1,drink,sports,Male,11.25,15
1329,61,MOBILE WEB,50,Sun,11,1,drink,sports,Male,11.25,15
1330,160,MOBILE WEB,40,Sat,2,1,health_food,entertainment,Female,11.25,15
1331,69,PC WEB,20,Mon,11,0,drink,sports,Male,3.75,7.5
1332,651,MOBILE WEB,20,Sat,21,0,corporation,sports,Male,3.75,7.5
1333,149,MOBILE WEB,20,Wed,12,0,food,entertainment,Female,7.5,11.25
1334,73,MOBILE WEB,40,Mon,19,0,drink,sports,Male,3.75,7.5
1335,134,MOBILE WEB,30,Wed,12,0,food,drama,Female,3.75,7.5
1336,62,MOBILE WEB,20,Fri,0,0,health_food,drama,Female,3.75,7.5
1337,188,MOBILE WEB,30,Mon,1,0,electronics,drama,Male,7.5,11.25
1338,67,MOBILE WEB,50,Tue,17,1,drink,sports,Male,11.25,15
1339,139,MOBILE WEB,20,Fri,17,0,health_food,entertainment,Female,3.75,7.5
1340,107,MOBILE WEB,20,Thu,9,0,drink,entertainment,Female,3.75,7.5
1341,74,MOBILE APP,10,Sat,10,0,education,entertainment,Female,7.5,11.25
1342,179,MOBILE WEB,40,Sat,8,0,movie,entertainment,Female,7.5,11.25
1343,254,MOBILE APP,10,Mon,12,0,medicine,drama,Female,3.75,7.5
1344,215,MOBILE WEB,30,Wed,10,1,drink,sports,Male,11.25,15
1345,500,MOBILE WEB,30,Fri,17,1,drink,sports,Male,11.25,15
1346,195,MOBILE WEB,30,Sun,20,0,food,entertainment,Female,3.75,7.5
1347,597,MOBILE WEB,30,Sat,12,0,corporation,sports,Male,7.5,11.25
1348,93,MOBILE WEB,40,Sat,13,0,corporation,sports,Male,7.5,11.25
1349,220,MOBILE WEB,40,Thu,17,0,electronics,sports,Male,3.75,7.5
1350,168,MOBILE WEB,30,Sat,17,0,woman,entertainment,Male,7.5,11.25
1351,126,MOBILE WEB,30,Tue,10,0,drink,entertainment,Female,3.75,7.5
1352,90,MOBILE WEB,20,Mon,15,0,education,entertainment,Female,7.5,11.25
1353,747,MOBILE WEB,50,Sun,21,0,corporation,sports,Male,3.75,7.5
1354,195,MOBILE WEB,30,Sun,19,0,food,entertainment,Female,3.75,7.5
1355,787,MOBILE WEB,50,Mon,21,0,drink,sports,Male,3.75,7.5
1356,226,MOBILE WEB,20,Sat,23,1,drink,drama,Female,11.25,15
1357,108,MOBILE WEB,30,Mon,1,0,health_food,entertainment,Female,7.5,11.25
1358,787,MOBILE WEB,40,Mon,18,0,drink,sports,Male,3.75,7.5
1359,205,MOBILE WEB,30,Sat,14,1,drink,sports,Male,11.25,15
1360,81,MOBILE WEB,40,Mon,13,0,electronics,entertainment,Female,7.5,11.25
1361,125,MOBILE WEB,40,Mon,15,0,drink,sports,Male,3.75,7.5
1362,164,MOBILE WEB,30,Thu,13,0,drink,entertainment,Female,11.25,15
1363,173,PC WEB,40,Sun,15,0,education,drama,Male,3.75,7.5
1364,79,MOBILE WEB,40,Sat,13,0,corporation,sports,Male,3.75,7.5
1365,113,MOBILE WEB,30,Mon,21,1,government,information,Female,11.25,15
1366,90,MOBILE WEB,50,Sat,18,1,food,entertainment,Male,11.25,15
1367,178,MOBILE WEB,30,Mon,23,0,food,drama,Female,0,3.75
1368,96,PC WEB,40,Thu,8,0,drink,sports,Male,3.75,7.5
1369,83,MOBILE WEB,20,Thu,3,0,drink,entertainment,Female,11.25,15
1370,128,MOBILE WEB,50,Tue,20,1,electronics,kids,Male,11.25,15
1371,171,MOBILE APP,10,Mon,11,0,food,entertainment,Female,3.75,7.5
1372,99,MOBILE WEB,50,Sun,18,0,food,entertainment,Female,7.5,11.25
1373,153,MOBILE WEB,30,Mon,18,0,pet,entertainment,Male,3.75,7.5
1374,123,MOBILE WEB,30,Fri,9,0,government,entertainment,Female,7.5,11.25
1375,83,MOBILE WEB,40,Sun,23,0,drink,drama,Female,3.75,7.5
1376,267,MOBILE WEB,20,Sun,17,0,health_food,information,Female,7.5,11.25
1377,116,MOBILE WEB,30,Sat,14,1,corporation,sports,Male,11.25,15
1378,532,PC WEB,30,Fri,14,0,drink,sports,Male,0,3.75
1379,627,MOBILE WEB,30,Sat,16,1,drink,sports,Male,11.25,15
1380,157,MOBILE WEB,20,Fri,18,1,government,entertainment,Male,11.25,15
1381,237,MOBILE WEB,20,Sat,16,0,drink,sports,Male,3.75,7.5
1382,127,MOBILE WEB,50,Mon,22,0,drink,information,Female,3.75,7.5
1383,213,MOBILE WEB,10,Thu,21,0,food,music,Female,0,3.75
1384,193,MOBILE WEB,40,Tue,8,0,food,entertainment,Male,3.75,7.5
1385,223,MOBILE WEB,30,Sat,19,1,health_food,music,Female,11.25,15
1386,65,MOBILE WEB,50,Sat,7,0,drink,sports,Male,3.75,7.5
1387,65,MOBILE WEB,30,Tue,11,0,corporation,sports,Male,3.75,7.5
1388,205,MOBILE WEB,30,Sat,14,1,finance,sports,Male,11.25,15
1389,127,MOBILE WEB,30,Tue,22,1,drink,sports,Male,11.25,15
1390,130,MOBILE WEB,40,Thu,16,0,medicine,drama,Female,3.75,7.5
1391,419,MOBILE WEB,30,Tue,11,0,drink,sports,Male,7.5,11.25
1392,160,MOBILE WEB,20,Sun,8,0,food,drama,Female,3.75,7.5
1393,167,MOBILE WEB,20,Sun,9,0,health_food,entertainment,Male,11.25,15
1394,166,MOBILE WEB,30,Wed,13,0,pet,entertainment,Female,3.75,7.5
1395,383,MOBILE WEB,60,Sat,19,0,food,music,Female,3.75,7.5
1396,79,MOBILE WEB,30,Sun,9,0,corporation,sports,Male,3.75,7.5
1397,171,MOBILE WEB,20,Sat,13,0,government,entertainment,Female,3.75,7.5
1398,124,MOBILE WEB,40,Tue,23,0,health_food,current_affairs,Female,3.75,7.5
1399,255,MOBILE WEB,30,Sat,9,0,movie,entertainment,Female,3.75,7.5
1400,198,MOBILE WEB,20,Sat,9,1,food,entertainment,Female,11.25,15
1401,640,MOBILE WEB,40,Sun,10,1,drink,sports,Male,11.25,15
1402,711,MOBILE WEB,50,Thu,9,1,drink,sports,Female,11.25,15
1403,91,MOBILE WEB,30,Sat,18,0,drink,sports,Male,3.75,7.5
1404,688,MOBILE WEB,30,Mon,13,0,finance,sports,Male,3.75,7.5
1405,230,MOBILE WEB,10,Wed,20,0,health_food,entertainment,Female,3.75,7.5
1406,202,PC WEB,30,Wed,11,1,drink,entertainment,Female,11.25,15
1407,176,MOBILE WEB,50,Fri,15,0,drink,sports,Male,3.75,7.5
1408,119,MOBILE WEB,30,Fri,16,0,corporation,sports,Male,3.75,7.5
1409,210,PC WEB,30,Thu,12,0,education,entertainment,Male,3.75,7.5
1410,80,MOBILE WEB,30,Thu,7,0,food,drama,Female,0,3.75
1411,168,MOBILE WEB,20,Fri,2,1,drink,drama,Female,11.25,15
1412,83,PC WEB,60,Thu,15,0,corporation,sports,Male,3.75,7.5
1413,127,MOBILE APP,10,Mon,8,0,food,entertainment,Female,3.75,7.5
1414,66,MOBILE WEB,30,Mon,0,0,drink,sports,Male,3.75,7.5
1415,124,MOBILE WEB,20,Sun,16,0,movie,entertainment,Male,3.75,7.5
1416,180,MOBILE WEB,40,Sun,11,0,drink,sports,Male,3.75,7.5
1417,140,MOBILE WEB,50,Sat,19,0,movie,entertainment,Female,3.75,7.5
1418,308,MOBILE WEB,40,Sat,12,1,drink,entertainment,Female,11.25,15
1419,419,MOBILE WEB,50,Tue,11,0,pet,sports,Male,0,3.75
1420,147,MOBILE WEB,40,Tue,23,0,food,drama,Female,3.75,7.5
1421,237,MOBILE WEB,20,Sat,16,0,drink,sports,Male,11.25,15
1422,184,MOBILE WEB,60,Wed,9,1,health_food,entertainment,Female,11.25,15
1423,160,MOBILE WEB,40,Sat,6,0,food,entertainment,Female,3.75,7.5
1424,97,MOBILE WEB,40,Tue,12,0,corporation,sports,Male,3.75,7.5
1425,126,MOBILE WEB,40,Sun,10,0,drink,sports,Male,3.75,7.5
1426,175,MOBILE WEB,20,Mon,5,0,medicine,drama,Female,3.75,7.5
1427,95,MOBILE WEB,20,Mon,13,0,health_food,drama,Female,3.75,7.5
1428,61,PC WEB,20,Tue,18,0,drink,sports,Male,3.75,7.5
1429,311,MOBILE WEB,10,Mon,11,0,food,music,Male,3.75,7.5
1430,116,MOBILE WEB,50,Thu,11,0,drink,sports,Male,3.75,7.5
1431,143,MOBILE WEB,30,Fri,12,0,food,sports,Male,3.75,7.5
1432,161,PC WEB,30,Fri,12,1,health_food,entertainment,Female,11.25,15
1433,64,MOBILE WEB,40,Tue,14,0,corporation,sports,Male,3.75,7.5
1434,130,PC WEB,20,Sun,11,0,government,entertainment,Male,3.75,7.5
1435,188,MOBILE WEB,30,Tue,22,0,movie,entertainment,Female,3.75,7.5
1436,195,MOBILE WEB,30,Fri,23,1,education,drama,Female,11.25,15
1437,398,MOBILE WEB,30,Tue,11,0,drink,sports,Male,3.75,7.5
1438,62,MOBILE WEB,30,Fri,19,0,corporation,sports,Male,3.75,7.5
1439,85,MOBILE WEB,50,Sun,9,1,electronics,entertainment,Female,11.25,15
1440,89,MOBILE WEB,40,Mon,12,0,corporation,sports,Male,3.75,7.5
1441,96,MOBILE WEB,20,Fri,7,0,food,drama,Female,3.75,7.5
1442,147,MOBILE WEB,30,Wed,23,1,corporation,entertainment,Female,11.25,15
1443,71,PC WEB,40,Thu,15,1,corporation,sports,Male,11.25,15
1444,72,MOBILE WEB,10,Sun,17,0,drink,sports,Male,3.75,7.5
1445,190,MOBILE WEB,20,Tue,16,0,health_food,entertainment,Female,7.5,11.25
1446,73,MOBILE WEB,30,Wed,12,0,corporation,sports,Male,11.25,15
1447,746,MOBILE WEB,40,Sun,8,0,health_food,sports,Male,0,3.75
1448,62,MOBILE WEB,40,Sun,15,1,drink,sports,Male,11.25,15
1449,311,MOBILE WEB,20,Mon,22,0,health_food,music,Female,3.75,7.5
1450,746,MOBILE WEB,40,Fri,15,0,corporation,sports,Male,11.25,15
1451,148,MOBILE WEB,20,Sat,22,0,drink,entertainment,Female,3.75,7.5
1452,134,MOBILE APP,20,Tue,19,1,health_food,entertainment,Female,11.25,15
1453,111,MOBILE WEB,40,Sun,15,0,health_food,current_affairs,Female,3.75,7.5
1454,178,MOBILE WEB,30,Sat,2,0,food,entertainment,Female,7.5,11.25
1455,179,MOBILE WEB,20,Sat,13,0,medicine,entertainment,Female,3.75,7.5
1456,64,PC WEB,40,Mon,10,0,drink,sports,Male,3.75,7.5
1457,167,MOBILE WEB,10,Wed,7,0,electronics,entertainment,Female,7.5,11.25
1458,211,MOBILE WEB,30,Wed,14,1,drink,sports,Male,11.25,15
1459,64,PC WEB,50,Mon,11,0,drink,sports,Male,3.75,7.5
1460,500,MOBILE WEB,30,Fri,17,1,drink,sports,Male,11.25,15
1461,718,PC WEB,40,Thu,9,0,corporation,sports,Male,0,3.75
1462,112,MOBILE WEB,30,Sat,14,0,corporation,sports,Male,0,3.75
1463,79,MOBILE WEB,20,Fri,0,0,government,entertainment,Female,11.25,15
1464,152,MOBILE WEB,30,Sun,19,1,movie,drama,Female,11.25,15
1465,145,MOBILE WEB,20,Wed,16,0,drink,entertainment,Female,7.5,11.25
1466,181,MOBILE WEB,30,Sat,14,1,drink,information,Female,11.25,15
1467,264,MOBILE WEB,20,Wed,19,0,electronics,drama,Female,0,3.75
1468,187,MOBILE WEB,10,Sun,11,0,food,entertainment,Female,3.75,7.5
1469,275,MOBILE WEB,20,Sun,14,0,movie,entertainment,Female,3.75,7.5
1470,280,MOBILE WEB,60,Thu,21,0,electronics,entertainment,Female,3.75,7.5
1471,64,MOBILE WEB,40,Tue,13,0,drink,sports,Male,3.75,7.5
1472,133,MOBILE WEB,10,Wed,11,0,food,drama,Female,3.75,7.5
1473,74,MOBILE WEB,30,Fri,15,0,corporation,sports,Male,7.5,11.25
1474,240,MOBILE WEB,30,Mon,8,0,health_food,entertainment,Female,3.75,7.5
1475,209,MOBILE WEB,50,Sun,12,1,drink,entertainment,Male,11.25,15
1476,72,MOBILE WEB,40,Wed,12,1,drink,sports,Male,11.25,15
1477,102,MOBILE WEB,40,Mon,14,1,government,music,Female,11.25,15
1478,155,MOBILE WEB,20,Fri,23,0,drink,entertainment,Female,3.75,7.5
1479,224,MOBILE WEB,20,Sun,14,0,food,entertainment,Female,3.75,7.5
1480,185,MOBILE WEB,10,Sat,0,0,electronics,entertainment,Female,0,3.75
1481,151,MOBILE WEB,20,Sun,15,0,movie,entertainment,Female,3.75,7.5
1482,148,MOBILE WEB,50,Fri,9,0,pet,entertainment,Female,3.75,7.5
1483,81,MOBILE WEB,40,Sat,13,0,corporation,sports,Male,3.75,7.5
1484,173,MOBILE APP,10,Wed,11,0,pet,entertainment,Female,3.75,7.5
1485,196,MOBILE WEB,20,Mon,0,0,pet,drama,Female,3.75,7.5
1486,132,MOBILE WEB,40,Fri,18,0,corporation,sports,Male,7.5,11.25
1487,206,MOBILE WEB,30,Thu,14,1,drink,sports,Male,11.25,15
1488,144,MOBILE WEB,50,Wed,19,0,drink,entertainment,Male,3.75,7.5
1489,65,MOBILE WEB,30,Tue,17,0,food,sports,Male,3.75,7.5
1490,80,MOBILE WEB,30,Mon,8,0,corporation,sports,Male,3.75,7.5
1491,165,MOBILE WEB,50,Mon,18,0,electronics,entertainment,Female,3.75,7.5
1492,184,MOBILE WEB,20,Thu,1,0,drink,drama,Female,3.75,7.5
1493,107,MOBILE WEB,30,Sat,7,0,movie,entertainment,Male,7.5,11.25
1494,119,PC WEB,10,Mon,2,0,drink,entertainment,Female,3.75,7.5
1495,299,MOBILE WEB,30,Sat,22,0,medicine,entertainment,Male,7.5,11.25
1496,193,MOBILE WEB,20,Mon,20,0,food,entertainment,Female,3.75,7.5
1497,172,MOBILE WEB,30,Wed,6,0,education,entertainment,Male,3.75,7.5
1498,212,MOBILE WEB,50,Sun,23,0,drink,sports,Male,3.75,7.5
1499,149,MOBILE WEB,30,Sun,16,0,health_food,drama,Male,3.75,7.5
1500,233,MOBILE WEB,20,Sun,12,0,health_food,entertainment,Female,11.25,15
1501,169,MOBILE WEB,50,Wed,11,0,food,entertainment,Female,3.75,7.5
1502,70,MOBILE WEB,40,Sun,8,0,corporation,sports,Male,3.75,7.5
1503,61,MOBILE WEB,30,Sun,11,1,drink,sports,Male,11.25,15
1504,126,MOBILE WEB,40,Wed,8,0,corporation,entertainment,Female,3.75,7.5
1505,151,MOBILE WEB,40,Tue,11,0,drink,entertainment,Female,3.75,7.5
1506,84,MOBILE WEB,40,Sat,14,0,finance,sports,Male,3.75,7.5
1507,126,MOBILE WEB,20,Sun,22,0,food,entertainment,Female,3.75,7.5
1508,223,MOBILE WEB,40,Tue,10,0,health_food,entertainment,Female,3.75,7.5
1509,231,MOBILE WEB,20,Fri,1,0,health_food,entertainment,Male,3.75,7.5
1510,151,MOBILE WEB,30,Wed,6,0,corporation,entertainment,Female,0,3.75
1511,102,MOBILE WEB,40,Sat,22,0,health_food,drama,Female,3.75,7.5
1512,145,MOBILE WEB,20,Mon,21,0,education,entertainment,Female,7.5,11.25
1513,146,PC WEB,30,Wed,18,0,drink,entertainment,Female,11.25,15
1514,118,MOBILE WEB,30,Sun,9,0,medicine,entertainment,Female,0,3.75
1515,155,MOBILE WEB,40,Thu,10,0,electronics,entertainment,Male,3.75,7.5
1516,92,PC WEB,30,Sat,13,0,corporation,sports,Male,0,3.75
1517,195,MOBILE WEB,50,Mon,8,0,food,entertainment,Female,3.75,7.5
1518,118,MOBILE WEB,40,Fri,20,0,corporation,sports,Male,3.75,7.5
1519,96,MOBILE WEB,50,Sat,11,0,corporation,sports,Male,3.75,7.5
1520,205,MOBILE WEB,40,Sat,17,1,drink,sports,Male,11.25,15
1521,179,MOBILE WEB,40,Tue,14,0,pet,drama,Female,3.75,7.5
1522,100,MOBILE WEB,10,Sat,16,0,corporation,sports,Male,3.75,7.5
1523,101,MOBILE WEB,40,Sat,14,0,corporation,sports,Male,3.75,7.5
1524,726,MOBILE WEB,40,Sat,21,0,drink,sports,Female,3.75,7.5
1525,149,PC WEB,30,Sun,21,0,drink,entertainment,Female,7.5,11.25
1526,81,MOBILE WEB,20,Sat,14,0,food,current_affairs,Male,3.75,7.5
1527,147,MOBILE WEB,30,Tue,10,0,medicine,entertainment,Female,3.75,7.5
1528,101,PC WEB,20,Sat,14,0,drink,sports,Male,7.5,11.25
1529,152,PC WEB,30,Sat,12,0,health_food,sports,Male,11.25,15
1530,93,PC WEB,30,Sun,10,0,corporation,sports,Female,11.25,15
1531,295,MOBILE WEB,40,Sun,8,0,drink,drama,Male,7.5,11.25
1532,150,MOBILE APP,20,Sat,20,0,food,entertainment,Female,3.75,7.5
1533,213,MOBILE WEB,30,Thu,14,0,food,music,Female,3.75,7.5
1534,112,MOBILE WEB,30,Sat,14,1,finance,sports,Male,11.25,15
1535,102,MOBILE WEB,50,Thu,23,0,government,drama,Female,7.5,11.25
1536,200,MOBILE WEB,10,Fri,19,0,food,entertainment,Female,3.75,7.5
1537,71,PC WEB,40,Mon,11,0,health_food,drama,Male,3.75,7.5
1538,65,MOBILE WEB,40,Sun,12,1,drink,sports,Male,11.25,15
1539,60,MOBILE WEB,40,Sat,13,0,drink,sports,Male,0,3.75
1540,161,MOBILE WEB,30,Tue,18,0,government,entertainment,Female,7.5,11.25
1541,237,MOBILE WEB,40,Fri,7,0,health_food,music,Male,3.75,7.5
1542,330,MOBILE APP,30,Wed,9,0,health_food,sports,Male,7.5,11.25
1543,152,MOBILE WEB,30,Thu,21,0,health_food,drama,Male,3.75,7.5
1544,141,MOBILE WEB,40,Sat,17,0,woman,sports,Male,3.75,7.5
1545,99,MOBILE WEB,40,Thu,13,0,corporation,sports,Male,7.5,11.25
1546,78,MOBILE WEB,30,Sat,14,1,drink,sports,Male,11.25,15
1547,238,MOBILE WEB,40,Sun,9,0,health_food,music,Female,0,3.75
1548,746,PC WEB,40,Sat,17,1,drink,sports,Male,11.25,15
1549,211,MOBILE WEB,30,Sun,9,0,drink,sports,Male,0,3.75
1550,72,MOBILE WEB,40,Wed,12,1,drink,sports,Male,11.25,15
1551,158,MOBILE WEB,30,Sat,20,0,food,entertainment,Female,3.75,7.5
1552,184,MOBILE WEB,40,Fri,21,0,food,entertainment,Female,3.75,7.5
1553,99,MOBILE WEB,20,Thu,14,0,government,sports,Male,3.75,7.5
1554,65,PC WEB,40,Wed,13,0,drink,sports,Male,3.75,7.5
1555,181,MOBILE WEB,40,Sun,20,0,health_food,entertainment,Male,0,3.75
1556,153,MOBILE WEB,30,Mon,23,0,electronics,entertainment,Female,3.75,7.5
1557,82,PC WEB,50,Mon,13,0,government,drama,Male,3.75,7.5
1558,223,MOBILE APP,20,Sat,15,0,drink,music,Female,3.75,7.5
1559,176,MOBILE WEB,50,Mon,12,0,government,drama,Female,3.75,7.5
1560,65,MOBILE WEB,30,Tue,13,0,food,sports,Male,3.75,7.5
1561,61,MOBILE WEB,30,Wed,17,1,drink,sports,Male,11.25,15
1562,134,MOBILE WEB,40,Tue,22,0,health_food,drama,Male,3.75,7.5
1563,129,MOBILE WEB,30,Thu,23,0,food,drama,Female,3.75,7.5
1564,169,MOBILE WEB,40,Mon,13,0,pet,drama,Female,3.75,7.5
1565,215,MOBILE WEB,60,Mon,9,0,food,music,Female,3.75,7.5
1566,133,MOBILE WEB,60,Mon,13,1,food,entertainment,Male,11.25,15
1567,193,MOBILE WEB,30,Mon,22,0,health_food,entertainment,Female,3.75,7.5
1568,112,MOBILE WEB,30,Sat,14,0,corporation,sports,Male,3.75,7.5
1569,110,MOBILE WEB,40,Tue,19,0,corporation,entertainment,Female,0,3.75
1570,225,MOBILE APP,20,Sat,14,0,medicine,entertainment,Female,3.75,7.5
1571,129,MOBILE WEB,20,Fri,0,0,medicine,drama,Female,3.75,7.5
1572,195,MOBILE WEB,30,Sat,9,0,woman,entertainment,Female,3.75,7.5
1573,118,MOBILE WEB,40,Sun,21,1,woman,entertainment,Male,11.25,15
1574,470,MOBILE WEB,40,Sat,17,1,food,entertainment,Female,11.25,15
1575,111,PC WEB,30,Sat,13,0,education,entertainment,Male,11.25,15
1576,101,MOBILE WEB,30,Mon,10,0,movie,entertainment,Female,3.75,7.5
1577,128,MOBILE WEB,30,Sat,16,0,medicine,entertainment,Male,0,3.75
1578,226,MOBILE WEB,20,Fri,21,0,health_food,drama,Female,3.75,7.5
1579,193,MOBILE WEB,30,Mon,1,0,health_food,entertainment,Male,7.5,11.25
1580,205,MOBILE WEB,40,Tue,22,0,drink,entertainment,Female,3.75,7.5
1581,238,MOBILE WEB,30,Tue,10,0,education,drama,Female,3.75,7.5
1582,250,MOBILE WEB,20,Sun,19,0,health_food,drama,Female,3.75,7.5
1583,252,MOBILE WEB,30,Tue,9,0,pet,entertainment,Male,3.75,7.5
1584,356,MOBILE WEB,20,Sun,15,0,movie,music,Female,11.25,15
1585,72,MOBILE WEB,20,Wed,15,0,corporation,sports,Female,3.75,7.5
1586,419,MOBILE WEB,20,Tue,15,0,drink,sports,Male,3.75,7.5
1587,89,MOBILE WEB,40,Sun,8,0,drink,entertainment,Male,3.75,7.5
1588,179,MOBILE WEB,40,Tue,9,0,food,drama,Female,3.75,7.5
1589,180,MOBILE WEB,30,Wed,12,1,electronics,entertainment,Female,11.25,15
1590,245,PC WEB,30,Sun,19,0,food,information,Male,3.75,7.5
1591,90,MOBILE WEB,50,Tue,11,0,drink,entertainment,Male,7.5,11.25
1592,65,MOBILE WEB,40,Tue,15,0,drink,sports,Male,7.5,11.25
1593,289,MOBILE WEB,40,Sun,10,1,food,entertainment,Female,11.25,15
1594,201,MOBILE WEB,20,Fri,9,0,woman,drama,Male,3.75,7.5
1595,67,MOBILE WEB,30,Tue,13,0,corporation,sports,Female,3.75,7.5
1596,79,PC WEB,40,Mon,15,0,drink,sports,Male,3.75,7.5
1597,248,MOBILE WEB,10,Sat,17,0,food,drama,Female,7.5,11.25
1598,227,MOBILE WEB,30,Mon,1,1,medicine,drama,Male,11.25,15
1599,153,MOBILE WEB,50,Mon,14,1,food,entertainment,Female,11.25,15
1600,410,PC WEB,60,Mon,13,1,drink,sports,Male,11.25,15
1601,179,MOBILE WEB,20,Sun,19,0,food,entertainment,Male,3.75,7.5
1602,237,MOBILE WEB,20,Sun,18,0,drink,music,Female,7.5,11.25
1603,64,PC WEB,50,Mon,14,0,finance,sports,Female,3.75,7.5
1604,63,MOBILE WEB,20,Sun,9,0,pet,entertainment,Female,7.5,11.25
1605,200,MOBILE APP,60,Mon,0,0,food,entertainment,Male,3.75,7.5
1606,121,MOBILE WEB,30,Sat,11,1,health_food,entertainment,Female,11.25,15
1607,205,PC WEB,40,Sun,0,1,medicine,entertainment,Female,11.25,15
1608,67,MOBILE WEB,30,Thu,12,0,drink,sports,Male,3.75,7.5
1609,219,MOBILE WEB,30,Tue,0,0,food,entertainment,Male,3.75,7.5
1610,72,MOBILE WEB,40,Wed,12,0,corporation,sports,Male,7.5,11.25
1611,62,MOBILE WEB,40,Fri,18,1,drink,sports,Female,11.25,15
1612,85,MOBILE WEB,40,Sun,18,0,food,sports,Male,3.75,7.5
1613,157,MOBILE WEB,20,Sat,5,0,health_food,entertainment,Female,3.75,7.5
1614,110,MOBILE WEB,30,Wed,23,0,health_food,drama,Female,3.75,7.5
1615,226,MOBILE APP,20,Sat,18,0,education,entertainment,Male,7.5,11.25
1616,130,MOBILE WEB,20,Sun,13,0,food,entertainment,Male,7.5,11.25
1617,130,MOBILE WEB,30,Sun,12,0,health_food,entertainment,Male,7.5,11.25
1618,178,MOBILE WEB,20,Sun,3,0,education,drama,Male,3.75,7.5
1619,223,MOBILE WEB,60,Fri,19,1,health_food,drama,Female,11.25,15
1620,265,MOBILE WEB,30,Sat,7,0,pet,entertainment,Female,0,3.75
1621,132,MOBILE WEB,20,Mon,15,1,health_food,drama,Female,11.25,15
1622,213,MOBILE WEB,30,Wed,12,0,drink,sports,Male,3.75,7.5
1623,74,MOBILE WEB,20,Fri,21,0,corporation,sports,Male,7.5,11.25
1624,143,MOBILE WEB,10,Mon,17,0,government,entertainment,Female,3.75,7.5
1625,201,PC WEB,40,Sun,22,0,drink,sports,Male,7.5,11.25
1626,178,MOBILE WEB,30,Wed,14,0,woman,music,Male,0,3.75
1627,182,MOBILE WEB,10,Sat,1,0,health_food,entertainment,Female,3.75,7.5
1628,133,MOBILE WEB,20,Mon,13,0,drink,drama,Female,3.75,7.5
1629,64,MOBILE WEB,30,Wed,10,0,corporation,sports,Male,11.25,15
1630,151,MOBILE WEB,30,Tue,11,0,health_food,drama,Female,3.75,7.5
1631,206,MOBILE WEB,40,Thu,16,0,health_food,sports,Female,3.75,7.5
1632,195,MOBILE WEB,20,Sun,20,0,food,entertainment,Female,3.75,7.5
1633,67,MOBILE WEB,30,Tue,13,0,corporation,sports,Male,3.75,7.5
1634,97,MOBILE WEB,30,Thu,14,1,health_food,entertainment,Female,11.25,15
1635,207,MOBILE WEB,10,Tue,15,0,drink,entertainment,Female,3.75,7.5
1636,101,MOBILE WEB,40,Sat,12,0,drink,sports,Male,3.75,7.5
1637,82,MOBILE WEB,40,Sat,1,0,government,drama,Female,7.5,11.25
1638,172,MOBILE WEB,50,Fri,20,0,health_food,information,Female,7.5,11.25
1639,118,MOBILE WEB,30,Wed,9,0,drink,sports,Male,3.75,7.5
1640,118,MOBILE WEB,20,Fri,19,0,corporation,sports,Male,7.5,11.25
1641,152,MOBILE WEB,30,Fri,5,0,man,entertainment,Male,3.75,7.5
1642,116,MOBILE WEB,40,Sat,16,1,drink,sports,Male,11.25,15
1643,66,PC WEB,30,Mon,20,0,drink,sports,Male,3.75,7.5
1644,80,MOBILE WEB,40,Fri,8,0,woman,drama,Female,3.75,7.5
1645,213,MOBILE WEB,20,Thu,14,0,food,entertainment,Female,3.75,7.5
1646,83,MOBILE WEB,10,Fri,22,0,health_food,entertainment,Female,11.25,15
1647,79,PC WEB,40,Mon,15,1,drink,sports,Male,11.25,15
1648,140,MOBILE WEB,30,Wed,10,1,health_food,entertainment,Female,11.25,15
1649,108,MOBILE WEB,20,Tue,10,0,corporation,sports,Male,0,3.75
1650,83,MOBILE WEB,50,Sat,7,1,drink,sports,Male,11.25,15
1651,189,MOBILE WEB,50,Fri,9,0,medicine,entertainment,Female,7.5,11.25
1652,62,MOBILE WEB,40,Mon,14,0,drink,sports,Male,0,3.75
1653,166,MOBILE APP,10,Thu,20,0,food,entertainment,Male,7.5,11.25
1654,627,PC WEB,40,Sat,20,1,drink,sports,Male,11.25,15
1655,100,MOBILE WEB,50,Tue,15,1,drink,sports,Male,11.25,15
1656,73,MOBILE WEB,60,Tue,15,0,government,entertainment,Male,0,3.75
1657,151,MOBILE WEB,30,Sun,21,0,food,entertainment,Female,3.75,7.5
1658,146,MOBILE WEB,50,Wed,0,0,food,entertainment,Male,0,3.75
1659,347,MOBILE WEB,20,Sun,11,0,corporation,sports,Male,3.75,7.5
1660,119,MOBILE APP,50,Mon,13,0,movie,entertainment,Female,7.5,11.25
1661,190,MOBILE WEB,50,Thu,19,0,food,drama,Female,3.75,7.5
1662,96,PC WEB,10,Fri,1,0,government,drama,Female,7.5,11.25
1663,787,MOBILE WEB,40,Mon,11,0,drink,sports,Male,3.75,7.5
1664,156,MOBILE WEB,40,Wed,7,0,man,entertainment,Female,11.25,15
1665,164,MOBILE WEB,40,Mon,7,0,government,entertainment,Female,3.75,7.5
1666,171,MOBILE WEB,10,Sun,9,0,drink,sports,Female,3.75,7.5
1667,193,MOBILE WEB,40,Sun,19,0,government,entertainment,Female,3.75,7.5
1668,176,MOBILE WEB,10,Thu,17,0,health_food,entertainment,Female,11.25,15
1669,275,MOBILE WEB,10,Mon,1,0,movie,entertainment,Female,3.75,7.5
1670,101,MOBILE WEB,30,Sat,14,0,drink,sports,Male,7.5,11.25
1671,77,MOBILE WEB,40,Sat,12,0,food,sports,Male,7.5,11.25
1672,115,MOBILE WEB,50,Wed,14,0,food,sports,Male,3.75,7.5
1673,166,MOBILE WEB,40,Wed,18,0,food,information,Male,3.75,7.5
1674,80,MOBILE WEB,40,Thu,22,0,food,drama,Female,3.75,7.5
1675,191,MOBILE WEB,30,Wed,23,0,education,drama,Female,3.75,7.5
1676,67,MOBILE WEB,40,Tue,20,1,drink,sports,Male,11.25,15
1677,60,MOBILE WEB,30,Tue,13,0,corporation,sports,Male,3.75,7.5
1678,191,MOBILE WEB,40,Fri,9,0,health_food,entertainment,Female,7.5,11.25
1679,61,MOBILE WEB,30,Wed,10,0,drink,sports,Male,3.75,7.5
1680,78,MOBILE WEB,20,Fri,12,0,electronics,entertainment,Female,7.5,11.25
1681,236,MOBILE APP,20,Sun,0,0,health_food,music,Female,3.75,7.5
1682,199,MOBILE WEB,20,Mon,0,0,medicine,drama,Female,3.75,7.5
1683,64,MOBILE WEB,20,Tue,8,0,movie,drama,Female,3.75,7.5
1684,181,MOBILE APP,20,Mon,19,0,drink,drama,Female,3.75,7.5
1685,96,MOBILE WEB,20,Wed,17,1,drink,sports,Male,11.25,15
1686,627,MOBILE WEB,20,Sat,17,0,corporation,sports,Male,3.75,7.5
1687,63,MOBILE WEB,30,Wed,18,1,corporation,entertainment,Female,11.25,15
1688,149,MOBILE WEB,10,Mon,7,0,food,entertainment,Female,3.75,7.5
1689,84,MOBILE WEB,60,Sun,4,0,corporation,sports,Male,0,3.75
1690,70,MOBILE WEB,40,Mon,0,0,food,drama,Female,0,3.75
1691,193,PC WEB,30,Thu,18,0,health_food,information,Male,3.75,7.5
1692,787,MOBILE WEB,40,Mon,19,0,drink,sports,Male,3.75,7.5
1693,142,MOBILE WEB,20,Wed,20,0,drink,entertainment,Female,3.75,7.5
1694,192,MOBILE WEB,20,Sun,22,0,food,entertainment,Female,3.75,7.5
1695,164,MOBILE WEB,40,Fri,11,0,food,sports,Male,3.75,7.5
1696,127,MOBILE WEB,30,Wed,10,1,drink,sports,Female,11.25,15
1697,68,MOBILE WEB,60,Mon,8,0,corporation,sports,Female,0,3.75
1698,94,MOBILE WEB,30,Thu,23,0,food,drama,Female,3.75,7.5
1699,205,MOBILE WEB,40,Sat,17,1,drink,sports,Male,11.25,15
1700,64,MOBILE WEB,40,Tue,13,0,drink,sports,Male,3.75,7.5
1701,187,MOBILE WEB,30,Fri,22,0,health_food,entertainment,Male,11.25,15
1702,120,PC WEB,40,Fri,17,1,health_food,entertainment,Male,11.25,15
1703,185,MOBILE WEB,20,Thu,1,0,movie,entertainment,Male,3.75,7.5
1704,198,MOBILE WEB,40,Tue,11,1,electronics,entertainment,Female,11.25,15
1705,172,MOBILE WEB,40,Tue,11,0,health_food,entertainment,Male,3.75,7.5
1706,390,MOBILE WEB,40,Sat,21,0,health_food,entertainment,Female,3.75,7.5
1707,688,MOBILE WEB,60,Mon,14,0,finance,sports,Male,7.5,11.25
1708,60,MOBILE WEB,40,Mon,19,0,drink,sports,Male,3.75,7.5
1709,119,MOBILE WEB,30,Mon,20,0,drink,drama,Female,11.25,15
1710,100,MOBILE WEB,20,Mon,0,0,movie,entertainment,Female,3.75,7.5
1711,185,MOBILE WEB,10,Fri,23,0,government,entertainment,Female,3.75,7.5
1712,64,MOBILE WEB,40,Fri,7,0,health_food,sports,Male,3.75,7.5
1713,499,MOBILE WEB,30,Tue,16,0,drink,sports,Male,3.75,7.5
1714,64,MOBILE WEB,40,Tue,11,0,corporation,sports,Male,3.75,7.5
1715,185,PC WEB,40,Sat,14,0,drink,entertainment,Female,3.75,7.5
1716,68,MOBILE WEB,20,Thu,9,0,finance,entertainment,Female,7.5,11.25
1717,65,MOBILE WEB,10,Tue,16,0,corporation,sports,Male,3.75,7.5
1718,121,MOBILE WEB,40,Sun,16,1,drink,sports,Male,11.25,15
1719,209,MOBILE WEB,10,Thu,20,0,health_food,drama,Female,7.5,11.25
1720,311,MOBILE WEB,30,Sat,19,0,health_food,entertainment,Male,7.5,11.25
1721,711,PC WEB,50,Thu,8,1,drink,sports,Male,11.25,15
1722,627,MOBILE WEB,50,Sat,18,1,drink,sports,Male,11.25,15
1723,65,MOBILE WEB,30,Tue,12,0,corporation,sports,Male,3.75,7.5
1724,176,MOBILE WEB,30,Thu,22,0,drink,drama,Female,3.75,7.5
1725,70,MOBILE WEB,30,Sat,15,0,corporation,sports,Male,11.25,15
1726,83,MOBILE WEB,30,Sat,22,0,health_food,drama,Female,3.75,7.5
1727,115,MOBILE WEB,40,Wed,12,1,drink,sports,Male,11.25,15
1728,112,MOBILE WEB,40,Sat,16,0,drink,sports,Male,3.75,7.5
1729,72,PC WEB,10,Sun,12,0,drink,drama,Female,3.75,7.5
1730,786,MOBILE WEB,40,Sat,16,1,drink,sports,Male,11.25,15
1731,95,MOBILE WEB,20,Mon,10,0,corporation,sports,Male,11.25,15
1732,195,MOBILE WEB,30,Tue,22,0,corporation,entertainment,Female,3.75,7.5
1733,100,MOBILE WEB,50,Tue,13,0,corporation,sports,Male,3.75,7.5
1734,60,MOBILE WEB,30,Tue,13,0,drink,sports,Male,3.75,7.5
1735,115,MOBILE WEB,30,Tue,0,0,man,drama,Female,3.75,7.5
1736,332,MOBILE WEB,40,Sat,20,0,food,music,Female,3.75,7.5
1737,252,MOBILE WEB,20,Tue,0,0,pet,entertainment,Female,3.75,7.5
1738,223,PC WEB,20,Tue,23,1,electronics,music,Female,11.25,15
1739,138,MOBILE WEB,20,Wed,16,0,health_food,sports,Female,3.75,7.5
1740,126,MOBILE WEB,40,Sat,16,0,drink,sports,Male,3.75,7.5
1741,120,MOBILE WEB,40,Thu,7,1,drink,sports,Male,11.25,15
1742,237,MOBILE APP,30,Sat,23,0,corporation,sports,Male,3.75,7.5
1743,266,MOBILE APP,50,Mon,23,0,drink,entertainment,Female,0,3.75
1744,107,MOBILE WEB,30,Fri,21,0,health_food,entertainment,Male,7.5,11.25
1745,161,PC WEB,30,Sun,17,1,drink,entertainment,Female,11.25,15
1746,208,PC WEB,50,Thu,21,0,health_food,entertainment,Male,3.75,7.5
1747,180,MOBILE WEB,20,Wed,11,0,food,entertainment,Male,3.75,7.5
1748,477,MOBILE WEB,50,Fri,10,0,corporation,sports,Male,3.75,7.5
1749,94,MOBILE WEB,30,Sun,22,0,education,entertainment,Female,3.75,7.5
1750,152,MOBILE WEB,40,Sat,8,1,food,drama,Female,11.25,15
1751,95,MOBILE WEB,40,Thu,11,0,drink,sports,Male,3.75,7.5
1752,162,MOBILE WEB,40,Mon,17,0,pet,drama,Female,3.75,7.5
1753,218,PC WEB,20,Sun,21,1,education,entertainment,Female,11.25,15
1754,97,PC WEB,50,Tue,12,0,drink,sports,Male,3.75,7.5
1755,111,MOBILE WEB,30,Sun,21,0,medicine,entertainment,Male,3.75,7.5
1756,116,MOBILE WEB,60,Tue,11,0,corporation,sports,Female,3.75,7.5
1757,163,MOBILE WEB,20,Sun,14,0,drink,entertainment,Female,3.75,7.5
1758,153,MOBILE WEB,60,Tue,9,0,food,entertainment,Female,7.5,11.25
1759,106,MOBILE WEB,30,Mon,0,0,food,drama,Female,3.75,7.5
1760,113,MOBILE WEB,40,Fri,22,0,health_food,entertainment,Male,11.25,15
1761,62,MOBILE WEB,30,Fri,18,1,drink,sports,Male,11.25,15
1762,221,MOBILE WEB,30,Thu,22,0,drink,entertainment,Female,3.75,7.5
1763,205,MOBILE WEB,20,Tue,22,0,health_food,music,Female,7.5,11.25
1764,62,MOBILE WEB,40,Mon,13,0,corporation,sports,Male,3.75,7.5
1765,726,MOBILE WEB,30,Sat,11,0,drink,sports,Male,3.75,7.5
1766,144,MOBILE WEB,30,Thu,0,0,health_food,entertainment,Female,0,3.75
1767,195,MOBILE WEB,30,Thu,20,0,woman,entertainment,Female,3.75,7.5
1768,131,MOBILE WEB,10,Wed,8,1,education,entertainment,Female,11.25,15
1769,265,MOBILE WEB,10,Tue,21,0,health_food,entertainment,Male,3.75,7.5
1770,184,MOBILE WEB,40,Sat,23,1,drink,music,Female,11.25,15
1771,141,MOBILE WEB,30,Thu,22,0,government,information,Female,3.75,7.5
1772,100,MOBILE WEB,40,Tue,16,1,drink,sports,Male,11.25,15
1773,166,MOBILE WEB,50,Tue,21,1,electronics,entertainment,Male,11.25,15
1774,71,MOBILE WEB,40,Sat,4,0,corporation,sports,Male,11.25,15
1775,165,MOBILE WEB,20,Fri,23,0,drink,entertainment,Male,3.75,7.5
1776,175,MOBILE WEB,30,Sun,11,0,drink,drama,Male,7.5,11.25
1777,101,MOBILE WEB,20,Sat,14,0,drink,sports,Male,7.5,11.25
1778,500,MOBILE WEB,30,Fri,18,0,drink,sports,Male,0,3.75
1779,130,MOBILE WEB,40,Sat,13,0,movie,drama,Female,3.75,7.5
1780,190,MOBILE WEB,20,Sat,10,0,drink,entertainment,Female,3.75,7.5
1781,164,MOBILE WEB,40,Sat,11,0,government,entertainment,Female,3.75,7.5
1782,786,MOBILE WEB,10,Sat,17,1,drink,sports,Male,11.25,15
1783,161,MOBILE WEB,30,Sat,11,0,movie,entertainment,Female,0,3.75
1784,213,MOBILE WEB,30,Wed,11,0,drink,sports,Male,3.75,7.5
1785,158,MOBILE WEB,40,Wed,15,1,health_food,drama,Female,11.25,15
1786,252,PC WEB,20,Sat,0,0,food,entertainment,Male,3.75,7.5
1787,101,MOBILE WEB,10,Sun,22,0,movie,entertainment,Female,3.75,7.5
1788,110,MOBILE WEB,40,Wed,7,0,movie,entertainment,Female,3.75,7.5
1789,174,MOBILE WEB,40,Sun,9,0,movie,entertainment,Female,0,3.75
1790,190,MOBILE WEB,40,Sat,7,0,food,entertainment,Female,7.5,11.25
1791,101,MOBILE WEB,30,Sat,13,0,government,sports,Male,3.75,7.5
1792,120,MOBILE WEB,30,Thu,0,0,drink,sports,Male,3.75,7.5
1793,155,PC WEB,20,Mon,16,1,movie,entertainment,Female,11.25,15
1794,125,MOBILE WEB,30,Sat,12,0,drink,entertainment,Male,3.75,7.5
1795,66,MOBILE WEB,40,Sun,14,0,corporation,sports,Male,3.75,7.5
1796,81,MOBILE WEB,40,Wed,0,0,drink,entertainment,Female,3.75,7.5
1797,93,MOBILE WEB,40,Thu,15,0,health_food,entertainment,Male,3.75,7.5
1798,234,MOBILE WEB,30,Sun,16,0,food,entertainment,Female,11.25,15
1799,177,MOBILE WEB,30,Mon,11,0,corporation,sports,Male,3.75,7.5
1800,500,MOBILE WEB,40,Fri,17,1,drink,sports,Male,11.25,15
1801,64,MOBILE WEB,30,Wed,9,0,corporation,sports,Male,3.75,7.5
1802,298,MOBILE WEB,30,Sat,22,0,health_food,drama,Female,3.75,7.5
1803,119,MOBILE WEB,10,Fri,7,0,education,entertainment,Male,3.75,7.5
1804,238,MOBILE WEB,40,Sat,20,0,woman,music,Female,7.5,11.25
1805,160,MOBILE WEB,30,Sun,0,0,education,entertainment,Female,0,3.75
1806,124,MOBILE WEB,20,Thu,19,0,food,entertainment,Female,3.75,7.5
1807,204,PC WEB,40,Sat,2,0,education,entertainment,Female,7.5,11.25
1808,181,MOBILE APP,20,Wed,0,0,education,entertainment,Female,3.75,7.5
1809,510,MOBILE WEB,40,Wed,22,0,drink,entertainment,Female,3.75,7.5
1810,75,MOBILE WEB,50,Mon,19,0,drink,sports,Male,3.75,7.5
1811,115,MOBILE WEB,40,Mon,7,0,government,current_affairs,Female,3.75,7.5
1812,132,PC WEB,30,Mon,22,0,food,drama,Female,7.5,11.25
1813,121,MOBILE WEB,30,Sun,7,1,woman,drama,Female,11.25,15
1814,206,MOBILE WEB,40,Wed,16,1,drink,entertainment,Female,11.25,15
1815,97,MOBILE WEB,30,Tue,11,0,finance,sports,Male,3.75,7.5
1816,67,PC WEB,30,Tue,13,1,drink,sports,Male,11.25,15
1817,135,MOBILE WEB,40,Fri,18,0,food,entertainment,Female,7.5,11.25
1818,190,MOBILE WEB,60,Mon,12,0,health_food,entertainment,Female,3.75,7.5
1819,84,MOBILE WEB,40,Wed,20,0,corporation,sports,Male,3.75,7.5
1820,112,PC WEB,10,Sat,15,0,drink,entertainment,Female,3.75,7.5
1821,141,MOBILE WEB,50,Sun,23,0,food,entertainment,Female,7.5,11.25
1822,101,MOBILE WEB,40,Mon,9,0,corporation,sports,Male,3.75,7.5
1823,77,MOBILE WEB,20,Fri,11,0,food,entertainment,Female,0,3.75
1824,172,MOBILE WEB,30,Fri,7,0,drink,drama,Female,0,3.75
1825,99,MOBILE WEB,30,Thu,12,0,drink,sports,Male,3.75,7.5
1826,93,MOBILE WEB,50,Sat,12,1,drink,sports,Male,11.25,15
1827,69,MOBILE WEB,50,Mon,13,0,finance,sports,Male,3.75,7.5
1828,127,MOBILE WEB,40,Tue,21,1,drink,sports,Male,11.25,15
1829,76,MOBILE WEB,30,Sun,14,0,drink,sports,Male,3.75,7.5
1830,146,MOBILE APP,20,Fri,7,0,food,entertainment,Male,3.75,7.5
1831,107,MOBILE WEB,30,Mon,17,0,health_food,drama,Male,3.75,7.5
1832,120,MOBILE WEB,30,Sat,7,0,woman,entertainment,Female,3.75,7.5
1833,219,MOBILE WEB,10,Fri,7,0,pet,drama,Female,3.75,7.5
1834,245,MOBILE WEB,20,Thu,15,0,food,entertainment,Female,0,3.75
1835,127,MOBILE WEB,40,Wed,9,1,drink,sports,Male,11.25,15
1836,74,MOBILE WEB,10,Sat,8,0,education,entertainment,Female,11.25,15
1837,101,MOBILE WEB,30,Sat,12,0,drink,sports,Male,3.75,7.5
1838,114,MOBILE WEB,30,Fri,9,0,drink,drama,Female,3.75,7.5
1839,485,MOBILE WEB,30,Sun,16,0,corporation,sports,Male,11.25,15
1840,93,MOBILE WEB,30,Thu,13,0,corporation,sports,Male,3.75,7.5
1841,116,PC WEB,60,Thu,17,1,drink,entertainment,Male,11.25,15
1842,71,PC WEB,40,Mon,10,0,medicine,drama,Female,0,3.75
1843,79,MOBILE WEB,30,Sun,15,0,drink,sports,Male,3.75,7.5
1844,84,MOBILE WEB,30,Sat,14,0,drink,sports,Male,3.75,7.5
1845,312,MOBILE WEB,10,Mon,15,0,food,drama,Female,3.75,7.5
1846,187,MOBILE WEB,10,Mon,22,0,health_food,drama,Male,3.75,7.5
1847,201,MOBILE WEB,30,Sun,18,0,corporation,sports,Male,7.5,11.25
1848,140,MOBILE WEB,50,Wed,11,1,pet,entertainment,Female,11.25,15
1849,217,MOBILE WEB,40,Sun,22,0,food,entertainment,Female,3.75,7.5
1850,107,MOBILE WEB,50,Tue,18,1,drink,sports,Male,11.25,15
1851,136,MOBILE WEB,40,Thu,13,1,food,drama,Female,11.25,15
1852,130,MOBILE WEB,40,Thu,18,0,drink,entertainment,Female,3.75,7.5
1853,141,MOBILE WEB,30,Sun,22,0,pet,entertainment,Female,7.5,11.25
1854,74,PC WEB,30,Fri,11,0,corporation,sports,Male,3.75,7.5
1855,63,MOBILE WEB,40,Mon,8,0,drink,sports,Male,3.75,7.5
1856,135,MOBILE WEB,40,Sat,14,0,electronics,drama,Female,3.75,7.5
1857,115,MOBILE WEB,10,Fri,12,0,drink,sports,Female,3.75,7.5
1858,215,PC WEB,10,Thu,19,0,health_food,entertainment,Male,11.25,15
1859,232,MOBILE WEB,20,Tue,16,0,drink,entertainment,Female,3.75,7.5
1860,158,MOBILE WEB,30,Tue,12,0,food,entertainment,Female,7.5,11.25
1861,154,MOBILE WEB,40,Mon,14,0,food,entertainment,Female,0,3.75
1862,167,MOBILE WEB,30,Fri,16,0,movie,entertainment,Female,7.5,11.25
1863,80,MOBILE WEB,30,Tue,20,0,drink,entertainment,Male,3.75,7.5
1864,97,MOBILE WEB,40,Sat,0,0,health_food,drama,Male,3.75,7.5
1865,124,MOBILE WEB,40,Sat,13,0,drink,entertainment,Female,3.75,7.5
1866,65,PC WEB,40,Sat,18,0,corporation,sports,Male,0,3.75
1867,162,MOBILE WEB,30,Sat,6,0,health_food,entertainment,Female,3.75,7.5
1868,98,MOBILE WEB,60,Sat,13,1,drink,sports,Male,11.25,15
1869,61,MOBILE WEB,30,Thu,6,1,drink,sports,Male,11.25,15
1870,88,MOBILE WEB,30,Sat,9,0,corporation,sports,Male,0,3.75
1871,218,PC WEB,20,Sat,22,1,food,entertainment,Female,11.25,15
1872,500,MOBILE WEB,30,Fri,17,0,drink,sports,Male,0,3.75
1873,164,MOBILE WEB,40,Wed,8,0,electronics,entertainment,Female,0,3.75
1874,232,PC WEB,10,Wed,11,0,movie,entertainment,Female,3.75,7.5
1875,688,MOBILE WEB,20,Mon,13,0,finance,sports,Male,3.75,7.5
1876,188,MOBILE WEB,30,Sat,11,0,movie,entertainment,Female,3.75,7.5
1877,74,MOBILE WEB,60,Fri,17,1,drink,sports,Female,11.25,15
1878,65,MOBILE WEB,30,Tue,14,0,drink,sports,Male,3.75,7.5
1879,65,MOBILE WEB,40,Tue,13,0,drink,sports,Male,3.75,7.5
1880,85,PC WEB,40,Sun,13,1,drink,sports,Male,11.25,15
1881,78,MOBILE WEB,40,Sat,16,0,corporation,sports,Male,3.75,7.5
1882,101,MOBILE WEB,20,Mon,9,0,corporation,sports,Male,3.75,7.5
1883,102,MOBILE WEB,30,Wed,23,0,health_food,drama,Female,0,3.75
1884,140,MOBILE WEB,40,Wed,19,0,government,entertainment,Female,7.5,11.25
1885,116,MOBILE WEB,40,Sat,14,1,finance,sports,Male,11.25,15
1886,119,MOBILE WEB,30,Mon,1,0,drink,drama,Female,0,3.75
1887,249,MOBILE WEB,20,Tue,20,0,drink,music,Female,0,3.75
1888,176,MOBILE WEB,20,Sat,19,0,food,entertainment,Male,3.75,7.5
1889,143,MOBILE WEB,50,Fri,12,0,drink,sports,Female,3.75,7.5
1890,153,MOBILE WEB,10,Fri,7,0,woman,entertainment,Female,7.5,11.25
1891,180,MOBILE WEB,10,Sun,22,0,food,entertainment,Male,3.75,7.5
1892,193,MOBILE WEB,40,Mon,10,0,health_food,entertainment,Female,3.75,7.5
1893,225,MOBILE WEB,30,Fri,21,1,corporation,sports,Male,11.25,15
1894,127,MOBILE WEB,30,Thu,1,0,drink,drama,Female,0,3.75
1895,273,MOBILE WEB,40,Mon,21,0,woman,drama,Female,3.75,7.5
1896,162,MOBILE WEB,40,Sun,17,0,food,music,Female,3.75,7.5
1897,130,MOBILE WEB,30,Tue,10,0,government,entertainment,Female,11.25,15
1898,121,MOBILE WEB,50,Tue,7,0,food,entertainment,Female,7.5,11.25
1899,218,MOBILE WEB,20,Tue,8,0,food,drama,Female,7.5,11.25
1900,237,MOBILE WEB,50,Sat,16,1,drink,sports,Male,11.25,15
1901,83,MOBILE WEB,40,Thu,15,0,drink,sports,Male,3.75,7.5
1902,62,MOBILE WEB,30,Thu,13,0,corporation,sports,Male,3.75,7.5
1903,133,PC WEB,30,Fri,20,0,drink,entertainment,Male,3.75,7.5
1904,546,MOBILE WEB,30,Thu,22,0,food,entertainment,Female,3.75,7.5
1905,163,MOBILE WEB,20,Fri,16,0,government,entertainment,Female,0,3.75
1906,164,MOBILE WEB,10,Sat,9,0,movie,entertainment,Male,7.5,11.25
1907,183,PC WEB,50,Sat,17,0,health_food,information,Female,3.75,7.5
1908,88,MOBILE WEB,50,Sat,13,0,corporation,sports,Male,3.75,7.5
1909,597,MOBILE WEB,40,Sat,13,0,corporation,sports,Male,3.75,7.5
1910,112,MOBILE WEB,30,Sat,4,0,movie,entertainment,Female,0,3.75
1911,166,MOBILE WEB,30,Tue,9,0,movie,entertainment,Male,11.25,15
1912,61,MOBILE WEB,60,Wed,10,0,drink,sports,Male,0,3.75
1913,154,MOBILE WEB,40,Tue,8,0,health_food,entertainment,Female,3.75,7.5
1914,126,MOBILE WEB,40,Sat,16,0,health_food,sports,Male,3.75,7.5
1915,306,MOBILE WEB,30,Sun,11,0,food,music,Male,7.5,11.25
1916,66,MOBILE WEB,40,Sun,15,0,woman,sports,Male,11.25,15
1917,161,PC WEB,30,Thu,21,0,health_food,entertainment,Male,11.25,15
1918,78,MOBILE WEB,20,Sat,16,1,drink,sports,Male,11.25,15
1919,128,PC WEB,30,Mon,17,1,movie,entertainment,Male,11.25,15
1920,62,MOBILE WEB,50,Thu,19,0,health_food,drama,Male,3.75,7.5
1921,159,MOBILE WEB,20,Fri,23,0,movie,entertainment,Female,3.75,7.5
1922,182,MOBILE WEB,30,Sun,23,0,health_food,entertainment,Female,3.75,7.5
1923,169,MOBILE WEB,20,Sat,13,0,food,entertainment,Female,3.75,7.5
1924,109,PC WEB,40,Fri,13,0,drink,sports,Male,0,3.75
1925,146,MOBILE WEB,40,Tue,0,1,food,entertainment,Female,11.25,15
1926,163,MOBILE WEB,20,Thu,23,0,medicine,drama,Female,3.75,7.5
1927,178,MOBILE WEB,50,Fri,21,1,health_food,entertainment,Male,11.25,15
1928,143,PC WEB,40,Fri,12,0,drink,sports,Male,3.75,7.5
1929,89,MOBILE WEB,30,Sat,10,1,drink,sports,Male,11.25,15
1930,354,MOBILE WEB,40,Sun,8,0,food,entertainment,Female,3.75,7.5
1931,180,PC WEB,40,Fri,22,0,woman,music,Male,3.75,7.5
1932,212,PC WEB,50,Mon,13,1,drink,sports,Male,11.25,15
1933,131,MOBILE WEB,30,Wed,18,1,drink,sports,Male,11.25,15
1934,161,MOBILE WEB,50,Fri,20,0,food,current_affairs,Female,3.75,7.5
1935,212,PC WEB,40,Tue,12,0,drink,sports,Male,3.75,7.5
1936,104,PC WEB,30,Tue,21,0,food,entertainment,Female,3.75,7.5
1937,271,MOBILE WEB,20,Fri,10,0,medicine,drama,Female,3.75,7.5
1938,63,MOBILE WEB,30,Fri,10,0,drink,sports,Male,3.75,7.5
1939,67,PC WEB,30,Tue,17,0,corporation,sports,Male,3.75,7.5
1940,61,MOBILE WEB,60,Wed,15,1,drink,sports,Male,11.25,15
1941,152,MOBILE WEB,50,Sat,15,0,drink,sports,Male,3.75,7.5
1942,149,MOBILE WEB,40,Fri,22,0,movie,entertainment,Female,7.5,11.25
1943,81,PC WEB,30,Mon,13,0,corporation,sports,Male,7.5,11.25
1944,152,MOBILE WEB,20,Mon,12,0,food,entertainment,Female,3.75,7.5
1945,164,MOBILE WEB,20,Wed,0,0,food,entertainment,Female,3.75,7.5
1946,65,PC WEB,20,Thu,8,0,drink,sports,Male,3.75,7.5
1947,178,MOBILE WEB,20,Sun,11,0,drink,drama,Female,3.75,7.5
1948,148,MOBILE WEB,40,Tue,0,1,government,drama,Female,11.25,15
1949,110,MOBILE WEB,30,Wed,14,1,drink,sports,Female,11.25,15
1950,110,MOBILE WEB,40,Mon,22,0,drink,drama,Female,3.75,7.5
1951,164,MOBILE WEB,20,Tue,23,0,food,entertainment,Female,3.75,7.5
1952,275,MOBILE WEB,40,Mon,12,0,medicine,drama,Female,7.5,11.25
1953,160,MOBILE WEB,50,Mon,15,0,electronics,entertainment,Female,0,3.75
1954,65,MOBILE WEB,40,Tue,11,0,drink,sports,Male,3.75,7.5
1955,112,MOBILE WEB,30,Sun,17,0,education,entertainment,Female,3.75,7.5
1956,233,MOBILE WEB,10,Mon,7,0,medicine,entertainment,Female,3.75,7.5
1957,93,PC WEB,50,Thu,13,0,drink,sports,Male,3.75,7.5
1958,720,PC WEB,50,Mon,11,1,finance,sports,Male,11.25,15
1959,61,MOBILE WEB,40,Thu,6,1,drink,sports,Male,11.25,15
1960,597,MOBILE WEB,50,Sat,13,0,corporation,sports,Male,11.25,15
1961,89,PC WEB,30,Mon,14,0,drink,sports,Male,7.5,11.25
1962,112,PC WEB,50,Sat,17,0,drink,sports,Male,3.75,7.5
1963,124,PC WEB,50,Sat,2,0,health_food,entertainment,Female,3.75,7.5
1964,500,MOBILE WEB,40,Fri,17,1,drink,sports,Female,11.25,15
1965,170,MOBILE WEB,30,Wed,13,0,movie,entertainment,Female,3.75,7.5
1966,171,MOBILE WEB,30,Thu,0,0,woman,entertainment,Female,3.75,7.5
1967,205,MOBILE WEB,50,Mon,1,0,health_food,music,Female,7.5,11.25
1968,67,PC WEB,50,Tue,13,0,corporation,sports,Female,3.75,7.5
1969,129,MOBILE WEB,30,Fri,4,0,movie,drama,Female,3.75,7.5
1970,284,MOBILE WEB,20,Mon,7,0,electronics,entertainment,Male,3.75,7.5
1971,110,MOBILE APP,20,Wed,14,0,corporation,entertainment,Female,3.75,7.5
1972,213,PC WEB,40,Tue,16,0,food,music,Female,3.75,7.5
1973,208,MOBILE WEB,40,Thu,21,0,health_food,music,Female,3.75,7.5
1974,642,MOBILE WEB,50,Sat,12,0,drink,drama,Female,3.75,7.5
1975,66,MOBILE WEB,30,Sun,16,0,drink,sports,Male,3.75,7.5
1976,110,MOBILE WEB,20,Wed,12,1,corporation,sports,Male,11.25,15
1977,183,PC WEB,30,Fri,14,1,drink,information,Female,11.25,15
1978,149,MOBILE WEB,30,Mon,3,1,food,entertainment,Female,11.25,15
1979,106,MOBILE WEB,50,Fri,13,1,corporation,sports,Male,11.25,15
1980,188,MOBILE WEB,20,Fri,0,0,health_food,drama,Female,3.75,7.5
1981,61,MOBILE WEB,30,Tue,20,0,drink,sports,Male,3.75,7.5
1982,153,MOBILE WEB,30,Mon,18,1,health_food,drama,Female,11.25,15
1983,347,MOBILE WEB,20,Sat,19,1,drink,sports,Male,11.25,15
1984,83,MOBILE WEB,30,Sat,6,1,drink,sports,Male,11.25,15
1985,142,PC WEB,60,Tue,16,0,electronics,drama,Male,3.75,7.5
1986,210,MOBILE WEB,40,Thu,11,1,drink,drama,Female,11.25,15
1987,176,MOBILE WEB,40,Fri,10,0,drink,sports,Male,3.75,7.5
1988,118,MOBILE WEB,30,Wed,17,0,corporation,sports,Male,3.75,7.5
1989,315,MOBILE WEB,20,Sun,1,0,government,music,Female,3.75,7.5
1990,119,MOBILE WEB,30,Fri,19,1,drink,sports,Male,11.25,15
1991,64,MOBILE WEB,40,Tue,13,0,drink,sports,Male,3.75,7.5
1992,96,MOBILE WEB,30,Wed,20,1,drink,sports,Male,11.25,15
1993,169,MOBILE WEB,30,Sun,19,1,food,entertainment,Female,11.25,15
1994,235,MOBILE WEB,10,Fri,19,0,food,music,Female,3.75,7.5
1995,193,MOBILE WEB,40,Sun,22,0,drink,entertainment,Male,3.75,7.5
1996,206,MOBILE WEB,30,Sat,12,0,corporation,sports,Male,0,3.75
1997,96,MOBILE WEB,40,Sat,20,0,food,drama,Female,3.75,7.5
1998,161,MOBILE WEB,30,Fri,20,0,electronics,entertainment,Female,7.5,11.25
1999,640,MOBILE WEB,40,Sun,10,1,drink,sports,Male,11.25,15
2000,695,MOBILE WEB,20,Sat,15,0,corporation,sports,Male,3.75,7.5
2001,295,MOBILE WEB,40,Sun,9,0,health_food,drama,Female,3.75,7.5
2002,72,PC WEB,40,Mon,11,0,finance,sports,Male,7.5,11.25
2003,102,PC WEB,20,Wed,0,0,movie,entertainment,Female,7.5,11.25
2004,180,MOBILE WEB,30,Wed,0,0,government,entertainment,Female,3.75,7.5
2005,165,PC WEB,10,Fri,16,0,government,entertainment,Male,3.75,7.5
2006,64,MOBILE WEB,30,Tue,14,0,drink,sports,Male,3.75,7.5
2007,284,MOBILE WEB,40,Sun,0,0,health_food,entertainment,Female,3.75,7.5
2008,118,MOBILE WEB,40,Fri,22,0,corporation,sports,Male,3.75,7.5
2009,65,PC WEB,50,Wed,10,0,drink,sports,Male,3.75,7.5
2010,109,PC WEB,20,Tue,10,1,education,entertainment,Female,11.25,15
2011,173,MOBILE WEB,30,Mon,13,0,medicine,drama,Female,3.75,7.5
2012,159,MOBILE WEB,30,Thu,11,1,food,entertainment,Female,11.25,15
2013,189,MOBILE WEB,20,Sun,22,0,drink,entertainment,Female,7.5,11.25
2014,263,MOBILE APP,20,Mon,17,0,education,drama,Female,3.75,7.5
2015,76,MOBILE WEB,50,Fri,15,1,drink,sports,Male,11.25,15
2016,232,MOBILE WEB,40,Sat,20,0,medicine,entertainment,Female,3.75,7.5
2017,110,MOBILE WEB,10,Sat,11,0,food,drama,Male,3.75,7.5
2018,787,MOBILE WEB,50,Mon,20,0,drink,sports,Male,3.75,7.5
2019,206,MOBILE WEB,50,Sat,12,0,drink,sports,Male,3.75,7.5
2020,124,MOBILE WEB,20,Thu,2,0,movie,entertainment,Female,3.75,7.5
2021,314,MOBILE WEB,30,Sat,0,0,movie,entertainment,Male,11.25,15
2022,190,MOBILE WEB,30,Mon,8,0,food,entertainment,Female,3.75,7.5
2023,255,MOBILE APP,50,Sat,0,0,movie,entertainment,Female,3.75,7.5
2024,92,PC WEB,50,Fri,14,1,drink,sports,Male,11.25,15
2025,309,MOBILE WEB,20,Fri,21,0,health_food,entertainment,Female,3.75,7.5
2026,223,MOBILE WEB,30,Tue,9,0,food,entertainment,Female,3.75,7.5
2027,180,MOBILE WEB,40,Sun,21,0,movie,entertainment,Female,11.25,15
2028,177,MOBILE WEB,20,Mon,22,0,food,drama,Female,3.75,7.5
2029,152,MOBILE WEB,30,Fri,8,0,man,entertainment,Male,3.75,7.5
2030,85,MOBILE WEB,40,Fri,9,0,corporation,sports,Male,7.5,11.25
2031,694,MOBILE WEB,30,Tue,12,0,drink,sports,Male,3.75,7.5
2032,131,MOBILE WEB,10,Wed,17,1,drink,sports,Male,11.25,15
2033,685,MOBILE WEB,60,Sun,16,0,corporation,sports,Male,3.75,7.5
2034,272,MOBILE WEB,10,Thu,12,0,drink,entertainment,Female,3.75,7.5
2035,219,MOBILE WEB,20,Sun,15,0,health_food,music,Female,3.75,7.5
2036,114,MOBILE WEB,30,Fri,22,1,food,entertainment,Male,11.25,15
2037,76,MOBILE WEB,10,Sat,15,0,education,current_affairs,Female,3.75,7.5
2038,86,MOBILE WEB,40,Mon,0,0,food,entertainment,Male,0,3.75
2039,172,MOBILE WEB,30,Sun,9,0,food,information,Female,3.75,7.5
2040,164,MOBILE WEB,50,Wed,10,0,food,entertainment,Female,3.75,7.5
2041,136,MOBILE WEB,40,Fri,23,0,movie,entertainment,Female,0,3.75
2042,98,MOBILE WEB,50,Sat,12,0,drink,sports,Male,3.75,7.5
2043,72,MOBILE WEB,50,Wed,14,0,corporation,sports,Male,3.75,7.5
2044,139,MOBILE WEB,10,Fri,20,0,movie,entertainment,Female,3.75,7.5
2045,237,MOBILE WEB,20,Thu,7,0,movie,music,Female,0,3.75
2046,137,MOBILE WEB,30,Mon,9,1,food,entertainment,Female,11.25,15
2047,67,MOBILE WEB,40,Tue,17,1,drink,sports,Male,11.25,15
2048,87,MOBILE WEB,20,Sat,12,0,education,entertainment,Male,7.5,11.25
2049,67,MOBILE WEB,50,Sun,15,0,corporation,sports,Male,3.75,7.5
2050,285,MOBILE WEB,30,Sun,18,0,drink,sports,Male,11.25,15
2051,184,MOBILE WEB,30,Fri,19,0,food,entertainment,Female,3.75,7.5
2052,64,MOBILE WEB,20,Fri,7,0,drink,sports,Male,3.75,7.5
2053,74,PC WEB,60,Fri,19,0,corporation,sports,Male,3.75,7.5
2054,206,MOBILE WEB,50,Sat,12,0,drink,sports,Male,3.75,7.5
2055,154,MOBILE WEB,50,Sat,13,1,drink,sports,Male,11.25,15
2056,99,PC WEB,30,Thu,14,1,drink,sports,Male,11.25,15
2057,237,MOBILE WEB,40,Sat,19,0,corporation,sports,Male,3.75,7.5
2058,138,MOBILE WEB,30,Fri,14,0,government,drama,Female,3.75,7.5
2059,265,MOBILE APP,10,Sat,13,0,medicine,entertainment,Female,3.75,7.5
2060,222,MOBILE WEB,40,Mon,20,1,food,entertainment,Female,11.25,15
2061,153,MOBILE WEB,40,Mon,20,0,movie,entertainment,Female,7.5,11.25
2062,104,MOBILE WEB,30,Wed,22,0,drink,drama,Female,0,3.75
2063,66,MOBILE WEB,30,Mon,22,0,drink,sports,Male,11.25,15
2064,627,MOBILE WEB,50,Sat,19,1,drink,sports,Female,11.25,15
2065,64,MOBILE WEB,20,Tue,20,0,pet,drama,Female,3.75,7.5
2066,213,MOBILE WEB,20,Wed,10,0,drink,sports,Male,3.75,7.5
2067,154,MOBILE WEB,40,Sat,13,1,drink,sports,Male,11.25,15
2068,102,MOBILE WEB,10,Mon,11,0,pet,entertainment,Female,3.75,7.5
2069,257,MOBILE WEB,20,Sun,20,0,health_food,entertainment,Male,3.75,7.5
2070,185,MOBILE WEB,30,Wed,10,0,food,entertainment,Male,3.75,7.5
2071,205,MOBILE WEB,30,Thu,9,0,movie,entertainment,Female,3.75,7.5
2072,233,MOBILE WEB,30,Fri,23,0,food,music,Male,3.75,7.5
2073,177,PC WEB,30,Thu,15,0,health_food,entertainment,Female,3.75,7.5
2074,152,MOBILE WEB,30,Sat,17,0,drink,sports,Male,3.75,7.5
2075,274,MOBILE WEB,20,Sat,1,0,food,entertainment,Female,3.75,7.5
2076,500,MOBILE WEB,30,Fri,17,0,drink,sports,Male,3.75,7.5
2077,90,MOBILE WEB,10,Mon,1,0,medicine,drama,Male,0,3.75
2078,65,PC WEB,30,Fri,12,0,drink,sports,Male,0,3.75
2079,112,MOBILE WEB,60,Sat,14,0,corporation,sports,Male,3.75,7.5
2080,149,MOBILE WEB,30,Mon,10,0,pet,entertainment,Female,3.75,7.5
2081,134,MOBILE WEB,30,Fri,18,0,health_food,entertainment,Male,3.75,7.5
2082,114,MOBILE WEB,40,Thu,8,1,health_food,drama,Female,11.25,15
2083,70,MOBILE WEB,30,Sat,19,0,drink,sports,Female,3.75,7.5
2084,272,MOBILE WEB,50,Fri,6,0,movie,entertainment,Female,7.5,11.25
2085,188,MOBILE WEB,20,Sat,0,0,corporation,entertainment,Female,7.5,11.25
2086,221,MOBILE APP,20,Sun,15,1,drink,entertainment,Female,11.25,15
2087,205,MOBILE WEB,40,Sat,15,0,finance,sports,Male,7.5,11.25
2088,169,MOBILE WEB,40,Sat,14,0,food,information,Female,3.75,7.5
2089,282,MOBILE WEB,40,Sun,13,0,electronics,drama,Female,11.25,15
2090,237,MOBILE WEB,40,Sat,20,1,drink,sports,Male,11.25,15
2091,124,PC WEB,40,Tue,8,0,drink,sports,Female,3.75,7.5
2092,108,MOBILE WEB,30,Sun,13,0,movie,entertainment,Male,7.5,11.25
2093,118,MOBILE WEB,50,Fri,22,1,corporation,sports,Male,11.25,15
2094,219,MOBILE APP,10,Fri,22,0,food,music,Female,0,3.75
2095,93,MOBILE WEB,20,Thu,12,0,drink,sports,Male,3.75,7.5
2096,107,MOBILE WEB,30,Wed,22,0,food,drama,Female,3.75,7.5
2097,205,MOBILE APP,10,Thu,20,0,government,entertainment,Female,11.25,15
2098,117,PC WEB,30,Mon,12,1,drink,sports,Male,11.25,15
2099,72,MOBILE WEB,40,Wed,18,1,drink,sports,Male,11.25,15
2100,212,MOBILE WEB,40,Sun,18,1,drink,sports,Male,11.25,15
2101,127,MOBILE WEB,50,Sun,1,0,corporation,sports,Male,0,3.75
2102,202,MOBILE WEB,10,Sat,15,0,government,entertainment,Female,3.75,7.5
2103,64,MOBILE WEB,30,Tue,13,0,drink,sports,Male,3.75,7.5
2104,73,MOBILE WEB,40,Sun,21,0,corporation,sports,Male,3.75,7.5
2105,155,MOBILE WEB,30,Sun,14,0,medicine,entertainment,Female,3.75,7.5
2106,745,MOBILE WEB,30,Wed,16,0,corporation,sports,Male,3.75,7.5
2107,118,MOBILE WEB,20,Thu,23,0,health_food,drama,Female,11.25,15
2108,101,MOBILE WEB,60,Sat,14,0,drink,sports,Male,3.75,7.5
2109,60,PC WEB,50,Wed,12,0,drink,sports,Male,3.75,7.5
2110,532,MOBILE WEB,20,Fri,15,0,drink,sports,Female,3.75,7.5
2111,205,MOBILE WEB,40,Mon,15,0,drink,sports,Male,3.75,7.5
2112,72,MOBILE WEB,50,Wed,12,1,drink,sports,Male,11.25,15
2113,154,MOBILE WEB,30,Sat,13,1,drink,sports,Male,11.25,15
2114,180,MOBILE WEB,30,Tue,22,0,food,entertainment,Female,3.75,7.5
2115,62,MOBILE WEB,30,Fri,12,0,pet,sports,Male,3.75,7.5
2116,72,MOBILE WEB,50,Wed,12,1,corporation,sports,Male,11.25,15
2117,154,MOBILE WEB,20,Sun,9,1,drink,entertainment,Male,11.25,15
2118,103,MOBILE WEB,30,Tue,9,0,corporation,sports,Male,3.75,7.5
2119,142,MOBILE WEB,20,Wed,11,0,drink,entertainment,Female,0,3.75
2120,265,MOBILE WEB,10,Sat,11,0,movie,entertainment,Female,3.75,7.5
2121,213,MOBILE WEB,40,Wed,10,0,drink,sports,Male,3.75,7.5
2122,171,MOBILE WEB,30,Sat,0,0,health_food,entertainment,Female,7.5,11.25
2123,265,MOBILE WEB,30,Sat,9,0,medicine,entertainment,Female,3.75,7.5
2124,68,MOBILE WEB,50,Sun,9,0,corporation,sports,Male,3.75,7.5
2125,61,MOBILE WEB,50,Sun,14,0,corporation,sports,Male,3.75,7.5
2126,375,MOBILE WEB,20,Tue,0,0,food,entertainment,Female,3.75,7.5
2127,61,PC WEB,30,Tue,16,0,drink,sports,Male,7.5,11.25
2128,786,MOBILE WEB,30,Sat,19,1,drink,sports,Male,11.25,15
2129,333,MOBILE APP,20,Sat,14,1,woman,entertainment,Female,11.25,15
2130,205,MOBILE WEB,20,Sat,14,1,drink,sports,Male,11.25,15
2131,67,MOBILE WEB,30,Sun,10,0,corporation,sports,Male,3.75,7.5
2132,323,MOBILE WEB,50,Tue,10,0,drink,sports,Male,3.75,7.5
2133,77,MOBILE WEB,30,Wed,23,0,health_food,drama,Female,3.75,7.5
2134,142,MOBILE WEB,20,Mon,7,0,education,drama,Female,3.75,7.5
2135,81,MOBILE WEB,30,Wed,0,0,drink,entertainment,Female,3.75,7.5
2136,158,MOBILE WEB,20,Fri,10,1,food,entertainment,Female,11.25,15
2137,72,MOBILE WEB,40,Wed,19,1,drink,sports,Female,11.25,15
2138,412,MOBILE WEB,40,Sat,19,0,electronics,entertainment,Male,7.5,11.25
2139,175,PC WEB,20,Sun,8,0,medicine,entertainment,Female,0,3.75
2140,141,PC WEB,30,Sat,17,0,drink,sports,Male,7.5,11.25
2141,190,MOBILE WEB,40,Tue,23,0,health_food,information,Female,3.75,7.5
2142,164,PC WEB,50,Fri,10,0,corporation,entertainment,Male,3.75,7.5
2143,162,MOBILE WEB,30,Sun,17,0,drink,music,Male,3.75,7.5
2144,93,MOBILE WEB,40,Sun,10,1,drink,sports,Male,11.25,15
2145,144,MOBILE WEB,40,Wed,18,0,electronics,entertainment,Male,3.75,7.5
2146,110,PC WEB,20,Thu,0,1,drink,sports,Male,11.25,15
2147,113,MOBILE WEB,40,Sun,16,1,movie,drama,Female,11.25,15
2148,98,MOBILE WEB,20,Mon,21,0,food,entertainment,Female,7.5,11.25
2149,227,MOBILE WEB,20,Mon,19,0,drink,entertainment,Female,7.5,11.25
2150,158,MOBILE WEB,50,Fri,10,1,movie,entertainment,Female,11.25,15
2151,215,MOBILE WEB,30,Tue,20,0,drink,sports,Male,3.75,7.5
2152,67,MOBILE WEB,30,Tue,16,1,drink,sports,Male,11.25,15
2153,746,PC WEB,20,Sat,15,0,drink,sports,Male,3.75,7.5
2154,89,PC WEB,50,Mon,10,0,movie,entertainment,Male,3.75,7.5
2155,61,MOBILE WEB,40,Thu,3,1,drink,sports,Female,11.25,15
2156,152,MOBILE WEB,50,Fri,18,0,health_food,entertainment,Male,3.75,7.5
2157,201,MOBILE WEB,30,Sun,18,0,corporation,sports,Male,3.75,7.5
2158,196,MOBILE APP,20,Tue,9,0,health_food,entertainment,Female,3.75,7.5
2159,337,MOBILE WEB,50,Sun,9,0,health_food,information,Female,3.75,7.5
2160,176,MOBILE WEB,20,Sun,11,0,drink,entertainment,Female,0,3.75
2161,97,MOBILE WEB,40,Sat,8,0,health_food,entertainment,Female,7.5,11.25
2162,112,MOBILE WEB,20,Sat,14,1,drink,sports,Male,11.25,15
2163,95,MOBILE WEB,20,Thu,12,0,drink,drama,Female,3.75,7.5
2164,210,PC WEB,40,Mon,11,0,drink,sports,Male,3.75,7.5
2165,237,MOBILE WEB,30,Sun,18,0,drink,music,Female,0,3.75
2166,225,PC WEB,50,Fri,16,1,drink,sports,Male,11.25,15
2167,83,MOBILE WEB,30,Sun,9,0,food,drama,Female,3.75,7.5
2168,154,MOBILE WEB,50,Sat,13,1,drink,sports,Male,11.25,15
2169,154,MOBILE APP,20,Thu,20,0,education,music,Female,3.75,7.5
2170,201,MOBILE WEB,30,Sun,13,0,drink,drama,Male,0,3.75
2171,72,MOBILE WEB,30,Wed,18,1,drink,sports,Male,11.25,15
2172,63,MOBILE WEB,30,Thu,23,1,pet,entertainment,Female,11.25,15
2173,217,MOBILE WEB,30,Mon,13,0,food,entertainment,Male,3.75,7.5
2174,218,MOBILE WEB,10,Thu,11,0,government,entertainment,Female,11.25,15
2175,68,MOBILE WEB,40,Sun,13,0,corporation,sports,Male,3.75,7.5
2176,114,MOBILE WEB,20,Mon,14,0,health_food,entertainment,Female,7.5,11.25
2177,69,MOBILE WEB,30,Tue,14,0,corporation,sports,Male,3.75,7.5
2178,77,MOBILE APP,20,Thu,22,0,electronics,drama,Female,0,3.75
2179,81,MOBILE WEB,40,Sat,13,0,drink,sports,Male,3.75,7.5
2180,360,MOBILE WEB,10,Sun,2,0,health_food,entertainment,Female,3.75,7.5
2181,193,MOBILE WEB,50,Sun,20,0,drink,entertainment,Female,0,3.75
2182,143,MOBILE WEB,60,Sat,10,1,drink,sports,Male,11.25,15
2183,116,MOBILE WEB,40,Mon,12,0,drink,sports,Male,7.5,11.25
2184,172,MOBILE WEB,30,Wed,7,1,food,drama,Male,11.25,15
2185,115,MOBILE WEB,50,Fri,11,0,drink,sports,Male,0,3.75
2186,243,MOBILE WEB,30,Wed,21,0,drink,music,Male,11.25,15
2187,212,PC WEB,20,Sat,14,0,drink,sports,Male,3.75,7.5
2188,233,MOBILE APP,10,Sat,14,0,education,entertainment,Female,3.75,7.5
2189,108,MOBILE WEB,30,Mon,3,0,food,entertainment,Female,3.75,7.5
2190,108,MOBILE WEB,40,Mon,17,0,education,drama,Female,3.75,7.5
2191,160,MOBILE APP,20,Sat,1,0,food,entertainment,Female,0,3.75
2192,107,MOBILE WEB,40,Thu,4,1,drink,sports,Female,11.25,15
2193,184,MOBILE WEB,10,Wed,23,0,woman,drama,Female,3.75,7.5
2194,68,MOBILE WEB,50,Mon,23,0,food,information,Female,3.75,7.5
2195,125,MOBILE WEB,30,Mon,20,0,drink,sports,Male,7.5,11.25
2196,101,MOBILE WEB,40,Sat,14,1,corporation,sports,Male,11.25,15
2197,94,MOBILE WEB,40,Sun,20,1,medicine,entertainment,Female,11.25,15
2198,105,MOBILE WEB,30,Sun,2,0,corporation,sports,Female,3.75,7.5
2199,627,MOBILE WEB,40,Sat,17,1,drink,sports,Male,11.25,15
2200,180,MOBILE WEB,40,Sun,20,0,food,entertainment,Female,3.75,7.5
2201,206,MOBILE WEB,30,Thu,15,0,drink,sports,Male,3.75,7.5
2202,93,MOBILE WEB,10,Sun,11,0,corporation,sports,Male,3.75,7.5
2203,135,MOBILE APP,20,Sun,0,1,health_food,drama,Female,11.25,15
2204,101,MOBILE WEB,50,Sat,17,0,food,sports,Male,3.75,7.5
2205,80,MOBILE WEB,40,Wed,23,0,drink,drama,Female,3.75,7.5
2206,627,MOBILE WEB,50,Sat,17,1,drink,sports,Male,11.25,15
2207,118,MOBILE WEB,20,Wed,9,0,drink,sports,Male,3.75,7.5
2208,433,MOBILE WEB,30,Tue,8,0,food,information,Female,3.75,7.5
2209,195,MOBILE WEB,30,Wed,21,0,corporation,entertainment,Female,11.25,15
2210,74,MOBILE WEB,30,Fri,15,1,drink,sports,Male,11.25,15
2211,352,PC WEB,50,Tue,12,0,corporation,sports,Male,11.25,15
2212,232,MOBILE WEB,20,Sat,3,0,health_food,entertainment,Female,3.75,7.5
2213,265,MOBILE APP,20,Mon,20,0,drink,entertainment,Female,3.75,7.5
2214,84,MOBILE WEB,30,Sun,10,0,drink,sports,Male,3.75,7.5
2215,194,MOBILE WEB,30,Wed,11,0,government,entertainment,Female,3.75,7.5
2216,202,MOBILE WEB,50,Fri,18,0,drink,entertainment,Female,0,3.75
2217,67,MOBILE WEB,30,Sun,19,0,drink,entertainment,Male,0,3.75
2218,237,MOBILE WEB,40,Sat,19,0,drink,sports,Male,7.5,11.25
2219,167,MOBILE WEB,30,Wed,7,0,food,entertainment,Female,7.5,11.25
2220,126,MOBILE WEB,30,Mon,0,0,movie,entertainment,Female,7.5,11.25
2221,196,MOBILE WEB,40,Tue,12,1,government,entertainment,Female,11.25,15
2222,217,MOBILE WEB,50,Mon,3,1,government,entertainment,Female,11.25,15
2223,114,MOBILE WEB,30,Mon,2,0,medicine,drama,Female,7.5,11.25
2224,118,MOBILE WEB,40,Fri,0,0,government,drama,Male,0,3.75
2225,720,PC WEB,40,Mon,12,1,drink,sports,Male,11.25,15
2226,137,MOBILE WEB,60,Thu,12,0,drink,sports,Female,3.75,7.5
2227,152,MOBILE WEB,40,Sat,14,0,drink,sports,Male,3.75,7.5
2228,72,MOBILE WEB,30,Wed,17,1,drink,sports,Male,11.25,15
2229,105,MOBILE WEB,20,Sat,22,0,education,drama,Female,3.75,7.5
2230,747,MOBILE WEB,40,Mon,2,0,corporation,sports,Male,3.75,7.5
2231,169,PC WEB,50,Wed,14,0,electronics,drama,Female,3.75,7.5
2232,112,MOBILE APP,20,Sat,22,0,pet,drama,Male,7.5,11.25
2233,116,MOBILE WEB,40,Wed,7,1,government,entertainment,Female,11.25,15
2234,175,MOBILE WEB,30,Sat,17,0,food,entertainment,Female,7.5,11.25
2235,182,MOBILE WEB,20,Sat,8,0,drink,drama,Male,3.75,7.5
2236,182,MOBILE WEB,20,Fri,19,0,woman,entertainment,Female,3.75,7.5
2237,164,MOBILE WEB,40,Tue,16,0,education,entertainment,Female,3.75,7.5
2238,313,MOBILE WEB,30,Fri,7,0,drink,sports,Male,3.75,7.5
2239,191,MOBILE WEB,20,Fri,17,0,pet,entertainment,Male,7.5,11.25
2240,127,MOBILE WEB,40,Tue,19,1,drink,sports,Male,11.25,15
2241,164,MOBILE WEB,20,Wed,0,0,food,entertainment,Female,3.75,7.5
2242,64,MOBILE WEB,20,Wed,16,0,drink,sports,Male,3.75,7.5
2243,169,PC WEB,40,Wed,15,0,health_food,entertainment,Male,3.75,7.5
2244,241,MOBILE WEB,30,Sat,0,0,government,entertainment,Male,3.75,7.5
2245,216,MOBILE WEB,30,Tue,13,0,health_food,information,Female,3.75,7.5
2246,294,MOBILE WEB,20,Sun,20,0,drink,entertainment,Female,3.75,7.5
2247,121,MOBILE WEB,20,Sun,12,1,drink,sports,Male,11.25,15
2248,72,MOBILE WEB,30,Wed,12,0,drink,sports,Male,11.25,15
2249,166,MOBILE WEB,40,Sun,2,0,food,drama,Female,3.75,7.5
2250,206,MOBILE WEB,30,Mon,17,0,government,entertainment,Female,0,3.75
2251,89,MOBILE WEB,30,Mon,14,0,finance,sports,Male,3.75,7.5
2252,64,MOBILE WEB,40,Fri,7,0,health_food,sports,Male,3.75,7.5
2253,225,MOBILE WEB,30,Thu,21,0,pet,entertainment,Female,3.75,7.5
2254,72,MOBILE WEB,20,Wed,2,0,movie,drama,Female,0,3.75
2255,218,MOBILE WEB,30,Wed,23,0,food,entertainment,Female,11.25,15
2256,95,MOBILE APP,10,Wed,11,0,corporation,entertainment,Female,3.75,7.5
2257,112,MOBILE WEB,30,Sat,15,0,corporation,sports,Male,3.75,7.5
2258,206,MOBILE APP,10,Tue,19,0,pet,entertainment,Female,3.75,7.5
2259,195,MOBILE WEB,40,Sun,21,1,food,entertainment,Female,11.25,15
2260,163,MOBILE WEB,20,Mon,22,0,health_food,entertainment,Female,3.75,7.5
2261,153,MOBILE WEB,30,Tue,15,0,corporation,entertainment,Female,3.75,7.5
2262,92,MOBILE WEB,20,Mon,7,0,education,drama,Female,3.75,7.5
2263,118,MOBILE WEB,60,Fri,21,0,corporation,sports,Male,3.75,7.5
2264,154,MOBILE WEB,60,Sat,16,0,education,entertainment,Female,3.75,7.5
2265,175,MOBILE WEB,30,Thu,19,0,pet,current_affairs,Female,0,3.75
2266,68,MOBILE WEB,60,Mon,14,0,finance,sports,Male,0,3.75
2267,139,PC WEB,10,Mon,17,0,education,entertainment,Female,3.75,7.5
2268,71,MOBILE WEB,60,Sat,15,0,drink,sports,Male,3.75,7.5
2269,161,MOBILE WEB,40,Mon,22,0,movie,drama,Female,3.75,7.5
2270,66,MOBILE WEB,30,Tue,11,0,drink,sports,Male,3.75,7.5
2271,153,MOBILE WEB,40,Sun,22,1,pet,entertainment,Female,11.25,15
2272,168,MOBILE WEB,30,Mon,0,0,food,entertainment,Female,3.75,7.5
2273,134,MOBILE WEB,40,Thu,9,0,government,drama,Female,3.75,7.5
2274,786,MOBILE WEB,30,Sat,15,1,drink,sports,Female,11.25,15
2275,206,MOBILE WEB,30,Thu,15,0,drink,sports,Male,3.75,7.5
2276,193,MOBILE WEB,60,Mon,10,1,health_food,entertainment,Male,11.25,15
2277,156,MOBILE WEB,30,Tue,23,0,drink,drama,Female,3.75,7.5
2278,129,MOBILE WEB,40,Fri,23,0,drink,drama,Female,7.5,11.25
2279,118,MOBILE WEB,50,Fri,22,0,corporation,sports,Male,7.5,11.25
2280,159,MOBILE WEB,20,Sun,18,0,health_food,entertainment,Male,7.5,11.25
2281,158,MOBILE WEB,40,Sat,0,0,government,entertainment,Female,7.5,11.25
2282,190,MOBILE WEB,30,Mon,10,0,health_food,entertainment,Female,0,3.75
2283,178,MOBILE WEB,40,Sat,11,0,movie,entertainment,Female,0,3.75
2284,96,MOBILE WEB,40,Wed,21,1,drink,sports,Male,11.25,15
2285,137,MOBILE WEB,30,Mon,3,0,movie,entertainment,Female,3.75,7.5
2286,103,MOBILE WEB,30,Fri,12,0,corporation,sports,Male,3.75,7.5
2287,180,MOBILE WEB,40,Sun,10,0,drink,sports,Male,0,3.75
2288,173,MOBILE WEB,30,Wed,11,0,electronics,entertainment,Female,3.75,7.5
2289,67,MOBILE WEB,40,Sun,16,0,drink,sports,Male,7.5,11.25
2290,227,MOBILE WEB,40,Sun,9,0,health_food,entertainment,Female,0,3.75
2291,217,MOBILE WEB,20,Sun,23,0,education,entertainment,Female,3.75,7.5
2292,79,MOBILE WEB,40,Mon,6,0,corporation,sports,Male,3.75,7.5
2293,207,MOBILE APP,10,Wed,15,0,health_food,entertainment,Male,7.5,11.25
2294,175,MOBILE WEB,40,Mon,23,0,health_food,entertainment,Female,3.75,7.5
2295,117,PC WEB,30,Wed,19,0,drink,sports,Male,0,3.75
2296,226,MOBILE WEB,20,Sun,20,0,education,entertainment,Male,3.75,7.5
2297,65,MOBILE WEB,30,Tue,13,0,health_food,sports,Male,3.75,7.5
2298,87,MOBILE WEB,40,Sun,8,1,drink,sports,Male,11.25,15
2299,237,MOBILE WEB,40,Sat,16,1,drink,sports,Male,11.25,15
2300,189,MOBILE WEB,40,Sat,7,0,pet,entertainment,Female,3.75,7.5
2301,85,MOBILE WEB,40,Thu,21,0,pet,drama,Female,3.75,7.5
2302,70,PC WEB,30,Thu,17,0,drink,sports,Male,11.25,15
2303,640,MOBILE WEB,50,Sun,15,0,corporation,sports,Male,11.25,15
2304,126,MOBILE WEB,20,Tue,17,0,movie,entertainment,Female,3.75,7.5
2305,248,MOBILE WEB,40,Thu,19,0,drink,music,Male,0,3.75
2306,180,MOBILE WEB,10,Wed,19,1,pet,entertainment,Female,11.25,15
2307,213,MOBILE WEB,30,Wed,12,0,drink,sports,Male,3.75,7.5
2308,299,MOBILE WEB,40,Sun,18,0,corporation,sports,Male,3.75,7.5
2309,77,MOBILE WEB,40,Thu,18,0,drink,information,Female,3.75,7.5
2310,133,MOBILE WEB,20,Sat,20,1,drink,entertainment,Female,11.25,15
2311,174,MOBILE WEB,40,Tue,13,1,food,entertainment,Female,11.25,15
2312,206,MOBILE WEB,20,Sat,13,0,corporation,sports,Male,3.75,7.5
2313,190,MOBILE WEB,30,Sat,2,0,pet,entertainment,Female,3.75,7.5
2314,73,PC WEB,30,Sat,23,0,drink,entertainment,Male,3.75,7.5
2315,81,PC WEB,30,Sun,11,0,drink,sports,Male,3.75,7.5
2316,86,MOBILE WEB,50,Sat,10,0,health_food,current_affairs,Female,3.75,7.5
2317,126,PC WEB,40,Tue,8,1,food,sports,Male,11.25,15
2318,215,MOBILE APP,20,Fri,11,0,drink,entertainment,Female,7.5,11.25
2319,201,MOBILE APP,10,Wed,8,0,medicine,entertainment,Female,3.75,7.5
2320,104,MOBILE WEB,10,Sat,1,0,government,entertainment,Female,3.75,7.5
2321,118,MOBILE APP,20,Sat,2,0,drink,entertainment,Female,0,3.75
2322,78,MOBILE WEB,40,Sat,19,0,medicine,entertainment,Female,3.75,7.5
2323,255,MOBILE APP,10,Fri,22,0,food,entertainment,Female,3.75,7.5
2324,336,MOBILE WEB,30,Thu,0,0,electronics,entertainment,Female,7.5,11.25
2325,131,PC WEB,20,Tue,13,0,health_food,entertainment,Male,3.75,7.5
2326,116,MOBILE WEB,20,Sun,14,0,food,drama,Female,3.75,7.5
2327,163,MOBILE WEB,30,Sun,6,0,drink,entertainment,Male,0,3.75
2328,67,MOBILE WEB,20,Tue,13,0,corporation,sports,Male,3.75,7.5
2329,280,MOBILE APP,10,Mon,22,0,food,drama,Female,7.5,11.25
2330,127,PC WEB,40,Wed,9,1,education,entertainment,Male,11.25,15
2331,180,MOBILE WEB,40,Sun,13,1,drink,sports,Male,11.25,15
2332,161,MOBILE WEB,30,Tue,13,0,health_food,entertainment,Female,7.5,11.25
2333,72,MOBILE WEB,50,Mon,10,0,movie,drama,Female,3.75,7.5
2334,164,MOBILE WEB,40,Mon,23,0,food,drama,Female,3.75,7.5
2335,205,MOBILE WEB,50,Sat,16,1,drink,sports,Male,11.25,15
2336,80,MOBILE WEB,20,Wed,19,0,health_food,entertainment,Male,3.75,7.5
2337,190,MOBILE WEB,30,Mon,18,0,drink,entertainment,Female,3.75,7.5
2338,330,MOBILE WEB,30,Wed,10,0,drink,sports,Male,3.75,7.5
2339,215,MOBILE WEB,40,Sat,0,0,movie,drama,Female,3.75,7.5
2340,174,MOBILE WEB,30,Wed,8,0,health_food,entertainment,Female,7.5,11.25
2341,169,MOBILE WEB,40,Mon,23,1,government,drama,Female,11.25,15
2342,165,MOBILE WEB,20,Sat,20,0,health_food,drama,Female,0,3.75
2343,190,MOBILE WEB,50,Mon,9,0,food,entertainment,Female,0,3.75
2344,101,MOBILE WEB,40,Sat,14,0,corporation,sports,Female,3.75,7.5
2345,176,MOBILE WEB,10,Fri,17,0,health_food,entertainment,Female,3.75,7.5
2346,169,MOBILE WEB,40,Fri,16,0,pet,entertainment,Female,7.5,11.25
2347,227,MOBILE WEB,40,Sun,19,1,drink,entertainment,Female,11.25,15
2348,74,MOBILE WEB,20,Fri,16,0,corporation,sports,Male,7.5,11.25
2349,61,MOBILE WEB,20,Thu,20,0,health_food,entertainment,Female,7.5,11.25
2350,78,MOBILE WEB,40,Sun,21,0,corporation,sports,Male,3.75,7.5
2351,94,MOBILE WEB,50,Thu,23,0,pet,drama,Female,3.75,7.5
2352,797,PC WEB,30,Wed,16,1,food,sports,Male,11.25,15
2353,62,MOBILE WEB,40,Fri,23,0,food,entertainment,Male,3.75,7.5
2354,143,MOBILE WEB,30,Fri,20,0,health_food,entertainment,Female,11.25,15
2355,107,MOBILE WEB,40,Thu,8,0,drink,entertainment,Male,3.75,7.5
2356,154,MOBILE WEB,60,Tue,9,0,food,entertainment,Female,7.5,11.25
2357,216,MOBILE WEB,30,Fri,10,0,drink,entertainment,Male,3.75,7.5
2358,285,MOBILE WEB,20,Thu,15,0,education,entertainment,Male,3.75,7.5
2359,78,MOBILE WEB,30,Tue,22,0,corporation,entertainment,Male,3.75,7.5
2360,72,MOBILE WEB,40,Wed,14,1,drink,sports,Male,11.25,15
2361,262,MOBILE APP,10,Mon,1,0,food,drama,Female,0,3.75
2362,285,MOBILE WEB,40,Thu,12,0,food,music,Male,3.75,7.5
2363,96,MOBILE WEB,40,Wed,19,1,drink,sports,Male,11.25,15
2364,172,MOBILE WEB,20,Wed,0,0,health_food,entertainment,Female,3.75,7.5
2365,149,MOBILE WEB,30,Wed,22,0,food,entertainment,Female,3.75,7.5
2366,81,MOBILE WEB,30,Sat,14,1,drink,sports,Male,11.25,15
2367,140,MOBILE WEB,30,Tue,23,0,movie,entertainment,Female,3.75,7.5
2368,532,MOBILE WEB,40,Fri,13,0,corporation,sports,Male,3.75,7.5
2369,312,MOBILE WEB,20,Sun,12,0,health_food,entertainment,Male,3.75,7.5
2370,164,MOBILE APP,40,Fri,0,0,corporation,entertainment,Female,7.5,11.25
2371,597,MOBILE WEB,60,Sat,15,0,corporation,sports,Male,0,3.75
2372,136,MOBILE WEB,30,Fri,10,0,medicine,drama,Female,3.75,7.5
2373,101,MOBILE WEB,30,Sat,12,0,drink,sports,Male,3.75,7.5
2374,145,MOBILE WEB,50,Mon,17,0,food,entertainment,Female,3.75,7.5
2375,215,MOBILE WEB,50,Tue,21,0,corporation,sports,Male,0,3.75
2376,164,MOBILE WEB,40,Sun,18,0,medicine,entertainment,Female,3.75,7.5
2377,240,MOBILE WEB,20,Thu,17,1,food,music,Male,11.25,15
2378,141,PC WEB,60,Sun,15,0,electronics,current_affairs,Male,3.75,7.5
2379,170,MOBILE WEB,50,Sat,7,0,food,entertainment,Female,0,3.75
2380,63,MOBILE WEB,50,Mon,6,0,corporation,sports,Female,3.75,7.5
2381,78,MOBILE WEB,10,Fri,13,0,food,entertainment,Female,3.75,7.5
2382,190,MOBILE WEB,40,Sat,12,0,drink,entertainment,Female,3.75,7.5
2383,201,MOBILE WEB,10,Sun,2,0,food,entertainment,Female,3.75,7.5
2384,119,MOBILE APP,20,Thu,11,1,medicine,entertainment,Female,11.25,15
2385,347,MOBILE WEB,30,Sun,13,1,drink,sports,Male,11.25,15
2386,142,MOBILE WEB,40,Sun,20,0,food,drama,Female,3.75,7.5
2387,152,MOBILE APP,30,Mon,9,0,food,entertainment,Female,7.5,11.25
2388,145,MOBILE WEB,30,Fri,18,1,drink,sports,Male,11.25,15
2389,202,MOBILE WEB,20,Fri,13,0,movie,entertainment,Female,3.75,7.5
2390,178,MOBILE WEB,20,Sat,8,0,health_food,entertainment,Female,3.75,7.5
2391,81,MOBILE WEB,40,Sat,11,0,drink,sports,Male,0,3.75
2392,72,PC WEB,60,Mon,10,1,drink,sports,Female,11.25,15
2393,162,MOBILE WEB,40,Fri,8,0,electronics,entertainment,Female,3.75,7.5
2394,170,MOBILE WEB,40,Mon,8,0,drink,sports,Male,3.75,7.5
2395,84,MOBILE WEB,30,Wed,11,1,drink,sports,Male,11.25,15
2396,231,MOBILE WEB,30,Sat,21,0,medicine,entertainment,Female,3.75,7.5
2397,83,MOBILE WEB,30,Fri,20,1,corporation,sports,Male,11.25,15
2398,139,MOBILE APP,20,Fri,14,0,movie,drama,Female,3.75,7.5
2399,241,MOBILE WEB,20,Mon,0,0,electronics,entertainment,Male,7.5,11.25
2400,787,MOBILE WEB,40,Mon,18,0,drink,sports,Male,3.75,7.5
2401,180,MOBILE WEB,30,Wed,12,1,health_food,entertainment,Female,11.25,15
2402,72,MOBILE WEB,40,Wed,13,1,drink,sports,Male,11.25,15
2403,150,MOBILE WEB,30,Thu,22,0,education,entertainment,Male,11.25,15
2404,84,MOBILE WEB,40,Thu,13,0,drink,sports,Male,3.75,7.5
2405,96,MOBILE WEB,40,Wed,14,0,corporation,sports,Male,0,3.75
2406,201,PC WEB,20,Wed,16,1,food,drama,Female,11.25,15
2407,65,MOBILE WEB,40,Tue,16,0,drink,sports,Female,3.75,7.5
2408,65,PC WEB,40,Fri,13,0,drink,sports,Male,3.75,7.5
2409,118,MOBILE WEB,60,Fri,19,1,drink,sports,Male,11.25,15
2410,173,MOBILE WEB,50,Tue,7,0,government,entertainment,Female,0,3.75
2411,139,MOBILE WEB,30,Fri,0,0,government,drama,Female,11.25,15
2412,91,MOBILE WEB,30,Fri,12,1,government,sports,Male,11.25,15
2413,123,MOBILE WEB,20,Sun,8,0,pet,entertainment,Male,3.75,7.5
2414,100,MOBILE WEB,50,Tue,21,0,food,drama,Female,3.75,7.5
2415,140,MOBILE WEB,40,Fri,1,0,food,entertainment,Female,3.75,7.5
2416,147,MOBILE APP,20,Mon,23,0,food,drama,Female,3.75,7.5
2417,109,MOBILE WEB,40,Sun,23,0,education,drama,Female,3.75,7.5
2418,94,MOBILE WEB,50,Sat,15,0,drink,sports,Male,3.75,7.5
2419,106,MOBILE WEB,40,Sat,17,0,food,drama,Female,3.75,7.5
2420,188,MOBILE WEB,30,Thu,23,0,drink,drama,Male,3.75,7.5
2421,169,MOBILE WEB,50,Thu,14,0,health_food,drama,Female,0,3.75
2422,115,MOBILE WEB,30,Fri,0,0,education,drama,Female,0,3.75
2423,205,MOBILE WEB,50,Sat,17,1,drink,sports,Female,11.25,15
2424,122,MOBILE WEB,10,Mon,1,0,education,drama,Female,3.75,7.5
2425,153,MOBILE WEB,40,Mon,15,0,food,drama,Female,3.75,7.5
2426,805,MOBILE WEB,40,Tue,22,1,drink,sports,Male,11.25,15
2427,98,MOBILE APP,20,Sat,2,0,education,entertainment,Female,3.75,7.5
2428,146,PC WEB,30,Thu,16,1,government,entertainment,Female,11.25,15
2429,350,MOBILE WEB,30,Sat,19,0,government,music,Male,3.75,7.5
2430,133,MOBILE WEB,60,Thu,2,0,drink,drama,Male,3.75,7.5
2431,640,MOBILE WEB,10,Sun,14,0,corporation,sports,Male,3.75,7.5
2432,136,PC WEB,30,Fri,23,0,food,drama,Female,3.75,7.5
2433,164,MOBILE WEB,30,Fri,7,1,drink,entertainment,Male,11.25,15
2434,97,MOBILE WEB,40,Tue,12,0,corporation,sports,Male,3.75,7.5
2435,178,MOBILE WEB,40,Mon,22,1,electronics,drama,Female,11.25,15
2436,63,MOBILE WEB,20,Wed,12,0,drink,sports,Male,0,3.75
2437,134,MOBILE WEB,20,Sun,9,0,health_food,entertainment,Female,3.75,7.5
2438,175,MOBILE WEB,20,Sun,20,0,health_food,entertainment,Female,3.75,7.5
2439,205,MOBILE WEB,20,Sat,14,0,drink,sports,Male,0,3.75
2440,177,MOBILE WEB,40,Thu,11,0,health_food,entertainment,Female,3.75,7.5
2441,430,MOBILE WEB,40,Tue,23,0,drink,sports,Male,3.75,7.5
2442,64,MOBILE WEB,30,Wed,10,0,drink,sports,Male,3.75,7.5
2443,100,MOBILE WEB,30,Tue,15,1,drink,sports,Male,11.25,15
2444,140,MOBILE WEB,50,Mon,6,0,pet,information,Female,3.75,7.5
2445,179,MOBILE WEB,40,Thu,0,0,food,entertainment,Female,3.75,7.5
2446,204,MOBILE WEB,30,Thu,21,0,food,drama,Female,3.75,7.5
2447,145,MOBILE WEB,20,Mon,21,0,education,entertainment,Female,3.75,7.5
2448,280,MOBILE WEB,30,Mon,22,0,health_food,drama,Female,7.5,11.25
2449,66,MOBILE WEB,30,Sat,14,1,drink,sports,Male,11.25,15
2450,97,MOBILE WEB,40,Tue,11,0,finance,sports,Male,3.75,7.5
2451,96,MOBILE WEB,60,Wed,16,1,drink,sports,Male,11.25,15
2452,242,MOBILE WEB,30,Sat,11,0,movie,drama,Female,3.75,7.5
2453,103,MOBILE WEB,40,Mon,20,0,drink,sports,Male,3.75,7.5
2454,100,MOBILE WEB,40,Tue,13,0,corporation,sports,Male,3.75,7.5
2455,112,MOBILE WEB,40,Sat,23,0,corporation,sports,Male,3.75,7.5
2456,688,MOBILE WEB,30,Mon,14,0,finance,sports,Male,0,3.75
2457,118,MOBILE WEB,20,Fri,21,0,corporation,sports,Male,0,3.75
2458,64,MOBILE WEB,30,Fri,8,0,drink,sports,Male,7.5,11.25
2459,176,MOBILE WEB,30,Wed,10,0,electronics,entertainment,Female,7.5,11.25
2460,176,MOBILE WEB,20,Thu,23,0,drink,drama,Female,3.75,7.5
2461,165,MOBILE WEB,60,Mon,17,0,electronics,entertainment,Female,3.75,7.5
2462,193,MOBILE WEB,40,Thu,11,1,food,entertainment,Female,11.25,15
2463,72,PC WEB,20,Wed,11,1,drink,sports,Male,11.25,15
2464,340,MOBILE APP,10,Mon,20,0,drink,drama,Female,7.5,11.25
2465,477,MOBILE WEB,50,Fri,10,0,corporation,sports,Male,0,3.75
2466,65,MOBILE WEB,50,Tue,14,0,corporation,sports,Male,3.75,7.5
2467,217,MOBILE WEB,20,Mon,7,1,food,entertainment,Male,11.25,15
2468,60,MOBILE WEB,30,Sat,13,1,drink,sports,Male,11.25,15
2469,199,MOBILE APP,20,Sat,13,0,health_food,entertainment,Female,3.75,7.5
2470,488,MOBILE WEB,20,Wed,7,0,medicine,drama,Female,0,3.75
2471,112,MOBILE WEB,30,Mon,7,0,electronics,drama,Female,7.5,11.25
2472,159,MOBILE WEB,50,Thu,20,0,food,entertainment,Female,3.75,7.5
2473,323,MOBILE WEB,10,Tue,10,0,drink,sports,Male,3.75,7.5
2474,165,MOBILE WEB,30,Fri,16,0,drink,entertainment,Female,0,3.75
2475,127,MOBILE APP,20,Mon,22,0,food,entertainment,Female,3.75,7.5
2476,627,MOBILE WEB,30,Sun,11,1,finance,sports,Male,11.25,15
2477,204,MOBILE WEB,20,Sat,14,1,education,entertainment,Female,11.25,15
2478,464,MOBILE WEB,30,Sat,14,0,drink,entertainment,Female,3.75,7.5
2479,205,MOBILE WEB,30,Tue,17,0,food,entertainment,Male,7.5,11.25
2480,112,MOBILE WEB,40,Sat,14,1,finance,sports,Male,11.25,15
2481,101,MOBILE WEB,30,Sat,13,0,drink,sports,Male,3.75,7.5
2482,237,MOBILE WEB,50,Sat,17,0,drink,sports,Male,3.75,7.5
2483,94,MOBILE WEB,30,Sat,21,0,health_food,drama,Female,3.75,7.5
2484,118,MOBILE WEB,20,Fri,21,0,corporation,sports,Male,0,3.75
2485,64,MOBILE WEB,40,Tue,12,0,drink,sports,Male,7.5,11.25
2486,134,MOBILE WEB,40,Thu,22,0,education,drama,Female,3.75,7.5
2487,183,MOBILE APP,20,Thu,21,0,food,entertainment,Female,3.75,7.5
2488,173,MOBILE WEB,20,Sat,10,0,drink,drama,Female,3.75,7.5
2489,786,MOBILE WEB,30,Sat,16,1,drink,sports,Male,11.25,15
2490,73,MOBILE WEB,50,Wed,7,0,corporation,entertainment,Male,3.75,7.5
2491,131,MOBILE APP,10,Sat,2,0,education,entertainment,Female,3.75,7.5
2492,115,MOBILE WEB,50,Mon,9,0,drink,sports,Male,0,3.75
2493,168,MOBILE WEB,40,Thu,17,0,health_food,entertainment,Female,0,3.75
2494,171,MOBILE WEB,60,Tue,14,1,government,information,Female,11.25,15
2495,135,MOBILE WEB,40,Fri,0,0,movie,entertainment,Female,3.75,7.5
2496,155,MOBILE WEB,20,Wed,11,0,man,information,Male,3.75,7.5
2497,83,MOBILE WEB,30,Sat,8,0,corporation,sports,Male,3.75,7.5
2498,196,MOBILE WEB,20,Tue,9,0,health_food,entertainment,Female,3.75,7.5
2499,125,MOBILE WEB,20,Sun,14,0,education,entertainment,Male,3.75,7.5
2500,126,MOBILE WEB,40,Sun,14,1,drink,sports,Male,11.25,15
2501,185,MOBILE APP,20,Sun,1,0,government,drama,Female,11.25,15
2502,230,MOBILE APP,10,Tue,23,0,food,entertainment,Female,3.75,7.5
2503,101,PC WEB,30,Sat,17,0,food,sports,Male,7.5,11.25
2504,81,MOBILE WEB,30,Mon,17,0,food,entertainment,Female,3.75,7.5
2505,127,MOBILE APP,10,Sun,23,0,education,entertainment,Female,0,3.75
2506,97,MOBILE WEB,50,Fri,8,0,food,drama,Male,3.75,7.5
2507,253,MOBILE WEB,40,Sun,1,0,movie,entertainment,Male,0,3.75
2508,74,MOBILE WEB,30,Tue,15,0,health_food,entertainment,Male,0,3.75
2509,139,MOBILE WEB,50,Sat,16,0,drink,drama,Female,11.25,15
2510,91,MOBILE APP,20,Wed,7,1,electronics,entertainment,Female,11.25,15
2511,210,PC WEB,30,Mon,12,0,drink,sports,Male,3.75,7.5
2512,100,PC WEB,40,Wed,11,0,corporation,sports,Male,11.25,15
2513,144,MOBILE WEB,20,Sat,13,1,drink,entertainment,Female,11.25,15
2514,148,MOBILE WEB,30,Thu,21,0,medicine,drama,Female,3.75,7.5
2515,291,MOBILE WEB,30,Thu,17,0,electronics,entertainment,Male,3.75,7.5
2516,232,MOBILE APP,10,Sat,2,0,food,entertainment,Female,3.75,7.5
2517,258,MOBILE WEB,10,Mon,14,0,movie,entertainment,Female,7.5,11.25
2518,104,MOBILE WEB,40,Tue,21,0,health_food,drama,Female,0,3.75
2519,99,MOBILE WEB,50,Fri,17,0,health_food,entertainment,Female,3.75,7.5
2520,98,MOBILE WEB,40,Fri,9,0,food,information,Female,3.75,7.5
2521,237,MOBILE WEB,30,Sat,16,1,drink,sports,Male,11.25,15
2522,196,MOBILE WEB,20,Tue,20,0,food,entertainment,Female,3.75,7.5
2523,179,MOBILE WEB,20,Tue,12,0,food,entertainment,Female,11.25,15
2524,443,MOBILE WEB,40,Sat,18,0,health_food,entertainment,Female,7.5,11.25
2525,230,MOBILE WEB,20,Tue,22,0,food,entertainment,Female,3.75,7.5
2526,139,MOBILE WEB,40,Sat,16,0,food,drama,Female,3.75,7.5
2527,121,MOBILE WEB,40,Sun,19,1,drink,sports,Male,11.25,15
2528,171,MOBILE WEB,40,Sun,10,1,drink,sports,Male,11.25,15
2529,112,MOBILE WEB,30,Sat,14,0,corporation,sports,Male,3.75,7.5
2530,94,MOBILE WEB,20,Fri,8,0,woman,drama,Female,3.75,7.5
2531,232,MOBILE WEB,10,Wed,0,0,drink,entertainment,Female,3.75,7.5
2532,164,MOBILE WEB,20,Sat,16,0,education,entertainment,Male,0,3.75
2533,787,MOBILE WEB,50,Mon,18,1,drink,sports,Male,11.25,15
2534,61,PC WEB,40,Thu,18,0,corporation,sports,Male,3.75,7.5
2535,282,MOBILE WEB,20,Sun,18,0,health_food,entertainment,Male,0,3.75
2536,685,MOBILE WEB,50,Sun,20,1,drink,sports,Male,11.25,15
2537,127,MOBILE WEB,10,Tue,22,0,drink,sports,Male,3.75,7.5
2538,158,MOBILE WEB,40,Mon,8,1,health_food,entertainment,Female,11.25,15
2539,148,MOBILE APP,20,Wed,0,1,government,drama,Female,11.25,15
2540,173,MOBILE WEB,40,Sun,21,0,drink,entertainment,Female,3.75,7.5
2541,252,MOBILE WEB,30,Thu,13,0,government,entertainment,Female,3.75,7.5
2542,236,MOBILE APP,20,Mon,23,0,food,entertainment,Female,7.5,11.25
2543,288,PC WEB,30,Fri,15,0,food,entertainment,Female,0,3.75
2544,252,MOBILE WEB,30,Fri,9,0,education,drama,Female,7.5,11.25
2545,158,PC WEB,10,Wed,13,0,government,drama,Female,11.25,15
2546,219,MOBILE WEB,30,Tue,15,0,food,entertainment,Female,3.75,7.5
2547,87,MOBILE WEB,10,Sat,14,0,education,entertainment,Male,3.75,7.5
2548,201,MOBILE WEB,30,Sun,13,0,government,drama,Female,3.75,7.5
2549,477,MOBILE WEB,50,Fri,8,0,corporation,sports,Male,0,3.75
2550,272,MOBILE WEB,50,Sun,10,0,health_food,entertainment,Female,3.75,7.5
2551,102,MOBILE WEB,20,Sat,21,0,drink,music,Male,3.75,7.5
2552,120,MOBILE WEB,40,Fri,11,0,medicine,drama,Female,11.25,15
2553,638,MOBILE APP,30,Sun,19,0,corporation,sports,Male,0,3.75
2554,67,MOBILE WEB,30,Sun,17,0,corporation,sports,Male,3.75,7.5
2555,154,MOBILE WEB,40,Wed,19,0,drink,entertainment,Female,7.5,11.25
2556,99,MOBILE WEB,60,Fri,20,0,government,entertainment,Female,3.75,7.5
2557,152,MOBILE WEB,30,Tue,1,0,drink,drama,Female,3.75,7.5
2558,118,MOBILE WEB,30,Tue,18,0,health_food,entertainment,Female,3.75,7.5
2559,122,MOBILE WEB,30,Mon,22,0,health_food,drama,Female,0,3.75
2560,63,MOBILE WEB,30,Tue,11,0,finance,sports,Male,3.75,7.5
2561,160,MOBILE WEB,50,Thu,18,1,drink,drama,Female,11.25,15
2562,241,MOBILE APP,10,Mon,11,0,food,entertainment,Female,3.75,7.5
2563,65,MOBILE WEB,20,Sun,10,0,drink,sports,Male,3.75,7.5
2564,134,MOBILE WEB,20,Wed,13,0,drink,entertainment,Female,3.75,7.5
2565,125,MOBILE WEB,40,Mon,20,0,drink,sports,Male,3.75,7.5
2566,79,MOBILE WEB,40,Mon,11,0,corporation,sports,Male,7.5,11.25
2567,188,PC WEB,30,Thu,13,0,medicine,drama,Female,11.25,15
2568,115,MOBILE WEB,30,Tue,0,0,medicine,drama,Female,3.75,7.5
2569,84,MOBILE WEB,40,Wed,19,0,corporation,sports,Female,7.5,11.25
2570,255,MOBILE WEB,20,Thu,22,0,food,drama,Female,3.75,7.5
2571,75,MOBILE WEB,50,Wed,15,0,drink,sports,Male,3.75,7.5
2572,164,MOBILE APP,10,Sun,0,0,education,entertainment,Male,3.75,7.5
2573,148,MOBILE WEB,30,Sat,9,0,drink,sports,Male,3.75,7.5
2574,256,PC WEB,60,Sun,23,0,health_food,entertainment,Male,3.75,7.5
2575,223,MOBILE WEB,10,Thu,7,0,drink,drama,Female,7.5,11.25
2576,685,MOBILE WEB,40,Sun,22,1,drink,sports,Male,11.25,15
2577,135,MOBILE APP,20,Tue,23,0,medicine,entertainment,Female,7.5,11.25
2578,193,MOBILE WEB,20,Thu,8,1,electronics,entertainment,Male,11.25,15
2579,253,MOBILE WEB,10,Sat,0,0,electronics,entertainment,Female,3.75,7.5
2580,112,MOBILE WEB,30,Sat,15,0,corporation,sports,Female,3.75,7.5
2581,116,PC WEB,20,Sun,13,0,movie,drama,Male,3.75,7.5
2582,72,MOBILE WEB,20,Wed,21,0,electronics,entertainment,Female,3.75,7.5
2583,122,MOBILE WEB,10,Sat,13,0,education,entertainment,Female,3.75,7.5
2584,69,MOBILE WEB,40,Wed,22,0,drink,sports,Female,3.75,7.5
2585,121,MOBILE WEB,30,Mon,23,0,movie,entertainment,Female,3.75,7.5
2586,147,MOBILE WEB,30,Mon,10,0,food,entertainment,Female,0,3.75
2587,132,MOBILE WEB,30,Thu,20,0,movie,entertainment,Female,3.75,7.5
2588,290,MOBILE WEB,10,Mon,19,0,health_food,entertainment,Male,3.75,7.5
2589,131,MOBILE WEB,40,Wed,17,1,drink,sports,Male,11.25,15
2590,499,MOBILE WEB,20,Tue,15,0,corporation,sports,Male,3.75,7.5
2591,108,MOBILE WEB,30,Fri,18,0,health_food,entertainment,Male,3.75,7.5
2592,236,MOBILE APP,20,Sun,12,0,government,music,Female,3.75,7.5
2593,163,PC WEB,50,Fri,10,0,food,drama,Female,11.25,15
2594,67,MOBILE WEB,40,Sun,11,0,health_food,sports,Male,7.5,11.25
2595,111,MOBILE WEB,30,Sat,22,0,education,entertainment,Female,3.75,7.5
2596,133,MOBILE WEB,20,Thu,19,1,electronics,entertainment,Male,11.25,15
2597,132,MOBILE WEB,30,Tue,8,0,pet,entertainment,Female,3.75,7.5
2598,62,MOBILE WEB,30,Sun,15,0,drink,sports,Male,3.75,7.5
2599,152,MOBILE WEB,50,Sat,10,1,drink,sports,Male,11.25,15
2600,146,MOBILE WEB,40,Thu,18,0,food,drama,Male,3.75,7.5
2601,156,MOBILE WEB,50,Mon,16,0,medicine,drama,Female,3.75,7.5
2602,206,MOBILE WEB,30,Thu,13,0,drink,sports,Male,3.75,7.5
2603,121,MOBILE WEB,40,Mon,19,0,food,entertainment,Female,3.75,7.5
2604,180,MOBILE WEB,30,Wed,12,1,health_food,entertainment,Female,11.25,15
2605,155,MOBILE WEB,40,Fri,12,0,education,entertainment,Male,3.75,7.5
2606,97,MOBILE WEB,50,Mon,7,0,health_food,entertainment,Male,3.75,7.5
2607,112,PC WEB,20,Sat,14,1,drink,sports,Male,11.25,15
2608,170,MOBILE WEB,50,Mon,9,0,drink,sports,Male,3.75,7.5
2609,443,MOBILE WEB,20,Sat,21,0,drink,entertainment,Male,3.75,7.5
2610,135,MOBILE WEB,30,Wed,23,0,woman,entertainment,Female,3.75,7.5
2611,136,PC WEB,40,Fri,17,0,drink,drama,Female,3.75,7.5
2612,179,MOBILE WEB,30,Sat,17,0,education,entertainment,Female,3.75,7.5
2613,232,MOBILE WEB,20,Mon,23,0,movie,entertainment,Female,3.75,7.5
2614,129,MOBILE WEB,40,Wed,13,0,education,drama,Male,3.75,7.5
2615,786,MOBILE WEB,50,Sun,2,0,corporation,sports,Male,11.25,15
2616,62,MOBILE WEB,30,Thu,13,1,health_food,drama,Female,11.25,15
2617,158,MOBILE APP,10,Sun,1,0,education,entertainment,Female,3.75,7.5
2618,87,MOBILE WEB,10,Sat,9,0,drink,entertainment,Male,0,3.75
2619,340,MOBILE WEB,20,Mon,1,0,government,drama,Female,3.75,7.5
2620,242,MOBILE WEB,40,Fri,1,0,education,drama,Female,3.75,7.5
2621,232,MOBILE WEB,20,Tue,17,0,drink,entertainment,Female,0,3.75
2622,67,MOBILE WEB,10,Mon,20,0,food,entertainment,Male,3.75,7.5
2623,338,MOBILE WEB,30,Sat,22,0,education,entertainment,Female,3.75,7.5
2624,627,MOBILE WEB,50,Sat,16,0,drink,sports,Male,0,3.75
2625,119,MOBILE WEB,10,Thu,0,1,health_food,drama,Male,11.25,15
2626,127,MOBILE WEB,20,Tue,23,1,drink,sports,Male,11.25,15
2627,164,PC WEB,40,Fri,12,0,food,entertainment,Male,0,3.75
2628,93,MOBILE WEB,20,Sun,16,0,electronics,entertainment,Male,3.75,7.5
2629,190,MOBILE WEB,30,Mon,23,0,electronics,entertainment,Female,3.75,7.5
2630,237,MOBILE WEB,30,Sat,17,1,drink,sports,Male,11.25,15
2631,137,MOBILE APP,20,Wed,17,0,government,drama,Female,3.75,7.5
2632,121,MOBILE WEB,50,Mon,14,0,food,entertainment,Female,3.75,7.5
2633,190,MOBILE WEB,50,Fri,22,0,drink,entertainment,Male,3.75,7.5
2634,168,MOBILE WEB,40,Sat,7,1,health_food,entertainment,Female,11.25,15
2635,131,MOBILE WEB,20,Fri,11,0,drink,sports,Male,3.75,7.5
2636,115,MOBILE WEB,50,Tue,8,0,electronics,drama,Female,7.5,11.25
2637,65,PC WEB,40,Tue,11,0,drink,sports,Male,7.5,11.25
2638,694,MOBILE WEB,50,Tue,12,0,drink,sports,Male,3.75,7.5
2639,115,PC WEB,20,Wed,13,1,drink,sports,Male,11.25,15
2640,173,MOBILE WEB,20,Tue,1,1,drink,sports,Male,11.25,15
2641,265,MOBILE APP,10,Sun,18,0,health_food,entertainment,Female,3.75,7.5
2642,159,MOBILE APP,20,Thu,13,0,government,entertainment,Female,3.75,7.5
2643,173,MOBILE WEB,40,Mon,8,0,woman,drama,Female,3.75,7.5
2644,175,MOBILE WEB,40,Mon,0,0,food,entertainment,Female,3.75,7.5
2645,416,MOBILE WEB,30,Sun,0,0,food,drama,Male,3.75,7.5
2646,66,MOBILE WEB,30,Wed,13,0,drink,sports,Male,0,3.75
2647,147,MOBILE WEB,30,Thu,21,0,food,entertainment,Female,3.75,7.5
2648,199,MOBILE WEB,20,Fri,15,0,movie,entertainment,Female,3.75,7.5
2649,187,MOBILE WEB,20,Sat,8,0,woman,entertainment,Female,3.75,7.5
2650,189,MOBILE APP,20,Sat,15,0,food,entertainment,Female,7.5,11.25
2651,131,PC WEB,50,Wed,17,1,drink,sports,Male,11.25,15
2652,130,MOBILE WEB,30,Sat,23,0,drink,music,Female,3.75,7.5
2653,97,MOBILE WEB,20,Tue,11,0,corporation,sports,Male,3.75,7.5
2654,213,MOBILE WEB,20,Wed,11,0,food,sports,Male,3.75,7.5
2655,202,MOBILE WEB,20,Sat,9,0,pet,music,Female,3.75,7.5
2656,110,MOBILE WEB,40,Fri,9,0,movie,drama,Female,3.75,7.5
2657,627,MOBILE WEB,30,Sat,15,0,corporation,sports,Male,11.25,15
2658,69,MOBILE WEB,30,Thu,12,0,drink,sports,Male,3.75,7.5
2659,132,PC WEB,10,Fri,18,1,drink,sports,Male,11.25,15
2660,72,MOBILE WEB,30,Tue,1,0,medicine,drama,Female,3.75,7.5
2661,259,MOBILE WEB,10,Mon,19,0,pet,drama,Female,3.75,7.5
2662,94,MOBILE WEB,30,Wed,17,0,electronics,entertainment,Female,7.5,11.25
2663,127,PC WEB,40,Wed,9,1,drink,sports,Male,11.25,15
2664,111,MOBILE WEB,30,Wed,21,0,corporation,entertainment,Female,3.75,7.5
2665,193,MOBILE WEB,40,Mon,0,0,electronics,entertainment,Female,3.75,7.5
2666,66,MOBILE WEB,20,Mon,1,0,government,entertainment,Male,7.5,11.25
2667,747,MOBILE WEB,40,Fri,0,0,drink,sports,Female,3.75,7.5
2668,340,MOBILE WEB,40,Mon,21,0,drink,drama,Male,3.75,7.5
2669,63,PC WEB,50,Sat,4,1,finance,entertainment,Female,11.25,15
2670,103,PC WEB,20,Sat,18,0,electronics,drama,Female,3.75,7.5
2671,121,PC WEB,10,Mon,15,0,food,entertainment,Female,3.75,7.5
2672,291,MOBILE WEB,40,Sat,11,0,food,entertainment,Male,3.75,7.5
2673,73,MOBILE WEB,30,Thu,23,0,education,drama,Female,3.75,7.5
2674,61,PC WEB,30,Thu,21,0,electronics,entertainment,Female,3.75,7.5
2675,231,PC WEB,10,Tue,23,0,movie,entertainment,Female,3.75,7.5
2676,267,MOBILE WEB,30,Sat,21,0,health_food,entertainment,Female,11.25,15
2677,500,MOBILE WEB,30,Fri,18,0,drink,sports,Male,0,3.75
2678,197,MOBILE WEB,20,Thu,11,0,woman,entertainment,Male,3.75,7.5
2679,336,MOBILE WEB,50,Sun,10,1,pet,information,Female,11.25,15
2680,800,MOBILE WEB,30,Sun,7,0,drink,sports,Male,0,3.75
2681,87,MOBILE WEB,20,Sat,18,1,drink,sports,Male,11.25,15
2682,126,MOBILE WEB,40,Sat,15,0,pet,sports,Male,7.5,11.25
2683,172,MOBILE WEB,30,Mon,14,0,drink,drama,Female,7.5,11.25
2684,171,MOBILE WEB,50,Thu,14,0,health_food,entertainment,Female,0,3.75
2685,160,MOBILE WEB,50,Sun,6,0,medicine,entertainment,Female,3.75,7.5
2686,87,MOBILE WEB,50,Sun,19,0,pet,entertainment,Female,7.5,11.25
2687,205,MOBILE WEB,60,Sat,14,1,drink,sports,Male,11.25,15
2688,175,MOBILE WEB,20,Sat,16,0,medicine,entertainment,Female,3.75,7.5
2689,101,MOBILE WEB,50,Sat,23,0,drink,sports,Male,7.5,11.25
2690,685,PC WEB,30,Sun,17,1,drink,sports,Male,11.25,15
2691,135,PC WEB,30,Tue,17,0,drink,entertainment,Female,3.75,7.5
2692,171,MOBILE WEB,30,Sun,10,1,drink,sports,Male,11.25,15
2693,109,MOBILE WEB,50,Thu,10,1,food,drama,Female,11.25,15
2694,151,MOBILE WEB,50,Wed,23,0,health_food,drama,Female,3.75,7.5
2695,72,MOBILE WEB,50,Wed,14,1,drink,sports,Male,11.25,15
2696,103,MOBILE WEB,10,Sat,2,0,food,drama,Female,11.25,15
2697,137,MOBILE WEB,40,Mon,0,0,food,entertainment,Female,3.75,7.5
2698,99,MOBILE WEB,30,Thu,12,0,food,sports,Male,3.75,7.5
2699,193,MOBILE WEB,30,Sun,20,0,food,entertainment,Female,3.75,7.5
2700,627,MOBILE WEB,50,Sat,19,1,drink,sports,Male,11.25,15
2701,233,MOBILE WEB,60,Fri,11,0,drink,sports,Male,0,3.75
2702,88,MOBILE WEB,20,Sat,15,0,drink,sports,Male,3.75,7.5
2703,443,PC WEB,40,Sun,15,0,corporation,sports,Male,7.5,11.25
2704,280,MOBILE WEB,30,Sat,22,0,education,drama,Female,11.25,15
2705,68,MOBILE WEB,30,Tue,15,0,education,entertainment,Female,3.75,7.5
2706,264,MOBILE WEB,40,Sun,10,0,food,sports,Male,3.75,7.5
2707,127,MOBILE WEB,30,Tue,23,1,drink,sports,Male,11.25,15
2708,127,MOBILE WEB,30,Tue,21,1,drink,sports,Male,11.25,15
2709,118,MOBILE WEB,40,Fri,21,0,corporation,sports,Male,0,3.75
2710,127,MOBILE WEB,40,Tue,22,1,drink,sports,Male,11.25,15
2711,115,MOBILE WEB,30,Fri,11,0,corporation,sports,Male,3.75,7.5
2712,160,MOBILE WEB,40,Fri,3,0,health_food,entertainment,Female,0,3.75
2713,168,MOBILE WEB,20,Fri,1,0,medicine,drama,Female,3.75,7.5
2714,180,MOBILE WEB,30,Wed,10,0,electronics,entertainment,Female,3.75,7.5
2715,101,MOBILE WEB,50,Sat,12,0,drink,sports,Male,3.75,7.5
2716,627,MOBILE WEB,30,Sat,15,1,finance,sports,Male,11.25,15
2717,100,PC WEB,40,Mon,14,0,government,entertainment,Female,3.75,7.5
2718,179,MOBILE WEB,50,Fri,1,0,health_food,drama,Female,7.5,11.25
2719,532,PC WEB,30,Fri,13,0,corporation,sports,Male,11.25,15
2720,151,MOBILE WEB,40,Thu,7,0,medicine,drama,Female,0,3.75
2721,193,MOBILE WEB,40,Fri,1,0,food,drama,Female,3.75,7.5
2722,142,MOBILE WEB,50,Sat,11,0,government,entertainment,Female,3.75,7.5
2723,182,PC WEB,40,Sun,11,0,health_food,information,Female,3.75,7.5
2724,177,MOBILE WEB,40,Mon,11,0,corporation,sports,Female,0,3.75
2725,64,MOBILE WEB,40,Wed,9,0,drink,sports,Male,3.75,7.5
2726,233,MOBILE WEB,20,Wed,0,0,drink,entertainment,Female,3.75,7.5
2727,64,MOBILE WEB,30,Tue,14,0,corporation,sports,Male,3.75,7.5
2728,212,MOBILE WEB,40,Sat,16,1,food,drama,Female,11.25,15
2729,114,MOBILE WEB,40,Mon,9,0,movie,drama,Female,3.75,7.5
2730,93,MOBILE WEB,40,Thu,12,0,corporation,sports,Male,3.75,7.5
2731,64,PC WEB,30,Fri,22,1,drink,sports,Male,11.25,15
2732,118,MOBILE WEB,40,Thu,22,1,electronics,drama,Female,11.25,15
2733,405,MOBILE WEB,20,Sat,20,0,movie,entertainment,Female,3.75,7.5
2734,64,MOBILE WEB,30,Fri,8,0,drink,sports,Male,3.75,7.5
2735,232,MOBILE WEB,40,Fri,22,0,drink,entertainment,Male,3.75,7.5
2736,711,MOBILE WEB,40,Thu,8,0,drink,sports,Female,0,3.75
2737,314,PC WEB,50,Wed,13,1,movie,music,Male,11.25,15
2738,176,MOBILE WEB,30,Wed,10,0,health_food,entertainment,Female,0,3.75
2739,223,PC WEB,40,Tue,0,0,electronics,entertainment,Female,0,3.75
2740,390,MOBILE WEB,40,Tue,15,1,drink,entertainment,Female,11.25,15
2741,260,MOBILE WEB,30,Tue,18,1,drink,information,Female,11.25,15
2742,101,MOBILE WEB,50,Mon,9,0,corporation,sports,Male,3.75,7.5
2743,131,MOBILE WEB,30,Wed,19,0,drink,sports,Female,3.75,7.5
2744,226,MOBILE WEB,30,Sat,20,0,woman,music,Female,3.75,7.5
2745,116,PC WEB,40,Wed,16,0,drink,sports,Male,3.75,7.5
2746,61,MOBILE WEB,40,Wed,10,0,drink,sports,Female,3.75,7.5
2747,134,MOBILE WEB,40,Thu,19,0,electronics,sports,Male,3.75,7.5
2748,185,MOBILE WEB,30,Sat,17,0,woman,entertainment,Female,3.75,7.5
2749,126,MOBILE WEB,30,Tue,1,0,health_food,entertainment,Female,3.75,7.5
2750,233,MOBILE APP,20,Sat,2,0,medicine,entertainment,Female,3.75,7.5
2751,747,MOBILE WEB,20,Sun,22,0,corporation,sports,Male,0,3.75
2752,193,MOBILE WEB,40,Sun,22,0,health_food,entertainment,Female,3.75,7.5
2753,356,PC WEB,30,Sun,20,0,health_food,entertainment,Male,3.75,7.5
2754,83,PC WEB,40,Fri,13,0,drink,sports,Male,0,3.75
2755,178,MOBILE WEB,30,Sun,12,0,health_food,drama,Female,0,3.75
2756,311,MOBILE WEB,20,Sun,17,0,drink,music,Male,3.75,7.5
2757,157,MOBILE WEB,40,Sun,13,0,food,entertainment,Male,3.75,7.5
2758,251,MOBILE WEB,20,Thu,12,0,health_food,entertainment,Male,3.75,7.5
2759,175,MOBILE WEB,40,Tue,11,0,movie,drama,Female,7.5,11.25
2760,167,PC WEB,40,Wed,16,0,movie,entertainment,Male,11.25,15
2761,266,MOBILE WEB,10,Tue,19,0,food,entertainment,Male,3.75,7.5
2762,71,MOBILE WEB,30,Mon,2,1,food,entertainment,Female,11.25,15
2763,253,MOBILE WEB,50,Sat,20,0,government,music,Female,3.75,7.5
2764,193,PC WEB,50,Mon,18,0,drink,entertainment,Female,3.75,7.5
2765,144,MOBILE WEB,40,Fri,19,0,electronics,entertainment,Female,7.5,11.25
2766,201,MOBILE WEB,20,Wed,0,0,food,entertainment,Female,3.75,7.5
2767,223,MOBILE WEB,10,Tue,22,0,electronics,entertainment,Female,0,3.75
2768,232,MOBILE WEB,20,Sat,10,0,food,entertainment,Female,3.75,7.5
2769,274,MOBILE WEB,50,Wed,10,0,health_food,music,Female,3.75,7.5
2770,220,MOBILE WEB,10,Thu,19,0,health_food,drama,Female,3.75,7.5
2771,99,MOBILE WEB,40,Thu,13,0,drink,sports,Male,7.5,11.25
2772,231,MOBILE WEB,20,Wed,7,0,drink,entertainment,Female,7.5,11.25
2773,101,MOBILE WEB,30,Sat,13,0,drink,sports,Male,3.75,7.5
2774,199,MOBILE WEB,20,Sun,13,0,drink,entertainment,Female,3.75,7.5
2775,206,MOBILE WEB,50,Sat,12,0,corporation,sports,Female,3.75,7.5
2776,67,MOBILE WEB,50,Sun,21,0,corporation,sports,Male,11.25,15
2777,65,MOBILE WEB,40,Wed,14,0,drink,sports,Male,3.75,7.5
2778,149,MOBILE WEB,20,Fri,0,0,health_food,entertainment,Female,3.75,7.5
2779,72,MOBILE WEB,30,Wed,12,1,drink,sports,Male,11.25,15
2780,155,MOBILE WEB,40,Tue,9,1,food,entertainment,Female,11.25,15
2781,81,MOBILE WEB,40,Tue,12,0,drink,sports,Male,3.75,7.5
2782,141,MOBILE WEB,60,Sun,11,0,drink,sports,Male,3.75,7.5
2783,118,MOBILE WEB,30,Fri,22,0,corporation,sports,Male,3.75,7.5
2784,226,MOBILE WEB,30,Sun,10,0,health_food,drama,Male,3.75,7.5
2785,345,MOBILE WEB,40,Tue,12,1,drink,sports,Male,11.25,15
2786,67,PC WEB,40,Tue,12,0,corporation,sports,Male,3.75,7.5
2787,131,MOBILE WEB,30,Sat,2,0,medicine,entertainment,Female,3.75,7.5
2788,88,MOBILE WEB,60,Sat,14,0,food,sports,Male,3.75,7.5
2789,67,MOBILE WEB,40,Sun,17,0,drink,sports,Male,3.75,7.5
2790,82,MOBILE WEB,40,Thu,13,0,corporation,sports,Male,3.75,7.5
2791,106,PC WEB,10,Mon,21,0,education,drama,Female,3.75,7.5
2792,71,MOBILE WEB,10,Thu,14,0,drink,sports,Male,3.75,7.5
2793,142,MOBILE WEB,30,Mon,7,0,health_food,entertainment,Male,7.5,11.25
2794,182,MOBILE WEB,40,Fri,1,0,drink,entertainment,Female,3.75,7.5
2795,94,MOBILE WEB,30,Thu,22,0,government,drama,Female,0,3.75
2796,163,PC WEB,40,Fri,11,1,health_food,entertainment,Female,11.25,15
2797,356,MOBILE WEB,60,Tue,10,1,health_food,music,Female,11.25,15
2798,226,MOBILE APP,10,Wed,18,0,food,entertainment,Female,3.75,7.5
2799,181,MOBILE WEB,10,Tue,17,0,drink,entertainment,Female,3.75,7.5
2800,75,MOBILE WEB,30,Thu,23,0,health_food,drama,Female,7.5,11.25
2801,144,MOBILE WEB,20,Sat,17,0,education,entertainment,Male,3.75,7.5
2802,180,MOBILE WEB,20,Thu,14,0,movie,entertainment,Female,3.75,7.5
2803,289,MOBILE WEB,20,Mon,8,1,food,drama,Male,11.25,15
2804,627,MOBILE WEB,40,Sat,16,1,drink,sports,Male,11.25,15
2805,149,MOBILE WEB,20,Mon,19,0,education,entertainment,Female,0,3.75
2806,162,MOBILE WEB,20,Sat,20,0,food,entertainment,Female,3.75,7.5
2807,101,MOBILE WEB,50,Sat,12,0,corporation,sports,Male,7.5,11.25
2808,169,MOBILE WEB,30,Tue,1,0,drink,information,Female,3.75,7.5
2809,123,MOBILE WEB,40,Fri,21,0,food,entertainment,Male,3.75,7.5
2810,310,MOBILE WEB,20,Mon,11,0,government,drama,Female,0,3.75
2811,83,MOBILE WEB,30,Thu,16,0,drink,sports,Male,3.75,7.5
2812,76,MOBILE WEB,50,Sat,12,0,drink,sports,Male,0,3.75
2813,89,PC WEB,10,Fri,17,0,drink,drama,Female,3.75,7.5
2814,419,MOBILE WEB,50,Tue,10,0,drink,sports,Male,3.75,7.5
2815,97,MOBILE WEB,40,Tue,11,0,corporation,sports,Male,3.75,7.5
2816,205,MOBILE WEB,40,Fri,10,0,food,drama,Female,0,3.75
2817,237,MOBILE WEB,30,Fri,22,0,education,entertainment,Male,3.75,7.5
2818,147,PC WEB,40,Mon,18,0,pet,entertainment,Female,3.75,7.5
2819,237,PC WEB,60,Sat,20,1,drink,sports,Male,11.25,15
2820,130,MOBILE WEB,40,Sat,13,1,movie,current_affairs,Female,11.25,15
2821,192,MOBILE WEB,30,Sun,22,0,health_food,entertainment,Female,3.75,7.5
2822,61,MOBILE WEB,20,Thu,1,1,drink,sports,Male,11.25,15
2823,60,MOBILE WEB,20,Tue,22,0,food,information,Male,3.75,7.5
2824,100,MOBILE WEB,40,Tue,11,1,drink,sports,Male,11.25,15
2825,409,MOBILE WEB,40,Wed,14,0,drink,sports,Male,0,3.75
2826,200,MOBILE WEB,30,Sun,20,0,government,information,Female,3.75,7.5
2827,125,MOBILE WEB,50,Fri,8,0,corporation,sports,Female,0,3.75
2828,61,MOBILE WEB,50,Sun,11,1,drink,sports,Male,11.25,15
2829,597,MOBILE WEB,40,Sun,6,0,corporation,sports,Male,3.75,7.5
2830,73,MOBILE WEB,20,Sun,12,1,drink,sports,Male,11.25,15
2831,101,MOBILE WEB,30,Sat,12,0,corporation,sports,Male,3.75,7.5
2832,111,MOBILE WEB,30,Sun,18,1,drink,entertainment,Female,11.25,15
2833,64,MOBILE WEB,40,Fri,17,0,drink,sports,Male,3.75,7.5
2834,213,MOBILE WEB,50,Wed,19,0,health_food,sports,Male,3.75,7.5
2835,115,MOBILE WEB,20,Wed,12,0,drink,sports,Male,3.75,7.5
2836,149,MOBILE APP,10,Sun,19,0,education,entertainment,Female,3.75,7.5
2837,240,MOBILE WEB,20,Mon,1,0,food,entertainment,Female,0,3.75
2838,71,MOBILE WEB,10,Tue,22,0,movie,entertainment,Male,7.5,11.25
2839,136,MOBILE WEB,20,Sun,16,0,education,entertainment,Female,7.5,11.25
2840,241,MOBILE WEB,40,Sun,0,0,corporation,sports,Male,3.75,7.5
2841,118,MOBILE WEB,20,Thu,17,0,health_food,drama,Female,11.25,15
2842,97,MOBILE WEB,60,Tue,11,0,corporation,sports,Male,3.75,7.5
2843,205,MOBILE WEB,30,Sat,14,0,corporation,sports,Male,7.5,11.25
2844,94,MOBILE WEB,30,Mon,22,0,education,drama,Female,3.75,7.5
2845,64,MOBILE WEB,30,Tue,12,1,drink,sports,Male,11.25,15
2846,387,PC WEB,30,Fri,12,0,drink,entertainment,Female,3.75,7.5
2847,99,MOBILE WEB,30,Thu,12,0,drink,sports,Male,3.75,7.5
2848,786,MOBILE WEB,30,Sat,20,1,drink,sports,Male,11.25,15
2849,174,MOBILE WEB,40,Tue,22,0,drink,drama,Female,3.75,7.5
2850,158,MOBILE WEB,40,Sat,11,0,food,entertainment,Male,3.75,7.5
2851,101,MOBILE WEB,50,Sat,13,0,corporation,sports,Male,7.5,11.25
2852,211,MOBILE WEB,60,Sun,10,0,corporation,sports,Male,3.75,7.5
2853,183,MOBILE WEB,30,Tue,12,0,drink,entertainment,Male,3.75,7.5
2854,79,MOBILE WEB,20,Sun,12,0,drink,sports,Male,3.75,7.5
2855,107,MOBILE WEB,30,Tue,19,1,drink,sports,Male,11.25,15
2856,88,MOBILE WEB,40,Sat,23,0,drink,drama,Male,3.75,7.5
2857,141,MOBILE WEB,30,Mon,23,0,health_food,entertainment,Female,3.75,7.5
2858,79,MOBILE WEB,50,Sun,8,0,drink,sports,Male,3.75,7.5
2859,62,MOBILE WEB,50,Thu,14,1,drink,sports,Male,11.25,15
2860,139,MOBILE WEB,40,Tue,12,1,education,drama,Female,11.25,15
2861,688,PC WEB,30,Mon,13,0,drink,sports,Male,7.5,11.25
2862,206,MOBILE WEB,30,Thu,13,0,drink,sports,Male,3.75,7.5
2863,289,PC WEB,30,Mon,19,1,drink,entertainment,Female,11.25,15
2864,65,MOBILE WEB,30,Tue,12,0,food,sports,Male,3.75,7.5
2865,72,MOBILE WEB,40,Wed,14,0,corporation,sports,Male,3.75,7.5
2866,216,MOBILE WEB,20,Mon,11,0,education,entertainment,Female,0,3.75
2867,151,MOBILE WEB,40,Mon,14,1,food,drama,Female,11.25,15
2868,170,MOBILE WEB,20,Sun,1,0,government,drama,Female,3.75,7.5
2869,118,MOBILE WEB,30,Thu,22,0,medicine,drama,Female,3.75,7.5
2870,120,MOBILE WEB,20,Wed,15,0,drink,sports,Male,11.25,15
2871,152,PC WEB,40,Thu,10,0,health_food,drama,Female,11.25,15
2872,79,MOBILE WEB,20,Sat,1,0,education,drama,Female,3.75,7.5
2873,147,MOBILE WEB,40,Mon,17,0,health_food,entertainment,Female,3.75,7.5
2874,147,MOBILE WEB,30,Sat,13,0,drink,sports,Female,0,3.75
2875,118,MOBILE WEB,50,Fri,19,0,corporation,sports,Male,7.5,11.25
2876,65,MOBILE WEB,40,Tue,14,0,corporation,sports,Male,3.75,7.5
2877,146,MOBILE WEB,40,Wed,0,0,food,entertainment,Female,7.5,11.25
2878,108,MOBILE WEB,40,Tue,10,0,corporation,sports,Male,3.75,7.5
2879,143,MOBILE WEB,40,Thu,16,0,pet,sports,Male,11.25,15
2880,60,MOBILE WEB,40,Sat,12,1,drink,sports,Male,11.25,15
2881,102,MOBILE WEB,30,Mon,22,0,education,drama,Female,3.75,7.5
2882,167,MOBILE WEB,40,Sat,10,0,government,entertainment,Male,3.75,7.5
2883,64,MOBILE WEB,50,Mon,2,0,corporation,sports,Male,0,3.75
2884,96,MOBILE WEB,30,Fri,0,0,government,drama,Female,3.75,7.5
2885,174,MOBILE WEB,30,Mon,7,0,pet,entertainment,Female,3.75,7.5
2886,119,MOBILE WEB,30,Fri,20,0,corporation,sports,Male,0,3.75
2887,223,MOBILE WEB,30,Tue,12,0,woman,entertainment,Female,3.75,7.5
2888,65,PC WEB,30,Tue,12,0,drink,sports,Male,3.75,7.5
2889,154,MOBILE WEB,30,Mon,9,0,food,entertainment,Female,3.75,7.5
2890,115,MOBILE WEB,60,Fri,9,1,drink,sports,Male,11.25,15
2891,275,PC WEB,10,Sat,16,1,medicine,entertainment,Female,11.25,15
2892,139,MOBILE WEB,40,Thu,21,0,health_food,entertainment,Female,3.75,7.5
2893,207,MOBILE WEB,10,Tue,20,0,drink,entertainment,Female,3.75,7.5
2894,333,PC WEB,40,Fri,17,0,drink,entertainment,Female,3.75,7.5
2895,67,MOBILE WEB,30,Thu,12,0,drink,sports,Male,3.75,7.5
2896,161,MOBILE WEB,40,Wed,8,0,drink,entertainment,Female,11.25,15
2897,182,MOBILE WEB,40,Mon,22,0,drink,entertainment,Male,7.5,11.25
2898,81,MOBILE WEB,30,Sun,9,0,drink,sports,Male,3.75,7.5
2899,419,MOBILE WEB,20,Tue,14,0,drink,sports,Male,3.75,7.5
2900,104,MOBILE WEB,10,Mon,14,0,food,entertainment,Female,3.75,7.5
2901,104,MOBILE WEB,30,Sat,21,0,drink,entertainment,Female,3.75,7.5
2902,155,MOBILE WEB,20,Thu,18,0,health_food,entertainment,Female,7.5,11.25
2903,147,MOBILE WEB,20,Thu,8,0,food,entertainment,Male,3.75,7.5
2904,196,MOBILE WEB,20,Sat,10,1,woman,entertainment,Female,11.25,15
2905,206,MOBILE WEB,30,Thu,16,0,drink,sports,Male,3.75,7.5
2906,202,MOBILE WEB,20,Thu,22,0,education,entertainment,Female,3.75,7.5
2907,108,MOBILE WEB,20,Fri,12,0,drink,sports,Male,7.5,11.25
2908,127,MOBILE WEB,20,Sun,9,1,food,entertainment,Female,11.25,15
2909,152,MOBILE WEB,10,Wed,3,0,health_food,entertainment,Female,3.75,7.5
2910,148,MOBILE WEB,20,Sun,13,0,food,entertainment,Female,3.75,7.5
2911,61,PC WEB,40,Thu,14,0,health_food,current_affairs,Male,3.75,7.5
2912,110,MOBILE WEB,40,Fri,14,0,drink,sports,Male,3.75,7.5
2913,158,PC WEB,10,Sat,16,1,health_food,entertainment,Female,11.25,15
2914,94,MOBILE WEB,40,Tue,14,0,medicine,drama,Female,3.75,7.5
2915,162,MOBILE WEB,50,Sat,10,1,food,entertainment,Female,11.25,15
2916,85,PC WEB,20,Mon,1,0,drink,sports,Male,3.75,7.5
2917,72,PC WEB,60,Wed,0,0,pet,current_affairs,Male,7.5,11.25
2918,627,MOBILE WEB,20,Sat,17,1,drink,sports,Male,11.25,15
2919,141,MOBILE WEB,20,Wed,19,0,electronics,entertainment,Male,3.75,7.5
2920,167,MOBILE WEB,20,Tue,23,1,food,drama,Female,11.25,15
2921,720,PC WEB,50,Mon,13,0,corporation,sports,Male,3.75,7.5
2922,189,MOBILE WEB,40,Mon,20,1,health_food,entertainment,Female,11.25,15
2923,154,MOBILE WEB,30,Sat,14,1,finance,sports,Male,11.25,15
2924,118,MOBILE WEB,30,Tue,20,0,corporation,sports,Male,3.75,7.5
2925,67,MOBILE WEB,20,Sun,15,0,drink,sports,Male,7.5,11.25
2926,87,PC WEB,40,Tue,12,1,drink,sports,Female,11.25,15
2927,152,MOBILE WEB,40,Sat,16,0,drink,entertainment,Female,3.75,7.5
2928,109,MOBILE WEB,20,Sun,22,0,government,entertainment,Female,3.75,7.5
2929,109,MOBILE WEB,50,Fri,13,0,drink,sports,Male,3.75,7.5
2930,177,MOBILE WEB,30,Thu,12,0,food,entertainment,Female,3.75,7.5
2931,120,PC WEB,40,Sat,10,1,drink,kids,Female,11.25,15
2932,61,PC WEB,10,Thu,13,0,corporation,sports,Male,3.75,7.5
2933,71,MOBILE WEB,30,Thu,20,0,education,entertainment,Male,3.75,7.5
2934,239,MOBILE WEB,30,Sat,20,0,health_food,music,Female,3.75,7.5
2935,216,PC WEB,30,Tue,14,1,food,entertainment,Female,11.25,15
2936,177,MOBILE WEB,30,Wed,16,0,health_food,drama,Female,3.75,7.5
2937,82,MOBILE WEB,30,Wed,8,1,corporation,entertainment,Male,11.25,15
2938,72,MOBILE WEB,50,Wed,20,1,drink,sports,Male,11.25,15
2939,104,MOBILE WEB,60,Sat,14,0,corporation,sports,Male,0,3.75
2940,88,MOBILE WEB,40,Mon,4,0,food,current_affairs,Male,3.75,7.5
2941,63,MOBILE WEB,20,Tue,15,0,drink,entertainment,Female,3.75,7.5
2942,99,MOBILE WEB,40,Thu,12,0,drink,sports,Male,3.75,7.5
2943,170,MOBILE APP,10,Fri,23,0,education,entertainment,Male,3.75,7.5
2944,163,MOBILE APP,10,Mon,22,0,health_food,entertainment,Female,3.75,7.5
2945,231,MOBILE WEB,30,Sat,21,0,food,entertainment,Male,3.75,7.5
2946,164,MOBILE WEB,10,Fri,13,0,movie,entertainment,Female,7.5,11.25
2947,176,MOBILE WEB,50,Fri,16,0,corporation,sports,Male,3.75,7.5
2948,61,MOBILE WEB,40,Fri,20,0,drink,sports,Male,3.75,7.5
2949,213,MOBILE WEB,20,Thu,17,0,government,sports,Male,11.25,15
2950,264,MOBILE WEB,40,Sun,16,0,drink,sports,Male,3.75,7.5
2951,164,MOBILE WEB,40,Tue,12,0,drink,entertainment,Female,3.75,7.5
2952,175,MOBILE WEB,40,Sun,0,0,medicine,drama,Female,3.75,7.5
2953,110,MOBILE APP,20,Wed,22,0,drink,entertainment,Female,3.75,7.5
2954,74,MOBILE WEB,40,Fri,15,0,corporation,sports,Male,3.75,7.5
2955,205,MOBILE APP,20,Tue,22,0,pet,music,Female,3.75,7.5
2956,69,MOBILE WEB,40,Wed,14,1,drink,sports,Male,11.25,15
2957,229,MOBILE WEB,30,Mon,8,0,electronics,entertainment,Female,3.75,7.5
2958,112,MOBILE WEB,40,Sat,14,0,finance,sports,Male,0,3.75
2959,72,PC WEB,30,Thu,14,0,drink,drama,Female,0,3.75
2960,182,MOBILE WEB,30,Sun,4,0,health_food,entertainment,Female,3.75,7.5
2961,178,PC WEB,10,Sat,1,1,woman,entertainment,Female,11.25,15
2962,97,MOBILE WEB,50,Mon,22,0,health_food,drama,Female,11.25,15
2963,270,MOBILE WEB,40,Mon,11,0,food,drama,Female,3.75,7.5
2964,135,MOBILE WEB,10,Tue,9,0,education,drama,Female,3.75,7.5
2965,61,MOBILE WEB,20,Sun,15,1,drink,sports,Female,11.25,15
2966,141,MOBILE WEB,10,Sat,2,0,food,entertainment,Female,3.75,7.5
2967,270,MOBILE WEB,20,Mon,17,0,food,entertainment,Male,3.75,7.5
2968,211,MOBILE WEB,30,Sun,8,0,food,sports,Male,7.5,11.25
2969,161,MOBILE APP,10,Mon,22,0,food,drama,Female,3.75,7.5
2970,382,PC WEB,30,Sun,18,0,drink,music,Female,3.75,7.5
2971,204,MOBILE APP,10,Sat,14,0,education,entertainment,Female,3.75,7.5
2972,166,MOBILE WEB,10,Thu,23,0,food,entertainment,Male,3.75,7.5
2973,177,PC WEB,40,Mon,12,0,drink,sports,Male,3.75,7.5
2974,61,MOBILE WEB,30,Tue,19,0,drink,sports,Male,7.5,11.25
2975,241,MOBILE WEB,20,Sat,2,0,medicine,entertainment,Female,11.25,15
2976,237,MOBILE WEB,40,Sat,15,0,corporation,sports,Female,3.75,7.5
2977,201,MOBILE WEB,40,Sun,22,0,corporation,sports,Male,3.75,7.5
2978,153,MOBILE WEB,20,Mon,22,0,food,entertainment,Female,3.75,7.5
2979,190,MOBILE WEB,50,Mon,19,0,drink,entertainment,Male,3.75,7.5
2980,88,MOBILE WEB,40,Sat,17,0,food,sports,Male,3.75,7.5
2981,223,MOBILE WEB,30,Sat,23,0,education,drama,Female,3.75,7.5
2982,196,MOBILE WEB,30,Tue,8,0,pet,entertainment,Female,3.75,7.5
2983,292,MOBILE WEB,20,Sun,17,0,drink,entertainment,Female,3.75,7.5
2984,203,MOBILE APP,50,Fri,22,0,food,entertainment,Female,3.75,7.5
2985,190,MOBILE WEB,40,Fri,21,0,drink,entertainment,Female,3.75,7.5
2986,168,MOBILE WEB,30,Sat,9,0,drink,drama,Female,3.75,7.5
2987,185,MOBILE WEB,20,Sun,17,0,pet,drama,Female,3.75,7.5
2988,96,MOBILE WEB,20,Mon,23,0,drink,drama,Female,3.75,7.5
2989,141,MOBILE WEB,60,Mon,0,0,food,drama,Female,0,3.75
2990,500,MOBILE WEB,50,Fri,17,0,drink,sports,Male,3.75,7.5
2991,64,MOBILE WEB,20,Sat,20,1,medicine,entertainment,Male,11.25,15
2992,205,MOBILE WEB,20,Wed,15,0,food,entertainment,Female,3.75,7.5
2993,204,PC WEB,50,Fri,0,0,pet,entertainment,Female,3.75,7.5
2994,121,MOBILE WEB,20,Wed,16,1,electronics,entertainment,Male,11.25,15
2995,164,MOBILE WEB,20,Wed,15,0,health_food,entertainment,Female,3.75,7.5
2996,108,MOBILE WEB,50,Fri,19,0,food,entertainment,Male,3.75,7.5
2997,627,MOBILE WEB,40,Sat,16,1,drink,sports,Male,11.25,15
2998,127,MOBILE WEB,50,Tue,23,1,drink,sports,Male,11.25,15
2999,78,MOBILE WEB,30,Fri,14,1,education,entertainment,Female,11.25,15
3000,640,MOBILE WEB,20,Sun,9,1,drink,sports,Male,11.25,15
3001,144,MOBILE WEB,60,Mon,0,1,education,drama,Female,11.25,15
3002,430,MOBILE WEB,40,Tue,17,0,corporation,sports,Male,11.25,15
3003,786,PC WEB,40,Sun,14,1,drink,sports,Male,11.25,15
3004,158,MOBILE WEB,30,Sun,0,0,movie,drama,Female,7.5,11.25
3005,205,MOBILE WEB,40,Sat,14,0,corporation,sports,Male,11.25,15
3006,63,MOBILE WEB,60,Mon,14,0,finance,sports,Female,3.75,7.5
3007,109,MOBILE WEB,30,Fri,23,0,education,entertainment,Female,3.75,7.5
3008,89,MOBILE WEB,20,Thu,20,0,education,drama,Female,3.75,7.5
3009,106,MOBILE WEB,30,Mon,0,0,medicine,drama,Female,3.75,7.5
3010,115,MOBILE WEB,30,Sun,20,0,food,entertainment,Female,3.75,7.5
3011,119,PC WEB,50,Fri,19,0,corporation,sports,Male,3.75,7.5
3012,189,MOBILE WEB,40,Fri,23,0,finance,drama,Male,7.5,11.25
3013,116,MOBILE WEB,50,Sat,14,1,finance,sports,Female,11.25,15
3014,102,PC WEB,50,Tue,10,1,education,entertainment,Male,11.25,15
3015,236,MOBILE WEB,20,Fri,22,0,medicine,entertainment,Female,3.75,7.5
3016,101,PC WEB,50,Tue,14,0,drink,sports,Male,3.75,7.5
3017,147,MOBILE WEB,30,Mon,11,0,health_food,entertainment,Male,7.5,11.25
3018,164,MOBILE WEB,10,Sun,11,0,drink,entertainment,Female,7.5,11.25
3019,212,MOBILE WEB,40,Thu,12,0,pet,sports,Male,3.75,7.5
3020,143,MOBILE WEB,40,Fri,12,0,government,sports,Male,3.75,7.5
3021,176,MOBILE APP,10,Sat,21,0,food,entertainment,Female,3.75,7.5
3022,217,PC WEB,30,Mon,14,1,food,entertainment,Female,11.25,15
3023,500,MOBILE WEB,40,Fri,17,1,drink,sports,Male,11.25,15
3024,63,MOBILE WEB,50,Mon,6,1,government,sports,Male,11.25,15
3025,194,MOBILE WEB,20,Sat,14,0,education,entertainment,Male,3.75,7.5
3026,201,PC WEB,10,Sun,23,0,food,music,Female,3.75,7.5
3027,163,MOBILE WEB,20,Tue,20,0,movie,entertainment,Female,3.75,7.5
3028,149,MOBILE WEB,40,Mon,1,1,electronics,entertainment,Female,11.25,15
3029,145,PC WEB,10,Sun,22,0,health_food,entertainment,Female,3.75,7.5
3030,83,MOBILE WEB,20,Thu,11,1,woman,entertainment,Female,11.25,15
3031,694,MOBILE WEB,20,Wed,10,0,drink,sports,Male,7.5,11.25
3032,197,MOBILE WEB,20,Sat,10,0,food,entertainment,Female,3.75,7.5
3033,81,MOBILE WEB,40,Tue,11,1,food,sports,Male,11.25,15
3034,213,PC WEB,40,Wed,10,0,corporation,sports,Male,0,3.75
3035,237,MOBILE WEB,40,Sat,16,1,drink,sports,Male,11.25,15
3036,103,MOBILE WEB,30,Tue,11,0,corporation,sports,Male,3.75,7.5
3037,157,MOBILE WEB,50,Sat,9,1,food,entertainment,Female,11.25,15
3038,87,MOBILE WEB,20,Sat,13,0,drink,entertainment,Male,3.75,7.5
3039,61,MOBILE WEB,30,Tue,19,0,corporation,sports,Male,3.75,7.5
3040,71,MOBILE WEB,40,Thu,14,0,drink,sports,Male,3.75,7.5
3041,66,PC WEB,20,Sat,17,0,corporation,sports,Male,0,3.75
3042,103,MOBILE WEB,30,Sat,15,0,food,drama,Female,3.75,7.5
3043,206,PC WEB,10,Tue,14,0,drink,entertainment,Female,0,3.75
3044,172,MOBILE WEB,50,Thu,8,0,woman,entertainment,Male,3.75,7.5
3045,236,MOBILE WEB,30,Sun,17,0,food,music,Female,3.75,7.5
3046,232,PC WEB,10,Tue,15,0,drink,entertainment,Female,7.5,11.25
3047,186,MOBILE WEB,50,Fri,22,0,woman,entertainment,Female,0,3.75
3048,640,MOBILE WEB,40,Sun,11,1,drink,sports,Female,11.25,15
3049,170,MOBILE WEB,40,Mon,15,0,drink,sports,Male,3.75,7.5
3050,115,MOBILE WEB,30,Thu,0,0,woman,entertainment,Female,3.75,7.5
3051,101,MOBILE WEB,50,Sat,13,0,corporation,sports,Male,11.25,15
3052,213,MOBILE WEB,30,Wed,11,0,drink,sports,Male,7.5,11.25
3053,127,MOBILE WEB,30,Tue,22,1,drink,sports,Male,11.25,15
3054,164,MOBILE WEB,30,Wed,0,0,pet,entertainment,Female,3.75,7.5
3055,118,MOBILE WEB,20,Sat,8,0,drink,entertainment,Female,3.75,7.5
3056,218,MOBILE WEB,30,Sun,16,0,education,music,Female,3.75,7.5
3057,142,MOBILE WEB,20,Fri,12,0,education,drama,Female,3.75,7.5
3058,65,MOBILE WEB,50,Tue,11,0,corporation,sports,Male,3.75,7.5
3059,142,MOBILE WEB,60,Fri,19,0,food,entertainment,Female,3.75,7.5
3060,109,MOBILE WEB,30,Mon,12,0,movie,entertainment,Female,3.75,7.5
3061,128,MOBILE WEB,50,Fri,9,1,medicine,entertainment,Female,11.25,15
3062,93,MOBILE WEB,60,Sun,8,0,corporation,sports,Male,0,3.75
3063,71,MOBILE WEB,50,Thu,14,0,corporation,sports,Male,3.75,7.5
3064,135,PC WEB,30,Thu,17,1,health_food,sports,Male,11.25,15
3065,164,MOBILE WEB,50,Mon,19,0,government,entertainment,Female,3.75,7.5
3066,199,MOBILE WEB,30,Mon,17,0,food,music,Male,3.75,7.5
3067,72,PC WEB,40,Wed,12,1,drink,sports,Male,11.25,15
3068,272,MOBILE APP,10,Tue,22,0,education,entertainment,Female,3.75,7.5
3069,206,MOBILE WEB,20,Sat,12,0,drink,sports,Female,3.75,7.5
3070,190,MOBILE WEB,30,Mon,17,0,medicine,drama,Female,3.75,7.5
3071,78,MOBILE WEB,30,Sat,22,0,corporation,sports,Male,3.75,7.5
3072,72,MOBILE WEB,30,Wed,16,1,drink,sports,Male,11.25,15
3073,155,MOBILE WEB,20,Sun,19,0,health_food,entertainment,Male,7.5,11.25
3074,131,MOBILE WEB,20,Sun,11,1,food,drama,Female,11.25,15
3075,225,MOBILE WEB,20,Mon,10,0,health_food,entertainment,Female,3.75,7.5
3076,191,MOBILE WEB,50,Fri,21,0,food,information,Female,3.75,7.5
3077,285,MOBILE WEB,10,Sun,17,1,movie,entertainment,Female,11.25,15
3078,800,MOBILE WEB,30,Sat,14,0,corporation,sports,Female,3.75,7.5
3079,210,MOBILE WEB,60,Sat,0,0,drink,sports,Male,3.75,7.5
3080,64,MOBILE WEB,30,Mon,11,0,corporation,sports,Male,3.75,7.5
3081,104,MOBILE WEB,30,Wed,1,0,food,entertainment,Female,11.25,15
3082,84,PC WEB,50,Wed,15,0,drink,sports,Male,0,3.75
3083,79,MOBILE WEB,30,Sun,16,1,drink,sports,Male,11.25,15
3084,64,MOBILE WEB,30,Sat,19,0,corporation,sports,Male,7.5,11.25
3085,197,MOBILE WEB,40,Tue,15,0,education,entertainment,Female,3.75,7.5
3086,213,MOBILE WEB,30,Wed,20,0,drink,sports,Male,3.75,7.5
3087,99,MOBILE WEB,30,Thu,13,0,corporation,sports,Male,3.75,7.5
3088,102,MOBILE WEB,30,Sun,14,0,food,music,Male,3.75,7.5
3089,155,MOBILE WEB,20,Thu,19,0,drink,entertainment,Female,11.25,15
3090,61,MOBILE WEB,20,Thu,6,0,corporation,sports,Male,0,3.75
3091,237,MOBILE WEB,10,Mon,22,0,movie,drama,Female,3.75,7.5
3092,96,MOBILE WEB,10,Sat,23,0,movie,drama,Female,11.25,15
3093,627,MOBILE WEB,30,Sat,17,1,drink,sports,Male,11.25,15
3094,101,MOBILE WEB,30,Sat,13,0,drink,sports,Male,0,3.75
3095,138,MOBILE WEB,10,Mon,18,0,health_food,drama,Female,0,3.75
3096,125,PC WEB,50,Tue,7,0,drink,sports,Male,3.75,7.5
3097,78,MOBILE WEB,50,Sat,14,1,drink,sports,Male,11.25,15
3098,145,MOBILE WEB,40,Wed,23,1,food,entertainment,Female,11.25,15
3099,74,MOBILE WEB,30,Fri,15,0,corporation,sports,Male,3.75,7.5
3100,83,MOBILE WEB,40,Mon,2,0,health_food,drama,Female,3.75,7.5
3101,627,MOBILE WEB,50,Sat,16,1,drink,sports,Male,11.25,15
3102,220,MOBILE WEB,20,Thu,18,0,food,drama,Female,3.75,7.5
3103,126,MOBILE WEB,30,Wed,23,0,corporation,entertainment,Female,3.75,7.5
3104,205,MOBILE WEB,30,Sun,13,0,drink,music,Male,7.5,11.25
3105,64,MOBILE WEB,50,Fri,17,0,drink,sports,Male,3.75,7.5
3106,162,MOBILE WEB,40,Sun,17,0,health_food,music,Female,3.75,7.5
3107,119,MOBILE WEB,30,Thu,23,1,drink,drama,Female,11.25,15
3108,81,MOBILE WEB,20,Sun,9,0,health_food,music,Female,3.75,7.5
3109,277,MOBILE WEB,10,Sun,1,0,education,entertainment,Male,3.75,7.5
3110,72,MOBILE APP,10,Wed,23,1,electronics,entertainment,Female,11.25,15
3111,61,MOBILE WEB,40,Wed,8,0,drink,sports,Female,0,3.75
3112,213,MOBILE WEB,30,Wed,10,0,food,sports,Male,3.75,7.5
3113,143,PC WEB,50,Sat,22,0,education,entertainment,Male,7.5,11.25
3114,92,MOBILE APP,50,Mon,17,0,health_food,drama,Male,3.75,7.5
3115,80,MOBILE WEB,30,Mon,1,0,government,drama,Male,11.25,15
3116,67,MOBILE WEB,50,Tue,15,1,drink,sports,Male,11.25,15
3117,121,MOBILE WEB,20,Sun,14,0,food,entertainment,Female,3.75,7.5
3118,153,MOBILE WEB,50,Sun,8,0,health_food,entertainment,Female,3.75,7.5
3119,160,MOBILE APP,20,Mon,7,0,food,entertainment,Female,0,3.75
3120,160,PC WEB,50,Tue,12,1,drink,sports,Male,11.25,15
3121,159,MOBILE WEB,50,Sat,17,1,health_food,information,Male,11.25,15
3122,621,MOBILE WEB,50,Sun,15,1,drink,sports,Male,11.25,15
3123,196,MOBILE WEB,60,Tue,14,1,food,entertainment,Male,11.25,15
3124,145,MOBILE WEB,20,Mon,8,0,food,entertainment,Female,3.75,7.5
3125,289,MOBILE WEB,10,Sun,19,0,food,entertainment,Female,3.75,7.5
3126,81,MOBILE WEB,30,Tue,11,0,corporation,sports,Male,0,3.75
3127,153,MOBILE WEB,30,Mon,7,0,electronics,entertainment,Male,11.25,15
3128,119,MOBILE WEB,10,Thu,18,0,medicine,entertainment,Female,3.75,7.5
3129,94,MOBILE WEB,30,Mon,20,0,drink,entertainment,Female,11.25,15
3130,64,MOBILE WEB,50,Fri,10,0,drink,sports,Male,3.75,7.5
3131,178,MOBILE WEB,20,Sun,16,0,education,entertainment,Female,3.75,7.5
3132,101,PC WEB,50,Mon,11,0,drink,sports,Male,3.75,7.5
3133,230,MOBILE WEB,50,Wed,15,0,drink,entertainment,Female,3.75,7.5
3134,165,MOBILE WEB,30,Sat,22,0,health_food,entertainment,Male,11.25,15
3135,62,MOBILE WEB,30,Thu,12,0,corporation,sports,Male,3.75,7.5
3136,72,MOBILE WEB,40,Wed,15,1,drink,sports,Male,11.25,15
3137,66,PC WEB,30,Tue,10,0,drink,sports,Male,3.75,7.5
3138,65,MOBILE WEB,50,Tue,15,0,drink,sports,Male,3.75,7.5
3139,274,MOBILE WEB,20,Sat,23,0,food,music,Male,3.75,7.5
3140,66,MOBILE WEB,40,Sat,13,1,drink,sports,Male,11.25,15
3141,239,MOBILE WEB,20,Fri,14,0,drink,music,Male,7.5,11.25
3142,199,PC WEB,30,Fri,17,0,health_food,entertainment,Male,7.5,11.25
3143,133,MOBILE WEB,20,Fri,0,0,drink,entertainment,Female,3.75,7.5
3144,213,MOBILE WEB,30,Wed,12,0,pet,sports,Male,3.75,7.5
3145,79,MOBILE WEB,20,Sun,22,0,electronics,drama,Female,7.5,11.25
3146,181,MOBILE APP,10,Tue,17,0,food,entertainment,Female,7.5,11.25
3147,185,MOBILE WEB,40,Sat,11,0,movie,entertainment,Female,3.75,7.5
3148,88,MOBILE WEB,20,Thu,22,0,corporation,entertainment,Female,0,3.75
3149,213,MOBILE WEB,30,Wed,10,0,drink,sports,Male,3.75,7.5
3150,111,MOBILE WEB,30,Sun,17,0,government,entertainment,Female,3.75,7.5
3151,96,PC WEB,20,Wed,12,0,drink,sports,Male,0,3.75
3152,96,MOBILE WEB,20,Thu,2,1,drink,sports,Male,11.25,15
3153,419,MOBILE WEB,40,Tue,23,0,drink,sports,Male,3.75,7.5
3154,111,MOBILE WEB,50,Fri,0,0,drink,drama,Male,3.75,7.5
3155,158,MOBILE WEB,50,Sat,15,0,movie,entertainment,Female,3.75,7.5
3156,131,MOBILE WEB,30,Wed,16,1,drink,sports,Male,11.25,15
3157,261,MOBILE APP,10,Sun,18,0,food,music,Female,3.75,7.5
3158,198,MOBILE APP,20,Sat,3,0,drink,entertainment,Male,3.75,7.5
3159,180,MOBILE WEB,20,Wed,14,0,movie,entertainment,Female,3.75,7.5
3160,101,PC WEB,40,Mon,9,0,corporation,sports,Male,3.75,7.5
3161,67,PC WEB,50,Sun,19,1,drink,entertainment,Male,11.25,15
3162,79,PC WEB,40,Mon,14,0,drink,sports,Male,3.75,7.5
3163,112,MOBILE WEB,30,Sat,14,1,corporation,sports,Male,11.25,15
3164,219,MOBILE WEB,10,Sat,21,0,food,music,Male,3.75,7.5
3165,61,MOBILE WEB,30,Tue,18,0,corporation,sports,Male,3.75,7.5
3166,152,MOBILE WEB,30,Fri,16,0,health_food,entertainment,Male,3.75,7.5
3167,124,MOBILE WEB,40,Sat,22,0,corporation,sports,Male,3.75,7.5
3168,236,MOBILE WEB,20,Fri,18,0,food,music,Female,0,3.75
3169,135,MOBILE WEB,30,Wed,0,0,electronics,entertainment,Female,0,3.75
3170,333,MOBILE WEB,30,Sat,1,0,health_food,entertainment,Female,0,3.75
3171,122,MOBILE WEB,50,Tue,11,0,corporation,sports,Male,3.75,7.5
3172,73,MOBILE WEB,40,Thu,23,0,pet,drama,Female,3.75,7.5
3173,188,MOBILE WEB,20,Mon,2,0,food,entertainment,Female,7.5,11.25
3174,153,MOBILE WEB,30,Mon,12,0,food,entertainment,Female,7.5,11.25
3175,164,MOBILE WEB,30,Thu,10,0,drink,entertainment,Female,3.75,7.5
3176,165,MOBILE WEB,50,Mon,15,0,health_food,entertainment,Female,7.5,11.25
3177,124,MOBILE WEB,30,Sun,20,0,health_food,entertainment,Male,3.75,7.5
3178,141,MOBILE WEB,50,Thu,22,0,food,entertainment,Female,3.75,7.5
3179,161,MOBILE WEB,50,Fri,16,0,woman,drama,Female,7.5,11.25
3180,121,MOBILE WEB,50,Sun,17,1,drink,sports,Male,11.25,15
3181,82,MOBILE APP,10,Sun,10,0,food,drama,Female,3.75,7.5
3182,143,MOBILE WEB,20,Wed,14,0,corporation,entertainment,Female,3.75,7.5
3183,82,MOBILE WEB,30,Sat,0,1,electronics,entertainment,Male,11.25,15
3184,88,MOBILE WEB,40,Sat,11,0,food,sports,Male,3.75,7.5
3185,71,PC WEB,40,Mon,16,0,drink,sports,Male,7.5,11.25
3186,152,MOBILE WEB,30,Tue,7,0,health_food,entertainment,Female,3.75,7.5
3187,119,MOBILE APP,10,Thu,18,0,food,entertainment,Female,3.75,7.5
3188,190,MOBILE APP,40,Sun,22,0,food,entertainment,Female,3.75,7.5
3189,118,MOBILE WEB,50,Fri,19,0,corporation,sports,Female,3.75,7.5
3190,237,PC WEB,20,Sat,20,1,drink,sports,Female,11.25,15
3191,95,MOBILE WEB,30,Tue,22,0,corporation,entertainment,Male,3.75,7.5
3192,118,MOBILE WEB,30,Fri,21,0,corporation,sports,Male,0,3.75
3193,118,MOBILE WEB,10,Sun,11,0,government,drama,Female,3.75,7.5
3194,119,MOBILE WEB,20,Sat,0,0,corporation,sports,Male,3.75,7.5
3195,150,MOBILE WEB,40,Mon,7,0,health_food,entertainment,Female,7.5,11.25
3196,232,MOBILE APP,10,Mon,10,0,medicine,entertainment,Female,3.75,7.5
3197,164,MOBILE WEB,30,Fri,11,0,drink,sports,Male,3.75,7.5
3198,199,PC WEB,30,Fri,14,0,drink,sports,Male,7.5,11.25
3199,64,MOBILE WEB,50,Tue,14,0,drink,sports,Male,3.75,7.5
3200,213,MOBILE WEB,20,Fri,7,0,education,drama,Female,3.75,7.5
3201,144,MOBILE WEB,20,Fri,9,1,food,entertainment,Female,11.25,15
3202,61,PC WEB,50,Tue,13,0,food,current_affairs,Female,3.75,7.5
3203,167,MOBILE APP,10,Mon,17,0,movie,entertainment,Female,7.5,11.25
3204,87,MOBILE WEB,30,Sun,8,0,education,drama,Female,11.25,15
3205,83,MOBILE APP,30,Fri,9,0,drink,sports,Male,3.75,7.5
3206,82,MOBILE WEB,30,Sun,22,0,government,entertainment,Male,7.5,11.25
3207,747,MOBILE WEB,40,Sun,22,0,corporation,sports,Male,7.5,11.25
3208,112,MOBILE WEB,20,Fri,8,0,government,drama,Female,7.5,11.25
3209,101,MOBILE WEB,30,Sat,12,0,corporation,sports,Male,3.75,7.5
3210,154,MOBILE WEB,20,Sat,13,1,drink,sports,Male,11.25,15
3211,192,MOBILE WEB,20,Fri,2,0,health_food,entertainment,Male,3.75,7.5
3212,732,MOBILE WEB,40,Wed,19,1,drink,sports,Female,11.25,15
3213,627,MOBILE WEB,50,Sat,15,1,drink,sports,Male,11.25,15
3214,84,MOBILE WEB,10,Sat,14,0,drink,sports,Male,3.75,7.5
3215,218,MOBILE WEB,20,Mon,22,0,health_food,music,Female,3.75,7.5
3216,190,MOBILE WEB,20,Sun,21,1,woman,entertainment,Female,11.25,15
3217,140,MOBILE WEB,40,Wed,0,0,electronics,entertainment,Male,3.75,7.5
3218,96,MOBILE WEB,40,Fri,1,0,health_food,drama,Female,3.75,7.5
3219,149,MOBILE WEB,30,Mon,22,0,drink,sports,Male,3.75,7.5
3220,135,MOBILE WEB,30,Sun,9,0,education,drama,Male,3.75,7.5
3221,222,MOBILE WEB,30,Thu,23,0,food,entertainment,Female,3.75,7.5
3222,147,MOBILE WEB,30,Sat,23,0,health_food,entertainment,Male,3.75,7.5
3223,100,MOBILE WEB,30,Tue,17,1,drink,sports,Male,11.25,15
3224,61,MOBILE WEB,50,Wed,20,1,drink,sports,Male,11.25,15
3225,169,MOBILE WEB,40,Mon,21,0,health_food,drama,Male,11.25,15
3226,172,MOBILE WEB,30,Thu,7,0,electronics,entertainment,Female,11.25,15
3227,121,MOBILE WEB,40,Sun,17,1,drink,sports,Female,11.25,15
3228,284,MOBILE WEB,40,Mon,22,0,drink,drama,Female,11.25,15
3229,142,MOBILE WEB,50,Fri,20,0,woman,entertainment,Female,3.75,7.5
3230,141,MOBILE WEB,30,Tue,10,0,corporation,sports,Male,3.75,7.5
3231,137,MOBILE WEB,20,Mon,2,0,electronics,entertainment,Female,3.75,7.5
3232,61,MOBILE WEB,30,Sun,14,1,drink,sports,Male,11.25,15
3233,116,MOBILE WEB,50,Sat,11,0,woman,current_affairs,Female,7.5,11.25
3234,500,MOBILE WEB,50,Fri,18,1,drink,sports,Male,11.25,15
3235,183,PC WEB,20,Mon,9,1,pet,entertainment,Female,11.25,15
3236,398,PC WEB,30,Tue,13,0,drink,sports,Male,3.75,7.5
3237,126,MOBILE WEB,60,Wed,11,0,food,sports,Female,0,3.75
3238,142,MOBILE WEB,30,Sun,20,0,drink,entertainment,Female,11.25,15
3239,67,MOBILE WEB,60,Tue,20,1,drink,sports,Male,11.25,15
3240,163,MOBILE WEB,30,Sat,22,0,food,entertainment,Male,3.75,7.5
3241,212,MOBILE APP,30,Fri,23,0,food,music,Female,3.75,7.5
3242,188,MOBILE APP,10,Mon,11,0,education,drama,Female,3.75,7.5
3243,101,MOBILE WEB,30,Sat,14,0,drink,sports,Male,3.75,7.5
3244,185,MOBILE WEB,20,Sat,18,0,education,entertainment,Male,3.75,7.5
3245,96,MOBILE WEB,10,Fri,0,0,health_food,drama,Female,3.75,7.5
3246,149,MOBILE WEB,20,Sat,23,0,electronics,entertainment,Female,3.75,7.5
3247,68,MOBILE WEB,30,Sat,10,0,drink,sports,Male,0,3.75
3248,85,MOBILE WEB,30,Mon,23,0,drink,drama,Female,0,3.75
3249,627,MOBILE WEB,40,Sun,14,1,drink,sports,Male,11.25,15
3250,206,MOBILE WEB,40,Sat,13,0,corporation,sports,Male,3.75,7.5
3251,147,MOBILE WEB,20,Wed,11,0,pet,music,Female,0,3.75
3252,74,MOBILE WEB,40,Mon,8,0,drink,sports,Male,3.75,7.5
3253,136,MOBILE APP,50,Thu,18,0,medicine,drama,Female,3.75,7.5
3254,166,MOBILE WEB,30,Mon,21,0,drink,entertainment,Female,0,3.75
3255,224,MOBILE WEB,30,Wed,10,0,electronics,entertainment,Female,3.75,7.5
3256,175,MOBILE APP,10,Fri,2,0,medicine,drama,Male,3.75,7.5
3257,185,MOBILE WEB,40,Fri,0,0,medicine,drama,Female,0,3.75
3258,67,PC WEB,20,Tue,14,1,drink,sports,Male,11.25,15
3259,152,MOBILE WEB,40,Thu,0,0,electronics,entertainment,Male,0,3.75
3260,91,PC WEB,50,Thu,16,0,corporation,sports,Male,0,3.75
3261,145,MOBILE WEB,10,Mon,23,0,pet,entertainment,Female,3.75,7.5
3262,231,MOBILE WEB,30,Tue,20,0,health_food,entertainment,Female,3.75,7.5
3263,163,MOBILE APP,20,Mon,21,0,drink,entertainment,Female,3.75,7.5
3264,85,MOBILE WEB,30,Fri,10,0,drink,sports,Male,11.25,15
3265,67,MOBILE WEB,40,Tue,15,1,drink,sports,Male,11.25,15
3266,263,MOBILE WEB,10,Fri,0,1,drink,entertainment,Female,11.25,15
3267,134,MOBILE WEB,20,Sun,14,1,movie,entertainment,Female,11.25,15
3268,152,MOBILE WEB,40,Sun,7,0,health_food,drama,Female,3.75,7.5
3269,205,MOBILE WEB,40,Fri,8,0,drink,entertainment,Female,3.75,7.5
3270,194,MOBILE WEB,10,Sun,21,0,movie,drama,Female,3.75,7.5
3271,190,MOBILE WEB,40,Mon,22,0,drink,entertainment,Female,3.75,7.5
3272,165,MOBILE WEB,60,Mon,22,0,pet,drama,Male,7.5,11.25
3273,627,MOBILE WEB,40,Sat,15,0,corporation,sports,Male,3.75,7.5
3274,126,MOBILE APP,10,Tue,19,0,medicine,drama,Female,3.75,7.5
3275,787,PC WEB,40,Mon,18,0,drink,sports,Male,7.5,11.25
3276,173,MOBILE WEB,50,Thu,10,0,health_food,entertainment,Female,7.5,11.25
3277,627,MOBILE WEB,40,Sat,16,1,drink,sports,Male,11.25,15
3278,289,MOBILE WEB,30,Sun,22,0,electronics,entertainment,Male,3.75,7.5
3279,171,MOBILE WEB,30,Mon,13,0,food,drama,Female,3.75,7.5
3280,61,MOBILE WEB,40,Sun,12,1,drink,sports,Male,11.25,15
3281,340,MOBILE WEB,20,Sun,22,0,food,drama,Female,3.75,7.5
3282,117,MOBILE WEB,20,Mon,0,0,education,entertainment,Female,7.5,11.25
3283,252,MOBILE WEB,30,Wed,0,0,food,drama,Female,0,3.75
3284,111,MOBILE WEB,30,Sun,15,0,drink,drama,Female,3.75,7.5
3285,81,MOBILE WEB,10,Fri,11,0,education,entertainment,Female,3.75,7.5
3286,227,MOBILE WEB,40,Tue,23,0,food,drama,Female,0,3.75
3287,138,MOBILE WEB,50,Sat,10,0,health_food,sports,Male,0,3.75
3288,356,MOBILE WEB,40,Sun,0,0,food,music,Female,3.75,7.5
3289,83,MOBILE WEB,30,Thu,20,0,food,sports,Male,3.75,7.5
3290,96,MOBILE WEB,60,Thu,9,0,drink,sports,Male,3.75,7.5
3291,161,MOBILE WEB,40,Tue,18,1,drink,entertainment,Female,11.25,15
3292,323,MOBILE WEB,30,Tue,10,0,drink,sports,Male,3.75,7.5
3293,129,MOBILE WEB,30,Fri,0,0,health_food,drama,Female,3.75,7.5
3294,182,MOBILE APP,20,Fri,7,0,food,entertainment,Female,3.75,7.5
3295,88,MOBILE WEB,50,Sat,16,0,corporation,sports,Male,3.75,7.5
3296,295,MOBILE WEB,10,Fri,2,1,food,drama,Female,11.25,15
3297,499,MOBILE WEB,50,Tue,19,0,drink,sports,Male,3.75,7.5
3298,120,MOBILE WEB,40,Fri,13,1,movie,drama,Female,11.25,15
3299,126,MOBILE WEB,30,Sat,16,1,drink,sports,Male,11.25,15
3300,142,MOBILE WEB,20,Sat,14,0,pet,drama,Female,3.75,7.5
3301,163,MOBILE WEB,40,Tue,2,0,food,entertainment,Male,7.5,11.25
3302,163,MOBILE WEB,30,Wed,20,0,electronics,entertainment,Female,3.75,7.5
3303,118,MOBILE WEB,30,Fri,20,0,corporation,sports,Male,3.75,7.5
3304,197,MOBILE WEB,50,Tue,12,0,food,entertainment,Female,3.75,7.5
3305,67,MOBILE WEB,30,Tue,13,0,corporation,sports,Male,3.75,7.5
3306,125,PC WEB,40,Tue,8,1,drink,sports,Male,11.25,15
3307,72,MOBILE WEB,30,Wed,15,0,corporation,sports,Male,3.75,7.5
3308,177,MOBILE WEB,20,Thu,14,0,food,entertainment,Female,3.75,7.5
3309,316,MOBILE WEB,40,Sun,17,0,medicine,entertainment,Female,3.75,7.5
3310,176,MOBILE WEB,30,Mon,10,0,food,drama,Female,3.75,7.5
3311,176,MOBILE WEB,30,Fri,14,0,corporation,sports,Male,3.75,7.5
3312,125,MOBILE WEB,10,Sun,9,1,medicine,drama,Female,11.25,15
3313,160,MOBILE WEB,30,Sat,21,1,pet,entertainment,Female,11.25,15
3314,149,MOBILE APP,20,Thu,23,0,drink,drama,Female,7.5,11.25
3315,205,MOBILE WEB,50,Sat,21,0,drink,sports,Female,0,3.75
3316,168,MOBILE WEB,30,Sat,16,0,movie,entertainment,Female,0,3.75
3317,139,MOBILE WEB,30,Sat,14,0,movie,entertainment,Male,3.75,7.5
3318,75,MOBILE WEB,40,Mon,21,0,drink,sports,Male,7.5,11.25
3319,161,MOBILE APP,20,Sat,18,0,health_food,music,Female,7.5,11.25
3320,189,MOBILE WEB,20,Sun,20,0,movie,entertainment,Female,3.75,7.5
3321,132,MOBILE WEB,30,Wed,20,0,movie,drama,Female,3.75,7.5
3322,113,MOBILE WEB,20,Thu,15,0,food,drama,Male,3.75,7.5
3323,174,PC WEB,40,Fri,16,0,drink,information,Male,0,3.75
3324,202,MOBILE WEB,40,Tue,23,0,education,entertainment,Female,3.75,7.5
3325,180,MOBILE WEB,40,Mon,18,0,drink,entertainment,Female,3.75,7.5
3326,76,MOBILE WEB,30,Sat,20,1,food,entertainment,Female,11.25,15
3327,147,MOBILE WEB,40,Thu,18,0,drink,entertainment,Female,3.75,7.5
3328,146,MOBILE WEB,20,Sat,12,0,food,entertainment,Female,3.75,7.5
3329,152,MOBILE WEB,20,Mon,21,0,pet,entertainment,Female,3.75,7.5
3330,152,MOBILE WEB,40,Sat,22,0,corporation,sports,Male,11.25,15
3331,127,MOBILE WEB,20,Wed,10,0,movie,drama,Female,3.75,7.5
3332,158,MOBILE APP,10,Mon,21,0,food,entertainment,Female,0,3.75
3333,81,MOBILE WEB,30,Tue,9,0,movie,entertainment,Female,7.5,11.25
3334,232,MOBILE WEB,10,Wed,20,0,food,entertainment,Female,3.75,7.5
3335,65,MOBILE WEB,30,Fri,19,0,education,drama,Female,3.75,7.5
3336,157,MOBILE WEB,20,Mon,7,1,health_food,entertainment,Male,11.25,15
3337,65,MOBILE WEB,30,Tue,13,0,drink,sports,Male,3.75,7.5
3338,164,MOBILE WEB,40,Sat,20,0,health_food,information,Female,7.5,11.25
3339,747,MOBILE WEB,40,Thu,15,0,health_food,sports,Male,3.75,7.5
3340,67,MOBILE WEB,40,Sun,22,0,corporation,sports,Male,3.75,7.5
3341,200,MOBILE APP,10,Sat,15,0,health_food,entertainment,Female,0,3.75
3342,124,MOBILE APP,10,Sat,12,0,pet,entertainment,Female,3.75,7.5
3343,130,MOBILE WEB,10,Sat,22,0,food,entertainment,Female,3.75,7.5
3344,150,MOBILE WEB,30,Tue,16,0,food,drama,Female,3.75,7.5
3345,206,MOBILE WEB,20,Sat,12,1,corporation,sports,Male,11.25,15
3346,148,MOBILE WEB,50,Thu,23,0,education,drama,Female,3.75,7.5
3347,373,MOBILE WEB,40,Sun,13,0,health_food,entertainment,Female,7.5,11.25
3348,237,MOBILE WEB,30,Sun,9,0,pet,entertainment,Female,0,3.75
3349,107,MOBILE WEB,30,Tue,20,0,food,drama,Female,3.75,7.5
3350,123,MOBILE WEB,30,Fri,8,0,woman,entertainment,Male,3.75,7.5
3351,81,MOBILE WEB,10,Fri,20,0,movie,entertainment,Female,3.75,7.5
3352,127,MOBILE WEB,30,Thu,22,0,movie,sports,Male,3.75,7.5
3353,72,MOBILE WEB,50,Wed,14,0,corporation,sports,Male,3.75,7.5
3354,208,MOBILE APP,20,Mon,1,0,food,entertainment,Female,3.75,7.5
3355,186,MOBILE WEB,60,Sun,20,1,movie,drama,Female,11.25,15
3356,114,MOBILE WEB,20,Wed,23,0,corporation,entertainment,Female,3.75,7.5
3357,174,MOBILE WEB,40,Sun,7,0,food,drama,Female,3.75,7.5
3358,196,MOBILE WEB,30,Tue,14,0,food,entertainment,Female,3.75,7.5
3359,91,MOBILE WEB,20,Tue,10,0,pet,drama,Female,3.75,7.5
3360,96,PC WEB,50,Wed,17,1,corporation,sports,Male,11.25,15
3361,154,MOBILE WEB,30,Sat,13,1,drink,sports,Male,11.25,15
3362,265,MOBILE WEB,20,Thu,23,0,drink,entertainment,Female,7.5,11.25
3363,67,MOBILE WEB,40,Sun,13,0,drink,sports,Male,11.25,15
3364,112,MOBILE WEB,20,Sun,3,0,food,entertainment,Female,3.75,7.5
3365,141,MOBILE WEB,50,Sun,15,0,health_food,current_affairs,Female,3.75,7.5
3366,197,MOBILE WEB,20,Sat,9,0,drink,entertainment,Female,3.75,7.5
3367,206,MOBILE WEB,10,Tue,16,0,medicine,entertainment,Female,3.75,7.5
3368,93,MOBILE APP,20,Thu,22,0,food,drama,Female,3.75,7.5
3369,139,MOBILE WEB,40,Sun,7,0,health_food,drama,Female,7.5,11.25
3370,165,MOBILE WEB,20,Wed,0,0,movie,drama,Female,3.75,7.5
3371,201,MOBILE WEB,20,Sun,16,0,corporation,sports,Male,3.75,7.5
3372,118,MOBILE WEB,20,Mon,13,1,food,entertainment,Female,11.25,15
3373,88,MOBILE WEB,60,Sat,22,0,food,current_affairs,Male,0,3.75
3374,127,MOBILE WEB,40,Tue,23,1,drink,sports,Male,11.25,15
3375,65,PC WEB,60,Tue,14,0,drink,sports,Male,0,3.75
3376,67,PC WEB,40,Tue,18,1,drink,sports,Male,11.25,15
3377,211,MOBILE WEB,20,Sun,9,0,drink,sports,Male,3.75,7.5
3378,120,MOBILE WEB,30,Wed,22,0,corporation,entertainment,Male,3.75,7.5
3379,105,MOBILE WEB,10,Sun,13,0,medicine,drama,Male,7.5,11.25
3380,286,MOBILE WEB,30,Sun,17,0,food,sports,Male,3.75,7.5
3381,131,MOBILE WEB,10,Sun,21,0,health_food,entertainment,Male,3.75,7.5
3382,65,MOBILE WEB,30,Sun,20,0,corporation,sports,Male,7.5,11.25
3383,72,MOBILE WEB,50,Tue,10,0,education,drama,Female,3.75,7.5
3384,419,MOBILE WEB,30,Tue,16,0,drink,sports,Male,3.75,7.5
3385,111,MOBILE WEB,40,Fri,13,0,food,information,Female,7.5,11.25
3386,419,MOBILE WEB,40,Tue,11,0,drink,sports,Male,11.25,15
3387,284,PC WEB,40,Sat,15,0,health_food,information,Male,3.75,7.5
3388,72,MOBILE WEB,10,Sat,21,0,medicine,entertainment,Female,3.75,7.5
3389,65,MOBILE WEB,30,Sun,19,1,drink,sports,Female,11.25,15
3390,95,MOBILE WEB,40,Wed,0,0,food,entertainment,Female,3.75,7.5
3391,108,MOBILE WEB,50,Sun,1,0,health_food,entertainment,Female,7.5,11.25
3392,169,MOBILE WEB,30,Wed,9,0,food,entertainment,Female,3.75,7.5
3393,116,MOBILE WEB,40,Sat,14,1,drink,sports,Male,11.25,15
3394,188,MOBILE WEB,50,Tue,11,0,health_food,drama,Female,0,3.75
3395,787,MOBILE WEB,60,Mon,19,0,drink,sports,Male,3.75,7.5
3396,131,MOBILE WEB,10,Sun,22,0,health_food,drama,Female,3.75,7.5
3397,182,MOBILE WEB,40,Tue,0,1,education,drama,Female,11.25,15
3398,221,MOBILE WEB,40,Sat,6,0,food,information,Male,0,3.75
3399,125,MOBILE WEB,30,Mon,18,0,drink,sports,Male,3.75,7.5
3400,104,MOBILE WEB,30,Mon,5,0,electronics,entertainment,Female,3.75,7.5
3401,125,MOBILE WEB,40,Tue,23,0,food,drama,Female,3.75,7.5
3402,130,PC WEB,40,Sat,7,0,corporation,entertainment,Male,11.25,15
3403,130,MOBILE WEB,50,Sun,23,0,drink,entertainment,Female,11.25,15
3404,170,MOBILE WEB,40,Mon,8,0,drink,sports,Male,3.75,7.5
3405,96,PC WEB,20,Wed,16,0,corporation,sports,Male,7.5,11.25
3406,356,MOBILE WEB,50,Sun,9,0,pet,music,Female,7.5,11.25
3407,160,MOBILE WEB,30,Sat,23,0,medicine,entertainment,Female,3.75,7.5
3408,96,MOBILE WEB,50,Fri,0,0,movie,drama,Female,11.25,15
3409,204,MOBILE WEB,20,Sun,19,0,drink,drama,Male,3.75,7.5
3410,150,MOBILE WEB,10,Wed,17,0,food,entertainment,Female,3.75,7.5
3411,236,MOBILE WEB,50,Wed,22,0,government,information,Female,3.75,7.5
3412,186,MOBILE WEB,30,Fri,20,0,food,entertainment,Female,3.75,7.5
3413,161,MOBILE WEB,10,Sat,22,1,government,entertainment,Female,11.25,15
3414,163,MOBILE WEB,50,Mon,17,1,government,entertainment,Female,11.25,15
3415,201,MOBILE WEB,30,Mon,21,0,medicine,information,Female,0,3.75
3416,97,PC WEB,50,Tue,12,0,drink,sports,Male,3.75,7.5
3417,80,MOBILE WEB,20,Fri,0,0,drink,drama,Female,3.75,7.5
3418,183,MOBILE APP,20,Sun,18,0,food,entertainment,Female,3.75,7.5
3419,122,MOBILE WEB,40,Sun,18,0,food,drama,Female,0,3.75
3420,67,MOBILE WEB,20,Tue,13,0,corporation,sports,Male,3.75,7.5
3421,75,PC WEB,40,Sun,16,1,drink,sports,Male,11.25,15
3422,298,MOBILE WEB,20,Sun,0,0,food,drama,Female,11.25,15
3423,121,MOBILE WEB,20,Sat,18,0,woman,entertainment,Male,3.75,7.5
3424,74,MOBILE WEB,30,Fri,16,1,drink,sports,Male,11.25,15
3425,165,MOBILE WEB,20,Mon,11,0,government,entertainment,Female,3.75,7.5
3426,101,MOBILE WEB,50,Sat,13,0,drink,sports,Female,3.75,7.5
3427,404,MOBILE WEB,20,Sat,11,0,food,entertainment,Male,7.5,11.25
3428,161,MOBILE WEB,40,Thu,13,0,health_food,entertainment,Female,3.75,7.5
3429,176,MOBILE WEB,30,Sat,15,0,drink,entertainment,Female,3.75,7.5
3430,97,MOBILE WEB,40,Tue,13,0,drink,sports,Male,0,3.75
3431,119,PC WEB,20,Fri,15,1,drink,sports,Male,11.25,15
3432,86,PC WEB,40,Tue,15,0,food,sports,Male,7.5,11.25
3433,184,MOBILE WEB,40,Sun,21,1,health_food,drama,Female,11.25,15
3434,141,MOBILE WEB,40,Mon,13,1,food,entertainment,Female,11.25,15
3435,151,MOBILE WEB,40,Sun,14,0,movie,entertainment,Male,3.75,7.5
3436,110,MOBILE WEB,30,Wed,14,1,drink,sports,Male,11.25,15
3437,99,MOBILE WEB,30,Thu,13,0,drink,sports,Male,3.75,7.5
3438,62,MOBILE WEB,30,Tue,14,0,drink,sports,Male,3.75,7.5
3439,126,MOBILE WEB,30,Wed,8,1,drink,entertainment,Male,11.25,15
3440,78,MOBILE WEB,40,Fri,12,0,medicine,entertainment,Female,0,3.75
3441,143,MOBILE WEB,30,Fri,12,0,drink,sports,Male,3.75,7.5
3442,65,MOBILE WEB,20,Tue,11,0,corporation,sports,Male,3.75,7.5
3443,127,MOBILE WEB,30,Wed,18,1,drink,sports,Male,11.25,15
3444,100,MOBILE WEB,50,Tue,15,1,drink,sports,Male,11.25,15
3445,241,MOBILE WEB,60,Sun,11,1,electronics,information,Female,11.25,15
3446,66,MOBILE WEB,40,Wed,12,0,drink,sports,Male,0,3.75
3447,170,PC WEB,60,Sun,18,1,movie,music,Male,11.25,15
3448,627,MOBILE WEB,20,Sat,17,1,drink,sports,Male,11.25,15
3449,180,MOBILE WEB,30,Wed,13,0,health_food,entertainment,Female,3.75,7.5
3450,209,MOBILE WEB,40,Tue,0,0,food,drama,Female,3.75,7.5
3451,430,MOBILE WEB,30,Tue,13,0,drink,sports,Male,3.75,7.5
3452,67,MOBILE WEB,30,Sun,22,1,corporation,sports,Male,11.25,15
3453,194,MOBILE WEB,20,Fri,18,0,government,music,Female,0,3.75
3454,129,MOBILE WEB,30,Sat,9,0,drink,entertainment,Male,0,3.75
3455,201,MOBILE WEB,30,Sun,19,0,corporation,sports,Male,0,3.75
3456,180,MOBILE WEB,50,Sun,11,0,corporation,sports,Male,3.75,7.5
3457,157,MOBILE WEB,20,Fri,7,0,drink,drama,Female,3.75,7.5
3458,101,MOBILE WEB,40,Sat,14,0,health_food,sports,Male,3.75,7.5
3459,230,MOBILE WEB,30,Tue,12,0,drink,entertainment,Male,3.75,7.5
3460,131,MOBILE WEB,10,Thu,23,0,food,entertainment,Female,3.75,7.5
3461,72,MOBILE WEB,40,Sat,12,0,drink,sports,Male,0,3.75
3462,232,MOBILE APP,10,Wed,1,0,health_food,entertainment,Female,0,3.75
3463,97,MOBILE WEB,50,Wed,11,0,drink,sports,Male,7.5,11.25
3464,355,MOBILE WEB,30,Sun,16,0,health_food,entertainment,Female,7.5,11.25
3465,127,MOBILE WEB,30,Tue,22,1,drink,sports,Male,11.25,15
3466,177,MOBILE WEB,10,Thu,22,0,food,entertainment,Female,7.5,11.25
3467,144,MOBILE WEB,50,Wed,20,0,food,entertainment,Female,3.75,7.5
3468,217,MOBILE WEB,30,Thu,23,0,government,drama,Female,3.75,7.5
3469,97,MOBILE WEB,30,Tue,13,0,corporation,sports,Female,3.75,7.5
3470,285,MOBILE WEB,20,Fri,23,0,education,entertainment,Female,0,3.75
3471,74,MOBILE WEB,50,Tue,21,0,woman,entertainment,Male,0,3.75
3472,138,MOBILE WEB,30,Fri,9,0,drink,sports,Male,3.75,7.5
3473,237,MOBILE WEB,40,Sat,17,1,drink,sports,Male,11.25,15
3474,120,MOBILE WEB,30,Wed,15,1,drink,sports,Male,11.25,15
3475,200,MOBILE WEB,50,Thu,18,0,food,information,Female,3.75,7.5
3476,252,MOBILE APP,10,Fri,1,1,man,entertainment,Female,11.25,15
3477,81,PC WEB,20,Fri,13,0,education,entertainment,Female,7.5,11.25
3478,178,MOBILE WEB,10,Tue,8,0,medicine,drama,Female,3.75,7.5
3479,120,MOBILE APP,20,Sat,16,0,drink,music,Female,3.75,7.5
3480,76,MOBILE WEB,20,Mon,14,0,movie,entertainment,Male,0,3.75
3481,688,PC WEB,40,Mon,13,0,drink,sports,Female,0,3.75
3482,188,MOBILE WEB,30,Mon,5,0,medicine,drama,Male,3.75,7.5
3483,131,MOBILE WEB,20,Fri,12,0,drink,sports,Male,3.75,7.5
3484,90,MOBILE WEB,30,Wed,12,0,drink,sports,Male,3.75,7.5
3485,118,MOBILE WEB,40,Fri,20,0,corporation,sports,Male,3.75,7.5
3486,177,MOBILE WEB,30,Mon,21,1,food,drama,Male,11.25,15
3487,173,MOBILE WEB,50,Mon,11,0,movie,entertainment,Female,0,3.75
3488,72,PC WEB,30,Wed,11,1,drink,sports,Male,11.25,15
3489,313,MOBILE WEB,20,Fri,12,0,drink,sports,Female,3.75,7.5
3490,110,PC WEB,50,Wed,15,1,drink,sports,Male,11.25,15
3491,72,MOBILE WEB,60,Wed,15,0,corporation,sports,Male,7.5,11.25
3492,99,MOBILE WEB,30,Sun,17,1,drink,drama,Female,11.25,15
3493,67,MOBILE WEB,60,Sun,11,0,drink,sports,Male,3.75,7.5
3494,101,MOBILE WEB,40,Sat,12,0,food,sports,Male,3.75,7.5
3495,72,MOBILE WEB,10,Wed,12,0,corporation,sports,Male,7.5,11.25
3496,99,MOBILE WEB,20,Fri,9,0,medicine,drama,Female,0,3.75
3497,800,MOBILE WEB,50,Sun,10,1,drink,sports,Male,11.25,15
3498,331,MOBILE WEB,50,Wed,19,0,pet,information,Female,3.75,7.5
3499,162,MOBILE WEB,30,Mon,9,0,health_food,entertainment,Female,3.75,7.5
3500,214,MOBILE WEB,10,Fri,15,0,government,entertainment,Female,0,3.75
3501,260,MOBILE WEB,40,Sun,22,0,woman,entertainment,Male,7.5,11.25
3502,84,MOBILE WEB,30,Fri,6,0,drink,entertainment,Female,11.25,15
3503,235,MOBILE WEB,60,Sun,12,1,food,drama,Female,11.25,15
3504,121,MOBILE WEB,50,Sun,13,1,drink,sports,Male,11.25,15
3505,66,MOBILE WEB,40,Sat,14,1,drink,sports,Male,11.25,15
3506,125,MOBILE WEB,50,Thu,16,0,drink,sports,Male,3.75,7.5
3507,202,MOBILE WEB,10,Mon,12,0,movie,entertainment,Female,3.75,7.5
3508,627,MOBILE WEB,40,Sat,18,1,drink,sports,Male,11.25,15
3509,125,MOBILE WEB,40,Mon,18,0,drink,sports,Male,3.75,7.5
3510,102,MOBILE WEB,30,Sat,20,0,food,music,Male,3.75,7.5
3511,175,MOBILE WEB,20,Mon,8,1,food,drama,Female,11.25,15
3512,229,MOBILE WEB,30,Fri,18,0,movie,entertainment,Female,3.75,7.5
3513,532,MOBILE WEB,50,Fri,14,1,corporation,sports,Male,11.25,15
3514,102,MOBILE WEB,10,Fri,2,0,food,drama,Female,3.75,7.5
3515,61,MOBILE WEB,30,Sun,13,0,corporation,sports,Female,3.75,7.5
3516,86,MOBILE WEB,40,Tue,12,0,corporation,sports,Male,3.75,7.5
3517,64,MOBILE WEB,40,Tue,14,0,drink,sports,Male,3.75,7.5
3518,173,PC WEB,30,Wed,0,0,drink,drama,Female,3.75,7.5
3519,264,MOBILE WEB,30,Thu,23,0,drink,drama,Female,7.5,11.25
3520,280,MOBILE WEB,40,Mon,20,0,medicine,drama,Female,3.75,7.5
3521,141,MOBILE WEB,30,Sun,11,0,electronics,current_affairs,Female,3.75,7.5
3522,79,MOBILE WEB,40,Sun,12,0,drink,sports,Male,3.75,7.5
3523,131,MOBILE WEB,40,Sat,0,1,food,drama,Female,11.25,15
3524,65,PC WEB,40,Fri,12,0,corporation,sports,Male,7.5,11.25
3525,195,MOBILE WEB,30,Fri,23,1,health_food,music,Female,11.25,15
3526,245,MOBILE WEB,10,Thu,22,0,drink,entertainment,Male,3.75,7.5
3527,128,MOBILE WEB,30,Wed,11,1,food,information,Female,11.25,15
3528,95,MOBILE WEB,40,Sat,16,0,food,entertainment,Male,3.75,7.5
3529,123,MOBILE WEB,20,Fri,11,0,food,drama,Female,3.75,7.5
3530,128,MOBILE WEB,10,Thu,23,0,health_food,entertainment,Female,3.75,7.5
3531,277,MOBILE WEB,40,Thu,11,0,drink,entertainment,Female,3.75,7.5
3532,116,MOBILE WEB,50,Sat,17,1,drink,sports,Male,11.25,15
3533,66,MOBILE WEB,40,Thu,12,0,corporation,sports,Male,3.75,7.5
3534,160,MOBILE WEB,60,Fri,12,0,food,information,Male,3.75,7.5
3535,68,PC WEB,40,Tue,10,0,drink,sports,Male,3.75,7.5
3536,186,MOBILE WEB,40,Mon,23,1,health_food,drama,Female,11.25,15
3537,190,PC WEB,40,Mon,9,0,drink,drama,Female,3.75,7.5
3538,177,MOBILE APP,10,Thu,12,0,food,entertainment,Female,3.75,7.5
3539,100,MOBILE WEB,20,Fri,11,1,food,entertainment,Female,11.25,15
3540,597,MOBILE WEB,50,Sat,13,1,corporation,sports,Male,11.25,15
3541,532,PC WEB,30,Fri,14,0,pet,sports,Male,3.75,7.5
3542,142,MOBILE WEB,30,Wed,17,0,drink,entertainment,Male,0,3.75
3543,158,MOBILE WEB,40,Tue,16,0,drink,entertainment,Female,3.75,7.5
3544,181,MOBILE WEB,20,Sun,7,0,education,entertainment,Female,3.75,7.5
3545,128,MOBILE WEB,30,Tue,21,0,education,entertainment,Female,3.75,7.5
3546,116,MOBILE WEB,10,Fri,9,0,food,sports,Male,0,3.75
3547,116,MOBILE WEB,40,Sat,14,1,finance,sports,Male,11.25,15
3548,260,MOBILE WEB,50,Thu,17,1,food,drama,Female,11.25,15
3549,180,MOBILE WEB,40,Wed,15,0,health_food,entertainment,Female,3.75,7.5
3550,101,MOBILE WEB,30,Thu,22,0,medicine,drama,Female,0,3.75
3551,61,PC WEB,60,Fri,12,0,drink,sports,Male,3.75,7.5
3552,200,MOBILE WEB,30,Tue,12,0,pet,entertainment,Female,3.75,7.5
3553,73,MOBILE WEB,40,Thu,23,1,drink,drama,Female,11.25,15
3554,787,MOBILE WEB,50,Mon,19,0,drink,sports,Male,3.75,7.5
3555,87,MOBILE APP,20,Wed,7,0,movie,drama,Female,11.25,15
3556,88,MOBILE WEB,30,Sat,13,0,drink,sports,Female,0,3.75
3557,101,MOBILE WEB,30,Sat,22,0,corporation,sports,Male,7.5,11.25
3558,165,MOBILE WEB,40,Fri,9,1,drink,entertainment,Female,11.25,15
3559,153,MOBILE WEB,30,Sat,21,0,health_food,entertainment,Female,3.75,7.5
3560,166,MOBILE WEB,20,Sun,23,0,electronics,entertainment,Female,7.5,11.25
3561,340,MOBILE WEB,20,Mon,22,0,drink,drama,Female,3.75,7.5
3562,118,MOBILE WEB,30,Fri,19,0,drink,sports,Male,0,3.75
3563,124,MOBILE WEB,40,Sat,10,0,drink,sports,Male,3.75,7.5
3564,627,MOBILE WEB,40,Sat,17,0,corporation,sports,Male,7.5,11.25
3565,142,MOBILE WEB,30,Sun,20,0,drink,entertainment,Female,3.75,7.5
3566,237,MOBILE WEB,10,Sat,16,1,drink,sports,Male,11.25,15
3567,112,MOBILE WEB,50,Sat,14,1,drink,sports,Male,11.25,15
3568,65,MOBILE WEB,30,Tue,16,0,drink,sports,Male,3.75,7.5
3569,151,MOBILE WEB,20,Wed,8,1,corporation,entertainment,Male,11.25,15
3570,159,MOBILE WEB,30,Thu,11,0,woman,entertainment,Female,7.5,11.25
3571,402,MOBILE WEB,40,Sat,22,0,health_food,music,Female,3.75,7.5
3572,206,MOBILE WEB,10,Tue,21,0,pet,entertainment,Male,3.75,7.5
3573,195,MOBILE WEB,30,Sun,22,0,drink,entertainment,Female,3.75,7.5
3574,195,MOBILE WEB,50,Mon,22,0,food,music,Female,7.5,11.25
3575,80,PC WEB,20,Thu,1,0,drink,drama,Male,3.75,7.5
3576,98,MOBILE WEB,40,Sat,9,0,education,entertainment,Female,11.25,15
3577,143,MOBILE WEB,30,Fri,12,0,food,sports,Male,7.5,11.25
3578,121,MOBILE WEB,20,Fri,18,0,food,entertainment,Female,3.75,7.5
3579,197,MOBILE WEB,30,Tue,7,0,food,entertainment,Male,3.75,7.5
3580,196,MOBILE WEB,50,Tue,10,0,government,entertainment,Female,7.5,11.25
3581,420,MOBILE APP,20,Sat,0,0,government,entertainment,Male,3.75,7.5
3582,109,MOBILE WEB,50,Fri,13,0,drink,sports,Male,3.75,7.5
3583,83,MOBILE WEB,30,Thu,16,0,drink,sports,Male,3.75,7.5
3584,98,MOBILE WEB,40,Fri,0,0,food,drama,Female,3.75,7.5
3585,149,MOBILE WEB,30,Thu,19,0,government,entertainment,Female,3.75,7.5
3586,120,MOBILE WEB,40,Tue,18,1,drink,sports,Male,11.25,15
3587,132,MOBILE WEB,20,Fri,18,0,drink,sports,Male,0,3.75
3588,172,MOBILE WEB,30,Thu,22,1,food,drama,Female,11.25,15
3589,151,MOBILE WEB,30,Thu,21,0,electronics,entertainment,Female,3.75,7.5
3590,125,MOBILE WEB,50,Mon,11,0,corporation,sports,Male,11.25,15
3591,180,MOBILE APP,20,Wed,22,0,movie,entertainment,Female,3.75,7.5
3592,190,MOBILE WEB,30,Mon,19,0,drink,drama,Female,3.75,7.5
3593,163,MOBILE WEB,20,Mon,2,0,health_food,entertainment,Female,3.75,7.5
3594,101,MOBILE WEB,30,Sat,13,0,drink,sports,Male,3.75,7.5
3595,137,MOBILE WEB,30,Mon,5,0,education,entertainment,Female,3.75,7.5
3596,112,MOBILE WEB,60,Fri,23,0,electronics,drama,Male,3.75,7.5
3597,99,MOBILE WEB,40,Fri,13,0,movie,entertainment,Female,3.75,7.5
3598,121,MOBILE APP,20,Sun,2,0,health_food,entertainment,Male,3.75,7.5
3599,114,PC WEB,20,Mon,12,1,health_food,entertainment,Female,11.25,15
3600,83,MOBILE WEB,30,Thu,19,0,drink,sports,Male,7.5,11.25
3601,219,MOBILE WEB,30,Sat,7,0,health_food,drama,Female,3.75,7.5
3602,121,MOBILE WEB,10,Sat,21,0,medicine,drama,Female,3.75,7.5
3603,102,MOBILE WEB,20,Tue,9,0,food,entertainment,Female,3.75,7.5
3604,94,MOBILE WEB,30,Tue,12,0,corporation,sports,Male,0,3.75
3605,102,MOBILE WEB,20,Sun,0,0,drink,music,Female,3.75,7.5
3606,92,MOBILE WEB,30,Fri,12,1,food,sports,Male,11.25,15
3607,138,MOBILE WEB,30,Wed,14,0,drink,sports,Male,3.75,7.5
3608,129,MOBILE WEB,40,Sat,5,0,drink,drama,Male,7.5,11.25
3609,153,MOBILE WEB,20,Mon,18,1,movie,entertainment,Female,11.25,15
3610,182,PC WEB,50,Tue,10,1,health_food,drama,Male,11.25,15
3611,67,PC WEB,50,Tue,17,1,drink,sports,Male,11.25,15
3612,109,MOBILE WEB,50,Sun,14,0,corporation,sports,Male,7.5,11.25
3613,229,MOBILE WEB,30,Sat,15,0,government,entertainment,Female,3.75,7.5
3614,68,MOBILE WEB,30,Wed,9,0,drink,sports,Male,3.75,7.5
3615,67,MOBILE WEB,40,Tue,19,1,drink,sports,Female,11.25,15
3616,73,MOBILE WEB,20,Fri,8,0,corporation,sports,Male,3.75,7.5
3617,206,MOBILE WEB,40,Mon,21,0,drink,sports,Male,3.75,7.5
3618,180,MOBILE WEB,20,Sun,16,0,education,drama,Female,3.75,7.5
3619,170,MOBILE WEB,30,Mon,17,0,food,drama,Male,3.75,7.5
3620,84,MOBILE WEB,40,Sun,7,0,drink,sports,Male,3.75,7.5
3621,126,MOBILE WEB,50,Sat,8,0,food,entertainment,Female,3.75,7.5
3622,136,MOBILE WEB,40,Sun,17,0,health_food,entertainment,Male,11.25,15
3623,177,MOBILE WEB,10,Mon,12,0,health_food,drama,Female,3.75,7.5
3624,84,MOBILE WEB,20,Thu,14,0,corporation,sports,Male,3.75,7.5
3625,124,MOBILE WEB,60,Sat,12,1,drink,information,Female,11.25,15
3626,74,MOBILE WEB,30,Fri,20,0,corporation,sports,Male,3.75,7.5
3627,148,MOBILE WEB,30,Fri,7,0,medicine,drama,Female,3.75,7.5
3628,231,MOBILE WEB,30,Thu,18,0,government,drama,Female,3.75,7.5
3629,93,MOBILE WEB,30,Thu,12,0,drink,sports,Male,3.75,7.5
3630,185,MOBILE WEB,20,Mon,2,1,movie,entertainment,Male,11.25,15
3631,131,MOBILE WEB,60,Wed,18,1,drink,sports,Male,11.25,15
3632,101,MOBILE WEB,30,Sat,0,0,woman,drama,Female,3.75,7.5
3633,65,MOBILE WEB,40,Sun,10,0,corporation,sports,Male,3.75,7.5
3634,67,MOBILE WEB,40,Tue,19,1,drink,sports,Female,11.25,15
3635,118,MOBILE WEB,30,Wed,23,1,drink,entertainment,Female,11.25,15
3636,147,MOBILE WEB,40,Mon,23,0,government,entertainment,Male,3.75,7.5
3637,108,MOBILE WEB,60,Mon,1,0,electronics,entertainment,Male,3.75,7.5
3638,127,MOBILE WEB,50,Tue,14,1,drink,sports,Male,11.25,15
3639,345,MOBILE APP,20,Sat,19,0,food,entertainment,Female,7.5,11.25
3640,153,MOBILE WEB,30,Mon,12,0,health_food,entertainment,Male,3.75,7.5
3641,220,MOBILE WEB,40,Thu,19,0,food,sports,Male,3.75,7.5
3642,67,MOBILE WEB,30,Mon,0,0,corporation,sports,Male,3.75,7.5
3643,430,MOBILE WEB,30,Tue,13,0,drink,sports,Male,3.75,7.5
3644,105,MOBILE APP,10,Sun,17,0,health_food,entertainment,Female,3.75,7.5
3645,61,MOBILE WEB,50,Sun,12,1,finance,sports,Male,11.25,15
3646,147,MOBILE WEB,40,Mon,19,0,health_food,entertainment,Female,3.75,7.5
3647,126,MOBILE WEB,30,Sat,15,0,drink,sports,Male,3.75,7.5
3648,135,MOBILE WEB,20,Thu,22,0,health_food,entertainment,Female,3.75,7.5
3649,61,MOBILE WEB,40,Thu,6,0,corporation,sports,Male,0,3.75
3650,152,MOBILE WEB,10,Sun,23,0,food,drama,Male,3.75,7.5
3651,91,PC WEB,60,Fri,12,0,drink,sports,Male,7.5,11.25
3652,640,MOBILE WEB,30,Sun,9,1,drink,sports,Female,11.25,15
3653,190,PC WEB,20,Tue,2,1,movie,drama,Female,11.25,15
3654,126,MOBILE WEB,30,Wed,17,0,corporation,entertainment,Female,3.75,7.5
3655,138,MOBILE WEB,20,Tue,14,0,medicine,entertainment,Female,3.75,7.5
3656,202,MOBILE WEB,30,Tue,6,1,health_food,information,Female,11.25,15
3657,211,MOBILE WEB,40,Mon,23,0,government,drama,Female,3.75,7.5
3658,206,MOBILE WEB,30,Thu,17,0,government,sports,Male,11.25,15
3659,193,MOBILE APP,20,Mon,14,0,pet,entertainment,Female,3.75,7.5
3660,68,MOBILE WEB,30,Fri,12,0,drink,sports,Male,3.75,7.5
3661,786,MOBILE WEB,40,Tue,23,1,drink,sports,Male,11.25,15
3662,126,MOBILE WEB,40,Wed,8,0,corporation,entertainment,Male,3.75,7.5
3663,272,MOBILE WEB,50,Sat,18,0,woman,entertainment,Female,3.75,7.5
3664,212,MOBILE WEB,40,Fri,0,1,health_food,drama,Female,11.25,15
3665,110,MOBILE WEB,20,Wed,13,0,drink,sports,Male,3.75,7.5
3666,173,PC WEB,30,Sun,14,0,health_food,entertainment,Female,7.5,11.25
3667,151,PC WEB,30,Tue,9,0,government,drama,Male,3.75,7.5
3668,150,MOBILE WEB,20,Sun,18,0,food,entertainment,Female,3.75,7.5
3669,101,MOBILE WEB,30,Mon,9,0,corporation,sports,Male,3.75,7.5
3670,168,MOBILE WEB,50,Mon,23,0,drink,entertainment,Female,3.75,7.5
3671,181,PC WEB,30,Sun,18,0,woman,entertainment,Female,0,3.75
3672,145,MOBILE WEB,40,Sat,6,1,government,drama,Female,11.25,15
3673,203,PC WEB,20,Mon,13,0,education,entertainment,Female,0,3.75
3674,242,PC WEB,30,Sun,20,1,drink,entertainment,Female,11.25,15
3675,179,MOBILE WEB,20,Mon,22,0,health_food,drama,Female,3.75,7.5
3676,240,MOBILE WEB,40,Mon,1,0,food,entertainment,Female,3.75,7.5
3677,88,MOBILE WEB,20,Sat,12,1,drink,sports,Male,11.25,15
3678,114,PC WEB,20,Thu,10,0,drink,drama,Female,11.25,15
3679,158,MOBILE WEB,30,Wed,8,0,corporation,entertainment,Male,3.75,7.5
3680,89,MOBILE WEB,30,Fri,10,1,drink,sports,Male,11.25,15
3681,101,MOBILE WEB,30,Fri,7,0,health_food,drama,Male,0,3.75
3682,130,MOBILE WEB,40,Mon,23,0,pet,drama,Female,7.5,11.25
3683,653,MOBILE WEB,40,Mon,15,0,food,entertainment,Female,3.75,7.5
3684,271,MOBILE WEB,20,Fri,8,0,health_food,drama,Male,7.5,11.25
3685,122,MOBILE WEB,30,Mon,8,0,electronics,entertainment,Female,11.25,15
3686,226,MOBILE WEB,30,Mon,0,0,food,entertainment,Female,7.5,11.25
3687,188,MOBILE WEB,20,Sun,22,0,electronics,drama,Female,3.75,7.5
3688,79,MOBILE WEB,30,Mon,6,0,corporation,sports,Male,3.75,7.5
3689,113,PC WEB,30,Wed,17,0,movie,entertainment,Female,3.75,7.5
3690,116,PC WEB,40,Sat,17,1,drink,sports,Male,11.25,15
3691,211,MOBILE APP,10,Fri,0,0,health_food,entertainment,Female,3.75,7.5
3692,65,MOBILE WEB,50,Tue,13,0,corporation,sports,Male,3.75,7.5
3693,61,MOBILE WEB,30,Fri,10,0,corporation,sports,Male,3.75,7.5
3694,627,PC WEB,30,Sat,17,1,drink,sports,Male,11.25,15
3695,105,MOBILE WEB,30,Sun,13,0,health_food,drama,Female,3.75,7.5
3696,627,MOBILE WEB,30,Sat,22,0,corporation,sports,Male,3.75,7.5
3697,162,MOBILE WEB,30,Wed,23,0,drink,drama,Female,7.5,11.25
3698,786,MOBILE WEB,40,Sat,20,1,drink,sports,Male,11.25,15
3699,201,MOBILE WEB,30,Sat,15,0,movie,drama,Male,3.75,7.5
3700,627,MOBILE WEB,10,Sat,15,0,corporation,sports,Male,3.75,7.5
3701,64,MOBILE WEB,30,Fri,19,0,drink,sports,Male,7.5,11.25
3702,153,MOBILE WEB,50,Tue,8,0,movie,drama,Female,7.5,11.25
3703,222,MOBILE WEB,20,Mon,12,0,health_food,entertainment,Female,0,3.75
3704,83,MOBILE WEB,60,Mon,23,1,medicine,drama,Female,11.25,15
3705,73,MOBILE WEB,30,Thu,23,0,drink,drama,Female,3.75,7.5
3706,177,MOBILE WEB,30,Sat,7,0,health_food,entertainment,Female,3.75,7.5
3707,127,MOBILE WEB,30,Tue,23,1,drink,sports,Male,11.25,15
3708,187,MOBILE WEB,20,Sat,8,0,health_food,entertainment,Female,3.75,7.5
3709,81,MOBILE APP,20,Thu,16,0,drink,drama,Male,7.5,11.25
3710,83,PC WEB,60,Fri,14,1,drink,sports,Male,11.25,15
3711,230,MOBILE WEB,10,Sun,12,0,food,entertainment,Female,3.75,7.5
3712,205,MOBILE WEB,60,Sat,14,0,finance,sports,Male,3.75,7.5
3713,217,MOBILE WEB,40,Thu,22,0,health_food,music,Female,3.75,7.5
3714,185,MOBILE WEB,30,Wed,22,1,movie,drama,Female,11.25,15
3715,67,MOBILE WEB,50,Thu,12,0,food,sports,Male,7.5,11.25
3716,201,MOBILE WEB,20,Sun,13,0,education,entertainment,Female,0,3.75
3717,191,MOBILE APP,30,Wed,23,0,drink,entertainment,Female,3.75,7.5
3718,125,MOBILE WEB,30,Tue,13,1,drink,sports,Male,11.25,15
3719,196,MOBILE WEB,50,Tue,13,0,health_food,entertainment,Female,3.75,7.5
3720,81,MOBILE WEB,20,Tue,11,0,education,entertainment,Female,3.75,7.5
3721,245,MOBILE WEB,20,Sun,8,0,food,music,Male,3.75,7.5
3722,140,MOBILE APP,20,Wed,7,0,pet,entertainment,Male,7.5,11.25
3723,193,MOBILE WEB,30,Tue,20,0,food,drama,Female,11.25,15
3724,225,MOBILE WEB,50,Fri,15,1,drink,sports,Male,11.25,15
3725,164,MOBILE WEB,10,Sun,21,0,drink,entertainment,Male,3.75,7.5
3726,350,MOBILE WEB,40,Sat,19,0,food,music,Male,3.75,7.5
3727,64,MOBILE WEB,30,Tue,13,0,corporation,sports,Male,3.75,7.5
3728,694,MOBILE WEB,30,Tue,12,0,drink,sports,Male,3.75,7.5
3729,430,MOBILE WEB,50,Tue,16,1,corporation,sports,Male,11.25,15
3730,104,MOBILE WEB,30,Sun,20,0,drink,drama,Female,3.75,7.5
3731,178,MOBILE WEB,50,Mon,22,0,food,drama,Female,3.75,7.5
3732,268,PC WEB,20,Mon,16,0,food,entertainment,Male,3.75,7.5
3733,158,MOBILE WEB,30,Sun,9,1,drink,drama,Female,11.25,15
3734,104,MOBILE WEB,20,Wed,13,0,corporation,entertainment,Female,7.5,11.25
3735,73,MOBILE WEB,30,Sat,8,0,corporation,sports,Male,0,3.75
3736,101,MOBILE WEB,20,Sat,13,0,corporation,sports,Male,0,3.75
3737,67,MOBILE WEB,30,Sun,17,0,drink,sports,Male,7.5,11.25
3738,96,MOBILE WEB,30,Wed,20,0,corporation,sports,Male,3.75,7.5
3739,272,MOBILE WEB,40,Sun,13,0,electronics,entertainment,Female,0,3.75
3740,67,MOBILE WEB,50,Mon,18,0,drink,sports,Male,3.75,7.5
3741,62,PC WEB,50,Tue,16,1,drink,sports,Male,11.25,15
3742,136,MOBILE WEB,30,Thu,12,0,food,entertainment,Female,3.75,7.5
3743,205,MOBILE WEB,30,Sat,16,0,drink,sports,Male,3.75,7.5
3744,93,MOBILE WEB,10,Thu,19,0,health_food,kids,Female,3.75,7.5
3745,101,MOBILE WEB,20,Sat,16,0,corporation,sports,Male,3.75,7.5
3746,233,PC WEB,30,Mon,10,0,education,entertainment,Male,3.75,7.5
3747,132,MOBILE WEB,50,Sat,23,1,food,drama,Male,11.25,15
3748,197,MOBILE WEB,40,Mon,12,0,government,entertainment,Male,11.25,15
3749,81,MOBILE WEB,40,Wed,9,0,drink,entertainment,Female,3.75,7.5
3750,74,MOBILE WEB,40,Fri,16,0,corporation,sports,Male,3.75,7.5
3751,786,MOBILE WEB,20,Sat,16,0,corporation,sports,Male,3.75,7.5
3752,398,MOBILE WEB,30,Tue,12,0,drink,sports,Male,0,3.75
3753,61,MOBILE WEB,50,Fri,12,0,drink,sports,Male,3.75,7.5
3754,124,MOBILE WEB,20,Sun,10,0,movie,drama,Female,3.75,7.5
3755,252,MOBILE APP,10,Thu,21,0,government,entertainment,Female,3.75,7.5
3756,77,MOBILE APP,20,Fri,11,1,medicine,entertainment,Female,11.25,15
3757,101,MOBILE WEB,40,Sat,12,0,drink,sports,Male,3.75,7.5
3758,67,MOBILE WEB,30,Sun,11,0,food,sports,Female,11.25,15
3759,129,MOBILE WEB,30,Mon,22,1,food,drama,Female,11.25,15
3760,106,MOBILE WEB,30,Sun,23,0,education,drama,Female,3.75,7.5
3761,71,MOBILE WEB,50,Tue,8,0,corporation,sports,Male,3.75,7.5
3762,236,MOBILE WEB,20,Sat,0,0,medicine,entertainment,Female,3.75,7.5
3763,61,MOBILE WEB,30,Sun,11,1,drink,sports,Male,11.25,15
3764,110,MOBILE WEB,30,Thu,22,0,education,drama,Female,7.5,11.25
3765,185,MOBILE APP,10,Sat,13,0,government,entertainment,Female,3.75,7.5
3766,178,MOBILE WEB,30,Mon,23,0,government,drama,Female,0,3.75
3767,275,MOBILE WEB,10,Thu,21,0,food,entertainment,Female,3.75,7.5
3768,265,MOBILE WEB,20,Sat,20,0,drink,entertainment,Female,11.25,15
3769,330,MOBILE WEB,40,Wed,14,0,drink,sports,Male,3.75,7.5
3770,188,MOBILE WEB,50,Mon,1,0,health_food,drama,Female,3.75,7.5
3771,205,MOBILE APP,10,Tue,22,0,pet,entertainment,Female,3.75,7.5
3772,259,MOBILE WEB,50,Sat,11,0,food,information,Male,7.5,11.25
3773,164,MOBILE WEB,20,Sat,5,0,drink,entertainment,Male,7.5,11.25
3774,104,MOBILE WEB,50,Sun,21,0,woman,drama,Female,3.75,7.5
3775,96,MOBILE WEB,40,Fri,9,0,medicine,drama,Female,3.75,7.5
3776,64,MOBILE WEB,30,Fri,8,0,drink,sports,Male,0,3.75
3777,80,PC WEB,40,Thu,13,0,woman,current_affairs,Female,3.75,7.5
3778,165,MOBILE WEB,30,Fri,22,0,drink,entertainment,Female,3.75,7.5
3779,70,MOBILE WEB,50,Fri,7,1,food,information,Female,11.25,15
3780,212,MOBILE WEB,10,Fri,0,0,drink,music,Female,3.75,7.5
3781,180,PC WEB,50,Wed,11,1,food,drama,Female,11.25,15
3782,252,MOBILE WEB,10,Thu,19,0,food,music,Female,3.75,7.5
3783,173,MOBILE WEB,20,Sun,15,1,electronics,entertainment,Female,11.25,15
3784,252,MOBILE WEB,20,Tue,11,0,government,entertainment,Female,0,3.75
3785,210,MOBILE WEB,30,Fri,9,0,food,drama,Female,3.75,7.5
3786,118,MOBILE WEB,40,Fri,19,1,drink,sports,Male,11.25,15
3787,67,PC WEB,50,Sun,13,0,corporation,sports,Male,3.75,7.5
3788,612,MOBILE WEB,20,Mon,20,0,medicine,entertainment,Male,7.5,11.25
3789,235,MOBILE WEB,40,Wed,17,0,drink,drama,Female,3.75,7.5
3790,181,MOBILE WEB,30,Tue,23,0,food,music,Female,3.75,7.5
3791,61,MOBILE WEB,30,Wed,21,1,drink,sports,Male,11.25,15
3792,197,MOBILE WEB,40,Tue,0,0,pet,entertainment,Female,3.75,7.5
3793,97,PC WEB,40,Tue,11,0,drink,sports,Male,3.75,7.5
3794,235,MOBILE WEB,30,Mon,21,0,drink,entertainment,Female,3.75,7.5
3795,164,MOBILE WEB,30,Fri,11,0,drink,sports,Male,3.75,7.5
3796,226,MOBILE WEB,40,Fri,22,0,health_food,entertainment,Male,3.75,7.5
3797,179,MOBILE WEB,20,Thu,18,0,drink,entertainment,Male,3.75,7.5
3798,73,MOBILE WEB,40,Mon,10,0,corporation,sports,Male,3.75,7.5
3799,73,MOBILE WEB,20,Sat,20,0,education,entertainment,Female,11.25,15
3800,61,MOBILE WEB,30,Wed,15,1,drink,sports,Male,11.25,15
3801,65,PC WEB,30,Tue,11,0,drink,sports,Male,3.75,7.5
3802,144,MOBILE WEB,30,Wed,18,0,movie,entertainment,Female,3.75,7.5
3803,151,MOBILE WEB,30,Sun,9,0,movie,entertainment,Female,3.75,7.5
3804,60,MOBILE WEB,30,Sat,13,1,drink,sports,Male,11.25,15
3805,244,MOBILE WEB,40,Fri,21,1,health_food,information,Female,11.25,15
3806,145,MOBILE WEB,30,Mon,21,0,drink,entertainment,Female,0,3.75
3807,216,PC WEB,30,Fri,13,1,drink,entertainment,Female,11.25,15
3808,78,MOBILE WEB,40,Sun,6,0,corporation,sports,Male,7.5,11.25
3809,187,MOBILE WEB,50,Tue,16,0,food,entertainment,Male,3.75,7.5
3810,156,MOBILE WEB,30,Fri,23,0,movie,entertainment,Male,7.5,11.25
3811,72,MOBILE WEB,50,Mon,9,0,corporation,sports,Male,3.75,7.5
3812,129,MOBILE WEB,30,Sat,12,0,education,entertainment,Male,3.75,7.5
3813,88,MOBILE WEB,20,Mon,13,0,food,drama,Male,3.75,7.5
3814,786,MOBILE WEB,30,Sun,1,0,corporation,sports,Male,3.75,7.5
3815,72,MOBILE WEB,20,Sun,1,0,pet,drama,Female,3.75,7.5
3816,161,MOBILE WEB,50,Wed,1,0,drink,entertainment,Male,0,3.75
3817,62,MOBILE WEB,30,Thu,23,0,drink,sports,Male,0,3.75
3818,73,MOBILE WEB,30,Sun,1,0,pet,entertainment,Female,7.5,11.25
3819,117,MOBILE WEB,50,Fri,21,0,drink,entertainment,Female,0,3.75
3820,398,MOBILE WEB,30,Tue,12,0,drink,sports,Male,3.75,7.5
3821,64,MOBILE WEB,20,Tue,15,0,corporation,sports,Male,3.75,7.5
3822,334,MOBILE APP,20,Fri,20,0,education,entertainment,Male,3.75,7.5
3823,709,MOBILE WEB,30,Sat,19,0,drink,sports,Male,3.75,7.5
3824,150,PC WEB,30,Mon,23,0,electronics,entertainment,Female,3.75,7.5
3825,121,MOBILE WEB,30,Sat,11,0,movie,entertainment,Female,7.5,11.25
3826,230,MOBILE APP,10,Thu,20,0,drink,entertainment,Female,3.75,7.5
3827,208,MOBILE WEB,30,Tue,0,0,medicine,drama,Female,0,3.75
3828,74,MOBILE WEB,20,Fri,16,0,corporation,sports,Male,7.5,11.25
3829,129,MOBILE WEB,30,Sat,2,0,drink,drama,Female,7.5,11.25
3830,61,MOBILE WEB,20,Wed,20,1,drink,sports,Male,11.25,15
3831,220,MOBILE WEB,40,Fri,9,1,drink,drama,Female,11.25,15
3832,105,MOBILE WEB,40,Wed,9,0,drink,entertainment,Female,3.75,7.5
3833,212,MOBILE WEB,30,Sat,21,0,drink,sports,Female,11.25,15
3834,118,MOBILE WEB,20,Fri,19,0,drink,sports,Male,0,3.75
3835,182,MOBILE WEB,20,Sun,20,0,drink,entertainment,Female,11.25,15
3836,237,MOBILE WEB,50,Sat,17,1,drink,sports,Male,11.25,15
3837,246,MOBILE WEB,30,Sun,18,0,government,entertainment,Female,3.75,7.5
3838,177,MOBILE WEB,30,Thu,17,1,food,entertainment,Male,11.25,15
3839,179,MOBILE WEB,40,Thu,17,0,food,entertainment,Female,3.75,7.5
3840,685,MOBILE WEB,60,Sun,18,1,drink,sports,Male,11.25,15
3841,101,MOBILE WEB,40,Mon,12,0,food,sports,Male,3.75,7.5
3842,131,MOBILE WEB,40,Thu,11,1,woman,entertainment,Female,11.25,15
3843,231,MOBILE WEB,10,Fri,21,0,government,drama,Female,7.5,11.25
3844,127,MOBILE WEB,40,Tue,23,1,drink,sports,Male,11.25,15
3845,110,MOBILE WEB,50,Sat,20,0,movie,entertainment,Female,3.75,7.5
3846,92,MOBILE WEB,40,Tue,20,0,electronics,current_affairs,Female,3.75,7.5
3847,627,MOBILE WEB,20,Sat,17,1,drink,sports,Male,11.25,15
3848,127,MOBILE WEB,20,Tue,16,1,drink,sports,Female,11.25,15
3849,175,MOBILE WEB,20,Sat,13,0,electronics,entertainment,Male,3.75,7.5
3850,597,MOBILE WEB,30,Sat,14,0,corporation,sports,Male,3.75,7.5
3851,74,MOBILE WEB,40,Fri,15,0,corporation,sports,Male,3.75,7.5
3852,84,MOBILE WEB,30,Thu,11,0,drink,sports,Male,7.5,11.25
3853,141,MOBILE WEB,40,Tue,16,0,corporation,sports,Female,3.75,7.5
3854,152,MOBILE WEB,30,Sat,12,0,drink,sports,Male,3.75,7.5
3855,228,MOBILE WEB,40,Wed,0,0,government,information,Female,7.5,11.25
3856,163,MOBILE WEB,10,Fri,21,0,food,sports,Male,3.75,7.5
3857,145,MOBILE WEB,30,Thu,0,1,government,entertainment,Male,11.25,15
3858,291,PC WEB,10,Sat,23,0,drink,entertainment,Female,3.75,7.5
3859,216,PC WEB,30,Tue,14,0,drink,sports,Male,11.25,15
3860,101,MOBILE WEB,20,Sat,13,0,corporation,sports,Male,3.75,7.5
3861,107,PC WEB,30,Wed,10,1,finance,sports,Male,11.25,15
3862,142,PC WEB,20,Wed,17,1,drink,entertainment,Female,11.25,15
3863,236,PC WEB,40,Sun,1,0,woman,entertainment,Female,7.5,11.25
3864,72,MOBILE WEB,40,Thu,23,0,corporation,sports,Male,0,3.75
3865,119,MOBILE APP,10,Thu,15,0,food,entertainment,Female,3.75,7.5
3866,97,PC WEB,40,Sat,1,1,drink,drama,Female,11.25,15
3867,83,MOBILE WEB,10,Thu,22,0,food,entertainment,Male,3.75,7.5
3868,123,MOBILE WEB,40,Fri,20,0,government,entertainment,Male,7.5,11.25
3869,112,MOBILE WEB,40,Sat,18,1,drink,sports,Male,11.25,15
3870,500,PC WEB,50,Fri,14,1,drink,sports,Male,11.25,15
3871,125,MOBILE WEB,40,Mon,19,0,drink,sports,Male,3.75,7.5
3872,213,MOBILE WEB,20,Fri,9,1,drink,entertainment,Female,11.25,15
3873,170,PC WEB,50,Fri,13,0,corporation,sports,Male,7.5,11.25
3874,134,MOBILE WEB,40,Thu,23,1,health_food,drama,Female,11.25,15
3875,116,MOBILE WEB,20,Sat,14,1,finance,sports,Male,11.25,15
3876,79,PC WEB,50,Tue,12,1,drink,sports,Male,11.25,15
3877,195,PC WEB,40,Wed,11,1,corporation,entertainment,Male,11.25,15
3878,165,MOBILE WEB,40,Thu,21,0,health_food,entertainment,Female,7.5,11.25
3879,188,MOBILE WEB,50,Thu,7,0,drink,entertainment,Male,7.5,11.25
3880,199,MOBILE WEB,50,Fri,8,0,food,entertainment,Female,7.5,11.25
3881,224,MOBILE WEB,50,Sat,12,0,health_food,entertainment,Male,3.75,7.5
3882,97,MOBILE WEB,40,Tue,11,0,corporation,sports,Male,3.75,7.5
3883,101,MOBILE WEB,40,Sat,12,0,corporation,sports,Male,0,3.75
3884,142,MOBILE WEB,20,Fri,0,1,electronics,drama,Male,11.25,15
3885,177,MOBILE WEB,40,Wed,15,0,corporation,sports,Male,3.75,7.5
3886,85,MOBILE WEB,20,Fri,0,0,movie,entertainment,Female,7.5,11.25
3887,94,PC WEB,30,Sun,20,0,corporation,sports,Male,3.75,7.5
3888,97,PC WEB,40,Tue,11,0,drink,sports,Male,11.25,15
3889,255,MOBILE WEB,30,Sun,18,0,food,entertainment,Male,3.75,7.5
3890,159,MOBILE WEB,40,Wed,22,1,drink,sports,Male,11.25,15
3891,254,MOBILE WEB,40,Mon,0,0,movie,drama,Female,3.75,7.5
3892,156,MOBILE APP,40,Wed,9,1,movie,entertainment,Female,11.25,15
3893,149,MOBILE WEB,40,Tue,11,0,food,entertainment,Female,3.75,7.5
3894,627,MOBILE WEB,40,Sat,17,1,drink,sports,Male,11.25,15
3895,72,MOBILE WEB,30,Wed,12,1,drink,sports,Male,11.25,15
3896,134,MOBILE WEB,50,Tue,12,0,drink,entertainment,Male,3.75,7.5
3897,89,MOBILE WEB,40,Tue,14,1,drink,drama,Male,11.25,15
3898,84,MOBILE WEB,50,Fri,19,1,movie,entertainment,Female,11.25,15
3899,126,MOBILE WEB,40,Wed,0,0,corporation,entertainment,Male,3.75,7.5
3900,126,MOBILE WEB,30,Mon,11,0,drink,sports,Male,3.75,7.5
3901,216,MOBILE WEB,30,Mon,22,0,drink,entertainment,Female,3.75,7.5
3902,185,MOBILE WEB,10,Sat,23,0,education,entertainment,Male,3.75,7.5
3903,168,MOBILE WEB,20,Sat,10,0,food,entertainment,Male,3.75,7.5
3904,62,MOBILE WEB,30,Fri,18,1,corporation,sports,Male,11.25,15
3905,265,MOBILE WEB,30,Fri,22,0,drink,drama,Female,3.75,7.5
3906,213,MOBILE WEB,40,Wed,13,0,drink,sports,Male,3.75,7.5
3907,176,MOBILE WEB,40,Fri,14,0,drink,sports,Male,3.75,7.5
3908,747,PC WEB,10,Thu,15,0,drink,sports,Male,3.75,7.5
3909,148,MOBILE WEB,40,Sun,3,1,electronics,drama,Female,11.25,15
3910,102,MOBILE WEB,20,Sat,0,0,medicine,drama,Female,7.5,11.25
3911,216,MOBILE WEB,20,Fri,19,0,education,entertainment,Female,7.5,11.25
3912,164,MOBILE WEB,20,Mon,23,0,government,drama,Female,7.5,11.25
3913,88,MOBILE WEB,30,Sat,11,0,health_food,sports,Male,3.75,7.5
3914,84,MOBILE WEB,30,Thu,12,0,drink,sports,Male,3.75,7.5
3915,180,MOBILE WEB,30,Sun,11,0,drink,sports,Male,3.75,7.5
3916,66,MOBILE WEB,50,Sat,13,1,drink,sports,Male,11.25,15
3917,83,PC WEB,40,Thu,16,0,corporation,sports,Male,7.5,11.25
3918,74,MOBILE WEB,10,Fri,16,1,drink,sports,Male,11.25,15
3919,66,MOBILE WEB,40,Sun,22,0,corporation,sports,Male,3.75,7.5
3920,163,MOBILE WEB,50,Fri,11,0,movie,sports,Male,0,3.75
3921,75,MOBILE WEB,40,Fri,22,0,woman,sports,Male,0,3.75
3922,277,MOBILE WEB,20,Sun,18,0,electronics,entertainment,Female,7.5,11.25
3923,160,MOBILE WEB,40,Mon,0,0,health_food,entertainment,Female,3.75,7.5
3924,205,MOBILE WEB,40,Sat,20,1,drink,sports,Male,11.25,15
3925,63,PC WEB,30,Tue,12,0,drink,sports,Male,3.75,7.5
3926,86,MOBILE APP,10,Sat,14,0,health_food,entertainment,Female,0,3.75
3927,216,MOBILE WEB,30,Mon,22,0,corporation,sports,Male,3.75,7.5
3928,441,MOBILE WEB,30,Wed,12,0,food,drama,Female,3.75,7.5
3929,137,MOBILE WEB,20,Wed,7,0,food,drama,Female,3.75,7.5
3930,121,MOBILE WEB,10,Mon,0,0,medicine,drama,Male,7.5,11.25
3931,100,MOBILE WEB,20,Sat,15,0,corporation,sports,Male,7.5,11.25
3932,145,MOBILE WEB,40,Mon,21,0,education,entertainment,Female,3.75,7.5
3933,157,MOBILE WEB,30,Sat,14,0,drink,drama,Male,0,3.75
3934,99,MOBILE WEB,50,Sat,19,1,food,music,Female,11.25,15
3935,199,MOBILE APP,10,Sat,21,0,food,music,Female,3.75,7.5
3936,182,MOBILE WEB,40,Fri,1,0,drink,entertainment,Female,3.75,7.5
3937,238,MOBILE WEB,30,Fri,8,0,woman,drama,Male,3.75,7.5
3938,688,MOBILE WEB,10,Mon,13,0,finance,sports,Male,0,3.75
3939,239,MOBILE WEB,30,Sat,10,0,drink,drama,Female,3.75,7.5
3940,99,MOBILE WEB,20,Thu,13,0,food,drama,Female,3.75,7.5
3941,201,MOBILE WEB,50,Sun,18,1,corporation,sports,Male,11.25,15
3942,200,MOBILE WEB,20,Mon,18,1,drink,entertainment,Female,11.25,15
3943,101,MOBILE WEB,30,Fri,9,0,corporation,entertainment,Female,3.75,7.5
3944,73,MOBILE WEB,40,Fri,0,0,electronics,entertainment,Female,3.75,7.5
3945,143,MOBILE WEB,20,Mon,4,0,movie,entertainment,Female,3.75,7.5
3946,139,MOBILE WEB,40,Thu,23,0,food,drama,Female,7.5,11.25
3947,685,MOBILE WEB,30,Sun,17,1,drink,sports,Male,11.25,15
3948,83,MOBILE WEB,30,Wed,11,0,food,entertainment,Female,3.75,7.5
3949,213,MOBILE WEB,40,Wed,11,0,corporation,sports,Male,3.75,7.5
3950,108,MOBILE WEB,20,Mon,15,0,food,entertainment,Male,3.75,7.5
3951,112,MOBILE WEB,30,Sat,20,1,drink,sports,Male,11.25,15
3952,188,PC WEB,30,Mon,11,0,health_food,entertainment,Female,7.5,11.25
3953,101,MOBILE WEB,40,Sun,22,0,pet,entertainment,Female,3.75,7.5
3954,64,PC WEB,40,Fri,9,0,drink,sports,Male,7.5,11.25
3955,209,PC WEB,10,Tue,12,0,medicine,entertainment,Female,7.5,11.25
3956,182,MOBILE WEB,20,Tue,22,0,movie,entertainment,Male,3.75,7.5
3957,112,MOBILE WEB,40,Sat,22,0,corporation,sports,Male,3.75,7.5
3958,87,MOBILE WEB,40,Mon,0,0,government,drama,Female,3.75,7.5
3959,213,MOBILE WEB,30,Wed,10,0,drink,sports,Male,3.75,7.5
3960,129,MOBILE WEB,20,Sat,20,0,health_food,entertainment,Female,3.75,7.5
3961,131,MOBILE WEB,50,Wed,18,1,drink,sports,Male,11.25,15
3962,308,MOBILE WEB,50,Wed,19,0,electronics,entertainment,Female,0,3.75
3963,205,PC WEB,10,Wed,16,0,health_food,entertainment,Female,7.5,11.25
3964,132,MOBILE WEB,20,Tue,20,0,movie,drama,Female,7.5,11.25
3965,138,MOBILE WEB,20,Sun,13,0,movie,drama,Male,3.75,7.5
3966,67,MOBILE WEB,30,Tue,13,0,corporation,sports,Male,3.75,7.5
3967,101,MOBILE WEB,30,Sat,14,0,drink,sports,Male,3.75,7.5
3968,170,MOBILE WEB,50,Mon,10,0,drink,sports,Male,3.75,7.5
3969,194,MOBILE WEB,10,Tue,19,0,electronics,entertainment,Male,3.75,7.5
3970,70,MOBILE WEB,50,Fri,16,1,drink,sports,Male,11.25,15
3971,158,MOBILE WEB,20,Sun,21,0,health_food,entertainment,Female,7.5,11.25
3972,72,MOBILE WEB,50,Wed,16,1,drink,sports,Male,11.25,15
3973,147,MOBILE WEB,40,Sat,13,1,drink,sports,Male,11.25,15
3974,119,MOBILE WEB,20,Thu,11,0,government,drama,Female,3.75,7.5
3975,125,MOBILE WEB,50,Thu,16,0,movie,sports,Male,7.5,11.25
3976,280,MOBILE WEB,30,Mon,8,0,food,drama,Female,0,3.75
3977,118,MOBILE WEB,20,Fri,18,0,corporation,sports,Male,0,3.75
3978,181,MOBILE WEB,30,Sun,20,0,drink,entertainment,Female,3.75,7.5
3979,349,MOBILE WEB,30,Mon,18,0,drink,sports,Male,3.75,7.5
3980,126,MOBILE WEB,20,Fri,17,0,food,entertainment,Male,0,3.75
3981,116,PC WEB,50,Tue,11,0,drink,sports,Male,3.75,7.5
3982,171,MOBILE WEB,20,Sun,23,0,medicine,drama,Female,0,3.75
3983,153,MOBILE WEB,30,Mon,9,0,medicine,entertainment,Female,7.5,11.25
3984,78,MOBILE WEB,20,Sun,0,0,corporation,sports,Male,3.75,7.5
3985,168,MOBILE WEB,50,Mon,11,0,movie,entertainment,Female,3.75,7.5
3986,145,MOBILE WEB,10,Tue,10,0,education,entertainment,Female,3.75,7.5
3987,95,PC WEB,10,Mon,15,0,health_food,entertainment,Female,3.75,7.5
3988,67,MOBILE WEB,50,Sat,10,0,food,sports,Male,0,3.75
3989,77,MOBILE APP,20,Fri,12,0,health_food,entertainment,Female,3.75,7.5
3990,280,MOBILE WEB,50,Tue,18,0,food,drama,Female,0,3.75
3991,67,MOBILE WEB,30,Thu,12,0,drink,sports,Male,3.75,7.5
3992,142,MOBILE WEB,20,Mon,18,0,health_food,entertainment,Female,3.75,7.5
3993,157,MOBILE WEB,20,Thu,3,0,food,entertainment,Male,3.75,7.5
3994,72,MOBILE WEB,40,Wed,15,1,drink,sports,Male,11.25,15
3995,179,MOBILE WEB,30,Tue,22,0,food,drama,Female,3.75,7.5
3996,254,MOBILE WEB,20,Sat,22,0,drink,drama,Female,11.25,15
3997,157,MOBILE WEB,40,Wed,8,0,corporation,sports,Male,7.5,11.25
3998,124,MOBILE WEB,30,Sun,13,1,food,entertainment,Female,11.25,15
3999,88,MOBILE WEB,30,Sat,14,0,corporation,sports,Male,11.25,15
4000,91,MOBILE WEB,20,Fri,18,1,education,drama,Female,11.25,15
4001,76,MOBILE WEB,40,Fri,14,0,corporation,sports,Male,3.75,7.5
4002,185,MOBILE WEB,20,Wed,0,0,pet,entertainment,Female,0,3.75
4003,64,MOBILE WEB,50,Sat,6,0,government,entertainment,Female,0,3.75
4004,84,MOBILE WEB,30,Sun,17,0,drink,sports,Male,3.75,7.5
4005,168,MOBILE WEB,20,Tue,11,0,drink,entertainment,Female,3.75,7.5
4006,260,MOBILE WEB,20,Sun,18,0,health_food,entertainment,Male,0,3.75
4007,236,MOBILE WEB,30,Mon,22,0,drink,entertainment,Female,3.75,7.5
4008,102,MOBILE WEB,50,Fri,6,0,medicine,drama,Female,3.75,7.5
4009,175,MOBILE WEB,20,Sun,15,0,drink,drama,Female,3.75,7.5
4010,228,MOBILE WEB,10,Fri,8,0,food,entertainment,Female,3.75,7.5
4011,112,MOBILE WEB,20,Sat,15,1,finance,sports,Male,11.25,15
4012,627,MOBILE WEB,40,Sat,17,1,drink,sports,Female,11.25,15
4013,190,MOBILE WEB,30,Mon,9,0,woman,entertainment,Female,3.75,7.5
4014,205,MOBILE WEB,30,Sat,17,1,drink,sports,Male,11.25,15
4015,100,MOBILE WEB,60,Tue,23,1,drink,sports,Male,11.25,15
4016,63,MOBILE WEB,30,Thu,8,0,drink,entertainment,Male,0,3.75
4017,114,MOBILE WEB,50,Mon,1,1,medicine,drama,Female,11.25,15
4018,60,MOBILE WEB,40,Sat,13,1,drink,sports,Male,11.25,15
4019,197,MOBILE WEB,10,Thu,10,0,movie,drama,Female,3.75,7.5
4020,63,PC WEB,50,Tue,10,0,drink,sports,Male,0,3.75
4021,118,MOBILE WEB,40,Sat,1,1,drink,sports,Male,11.25,15
4022,101,MOBILE WEB,30,Thu,19,1,health_food,drama,Female,11.25,15
4023,79,MOBILE WEB,30,Sat,13,0,corporation,sports,Male,3.75,7.5
4024,173,MOBILE WEB,20,Sun,13,0,health_food,drama,Female,3.75,7.5
4025,160,MOBILE WEB,40,Sat,21,0,education,entertainment,Female,0,3.75
4026,166,MOBILE APP,10,Thu,17,0,pet,drama,Female,3.75,7.5
4027,162,MOBILE WEB,10,Fri,18,0,food,entertainment,Female,3.75,7.5
4028,430,MOBILE WEB,60,Tue,16,0,drink,sports,Male,3.75,7.5
4029,115,MOBILE WEB,40,Tue,0,0,woman,drama,Female,7.5,11.25
4030,419,MOBILE WEB,50,Tue,11,0,drink,sports,Male,3.75,7.5
4031,91,MOBILE WEB,50,Fri,18,0,drink,sports,Female,0,3.75
4032,166,MOBILE WEB,20,Mon,11,0,woman,entertainment,Female,11.25,15
4033,430,PC WEB,40,Tue,16,0,corporation,sports,Male,3.75,7.5
4034,93,MOBILE WEB,40,Fri,9,0,movie,entertainment,Female,7.5,11.25
4035,136,MOBILE WEB,20,Fri,17,0,food,drama,Female,3.75,7.5
4036,64,MOBILE WEB,40,Sun,13,1,drink,sports,Male,11.25,15
4037,131,MOBILE WEB,20,Mon,10,0,government,entertainment,Female,3.75,7.5
4038,203,MOBILE WEB,30,Mon,21,0,food,entertainment,Female,7.5,11.25
4039,195,MOBILE APP,20,Wed,15,0,corporation,entertainment,Female,3.75,7.5
4040,169,MOBILE WEB,30,Wed,9,1,movie,entertainment,Male,11.25,15
4041,138,MOBILE WEB,40,Sat,11,0,drink,sports,Male,0,3.75
4042,195,MOBILE WEB,10,Fri,0,0,food,entertainment,Female,3.75,7.5
4043,155,MOBILE WEB,20,Tue,9,1,health_food,entertainment,Female,11.25,15
4044,66,MOBILE WEB,30,Sat,14,0,corporation,sports,Male,3.75,7.5
4045,201,MOBILE WEB,20,Mon,17,0,food,entertainment,Female,3.75,7.5
4046,67,MOBILE WEB,40,Tue,13,0,corporation,sports,Male,3.75,7.5
4047,67,MOBILE WEB,30,Tue,14,0,corporation,sports,Male,3.75,7.5
4048,143,MOBILE WEB,40,Wed,21,0,health_food,entertainment,Female,3.75,7.5
4049,232,MOBILE WEB,20,Sat,7,0,health_food,entertainment,Female,3.75,7.5
4050,94,MOBILE WEB,10,Sat,22,0,education,entertainment,Female,3.75,7.5
4051,597,MOBILE WEB,50,Sat,15,0,corporation,sports,Male,7.5,11.25
4052,164,MOBILE WEB,40,Mon,20,0,drink,entertainment,Female,3.75,7.5
4053,214,MOBILE WEB,10,Sat,23,0,drink,entertainment,Female,3.75,7.5
4054,807,MOBILE WEB,40,Mon,14,0,food,drama,Male,3.75,7.5
4055,201,MOBILE WEB,20,Tue,13,0,government,entertainment,Female,3.75,7.5
4056,255,MOBILE WEB,20,Sat,8,0,food,entertainment,Female,3.75,7.5
4057,227,MOBILE WEB,10,Wed,0,0,movie,drama,Female,3.75,7.5
4058,99,MOBILE WEB,30,Thu,14,0,corporation,sports,Male,3.75,7.5
4059,164,MOBILE WEB,20,Wed,7,0,food,entertainment,Female,0,3.75
4060,190,MOBILE WEB,10,Mon,22,0,drink,entertainment,Female,0,3.75
4061,159,MOBILE WEB,30,Fri,10,0,education,entertainment,Female,7.5,11.25
4062,142,MOBILE WEB,30,Wed,14,0,food,entertainment,Female,3.75,7.5
4063,89,MOBILE APP,10,Sat,14,0,health_food,entertainment,Female,0,3.75
4064,96,MOBILE WEB,30,Wed,17,1,drink,sports,Male,11.25,15
4065,627,MOBILE WEB,30,Sat,18,1,drink,sports,Male,11.25,15
4066,164,MOBILE APP,10,Sun,14,0,medicine,entertainment,Male,3.75,7.5
4067,65,PC WEB,30,Tue,19,0,corporation,sports,Male,3.75,7.5
4068,165,MOBILE WEB,30,Sat,8,0,electronics,entertainment,Male,3.75,7.5
4069,64,MOBILE WEB,40,Fri,16,0,drink,sports,Female,3.75,7.5
4070,64,MOBILE WEB,40,Tue,12,0,food,sports,Female,3.75,7.5
4071,304,MOBILE WEB,40,Sat,8,0,electronics,drama,Female,3.75,7.5
4072,216,MOBILE WEB,40,Mon,22,0,drink,entertainment,Female,3.75,7.5
4073,153,MOBILE WEB,20,Wed,23,0,government,entertainment,Male,3.75,7.5
4074,126,MOBILE WEB,30,Tue,21,0,corporation,entertainment,Female,3.75,7.5
4075,122,MOBILE WEB,40,Mon,8,0,health_food,entertainment,Female,3.75,7.5
4076,197,MOBILE WEB,40,Tue,8,0,drink,entertainment,Female,7.5,11.25
4077,685,MOBILE WEB,40,Sun,17,1,drink,sports,Male,11.25,15
4078,61,MOBILE WEB,50,Tue,20,0,drink,sports,Male,7.5,11.25
4079,61,MOBILE WEB,30,Fri,6,0,medicine,entertainment,Male,7.5,11.25
4080,187,MOBILE WEB,30,Sat,9,0,health_food,entertainment,Female,3.75,7.5
4081,213,MOBILE WEB,20,Wed,13,0,drink,sports,Male,3.75,7.5
4082,233,MOBILE APP,20,Fri,1,0,education,music,Male,3.75,7.5
4083,117,MOBILE WEB,30,Tue,22,0,movie,entertainment,Female,3.75,7.5
4084,208,MOBILE WEB,30,Thu,0,0,drink,drama,Female,7.5,11.25
4085,177,MOBILE WEB,40,Wed,15,0,corporation,sports,Male,7.5,11.25
4086,148,MOBILE WEB,20,Mon,17,0,health_food,drama,Female,3.75,7.5
4087,213,MOBILE APP,10,Sun,23,0,pet,music,Female,3.75,7.5
4088,204,MOBILE WEB,10,Tue,19,0,government,music,Female,3.75,7.5
4089,232,MOBILE WEB,20,Thu,22,0,health_food,entertainment,Male,3.75,7.5
4090,787,PC WEB,40,Mon,22,0,drink,sports,Male,3.75,7.5
4091,143,MOBILE WEB,20,Mon,12,0,pet,entertainment,Male,3.75,7.5
4092,193,MOBILE WEB,10,Wed,21,0,movie,entertainment,Female,3.75,7.5
4093,627,MOBILE WEB,30,Sat,19,1,drink,sports,Female,11.25,15
4094,64,MOBILE WEB,20,Mon,22,0,drink,entertainment,Female,3.75,7.5
4095,69,MOBILE WEB,40,Thu,12,1,drink,sports,Male,11.25,15
4096,97,MOBILE WEB,40,Wed,11,0,corporation,sports,Male,3.75,7.5
4097,97,MOBILE WEB,20,Tue,11,0,corporation,sports,Male,3.75,7.5
4098,112,MOBILE WEB,40,Fri,0,0,food,drama,Female,7.5,11.25
4099,86,MOBILE WEB,40,Wed,9,0,man,sports,Male,0,3.75
4100,74,MOBILE WEB,30,Tue,8,0,movie,entertainment,Male,7.5,11.25
4101,746,PC WEB,50,Fri,13,1,drink,sports,Male,11.25,15
4102,127,MOBILE WEB,40,Tue,22,1,drink,sports,Female,11.25,15
4103,173,MOBILE WEB,40,Sat,9,0,food,entertainment,Female,7.5,11.25
4104,90,PC WEB,20,Fri,14,1,drink,entertainment,Female,11.25,15
4105,208,MOBILE APP,10,Tue,19,0,drink,entertainment,Female,3.75,7.5
4106,197,MOBILE WEB,30,Fri,20,0,woman,entertainment,Male,3.75,7.5
4107,231,MOBILE WEB,30,Sat,19,0,health_food,music,Male,3.75,7.5
4108,787,MOBILE WEB,30,Mon,20,0,drink,sports,Male,7.5,11.25
4109,159,PC WEB,40,Sat,13,1,electronics,entertainment,Female,11.25,15
4110,133,MOBILE WEB,10,Sun,13,0,medicine,drama,Female,3.75,7.5
4111,204,MOBILE WEB,30,Sat,9,0,health_food,entertainment,Female,3.75,7.5
4112,164,MOBILE WEB,20,Fri,11,0,drink,sports,Male,3.75,7.5
4113,198,MOBILE WEB,30,Sat,10,0,food,entertainment,Male,3.75,7.5
4114,94,MOBILE WEB,40,Thu,22,0,medicine,drama,Female,3.75,7.5
4115,189,MOBILE WEB,30,Sun,22,0,drink,music,Female,3.75,7.5
4116,97,MOBILE WEB,30,Tue,12,0,corporation,sports,Male,0,3.75
4117,209,MOBILE WEB,20,Sat,21,1,food,entertainment,Female,11.25,15
4118,205,PC WEB,20,Thu,0,1,drink,entertainment,Female,11.25,15
4119,128,MOBILE APP,10,Thu,0,0,drink,entertainment,Female,0,3.75
4120,190,MOBILE WEB,40,Sun,16,0,drink,entertainment,Female,3.75,7.5
4121,174,MOBILE WEB,20,Wed,0,0,health_food,entertainment,Male,0,3.75
4122,138,MOBILE WEB,40,Thu,13,0,drink,sports,Male,3.75,7.5
4123,107,MOBILE WEB,20,Sun,17,1,movie,entertainment,Female,11.25,15
4124,74,MOBILE WEB,30,Fri,15,1,drink,sports,Male,11.25,15
4125,145,MOBILE WEB,10,Mon,23,0,drink,entertainment,Female,3.75,7.5
4126,180,PC WEB,40,Sun,10,0,drink,sports,Male,7.5,11.25
4127,277,MOBILE WEB,40,Sat,19,0,food,drama,Female,7.5,11.25
4128,182,MOBILE WEB,40,Fri,16,0,food,drama,Female,3.75,7.5
4129,214,MOBILE WEB,50,Sun,10,0,drink,sports,Male,11.25,15
4130,64,MOBILE WEB,40,Fri,6,1,corporation,sports,Female,11.25,15
4131,101,MOBILE WEB,30,Sat,13,0,drink,sports,Male,0,3.75
4132,64,PC WEB,40,Tue,11,0,drink,sports,Male,3.75,7.5
4133,97,MOBILE WEB,40,Wed,17,0,corporation,sports,Male,3.75,7.5
4134,180,MOBILE WEB,60,Sun,12,0,drink,sports,Male,3.75,7.5
4135,216,MOBILE WEB,20,Tue,0,0,food,entertainment,Female,3.75,7.5
4136,100,MOBILE APP,10,Fri,3,0,medicine,entertainment,Female,11.25,15
4137,236,MOBILE WEB,20,Mon,23,0,drink,entertainment,Female,3.75,7.5
4138,133,MOBILE WEB,50,Wed,21,0,health_food,entertainment,Female,7.5,11.25
4139,688,MOBILE WEB,30,Sat,9,1,corporation,sports,Male,11.25,15
4140,77,MOBILE WEB,30,Sun,22,0,electronics,entertainment,Female,3.75,7.5
4141,101,MOBILE WEB,30,Sat,12,0,food,sports,Male,3.75,7.5
4142,72,MOBILE WEB,30,Wed,13,1,drink,sports,Male,11.25,15
4143,135,MOBILE WEB,30,Mon,1,1,health_food,drama,Male,11.25,15
4144,104,MOBILE WEB,40,Sun,10,0,medicine,entertainment,Female,3.75,7.5
4145,127,MOBILE WEB,20,Tue,22,1,drink,sports,Male,11.25,15
4146,99,PC WEB,30,Thu,12,0,drink,sports,Male,7.5,11.25
4147,79,MOBILE WEB,50,Mon,6,0,corporation,sports,Male,3.75,7.5
4148,153,MOBILE WEB,40,Mon,8,0,food,entertainment,Female,3.75,7.5
4149,103,PC WEB,50,Tue,11,0,drink,sports,Male,3.75,7.5
4150,152,MOBILE WEB,40,Sun,2,1,education,drama,Female,11.25,15
4151,60,MOBILE WEB,50,Mon,12,1,drink,sports,Male,11.25,15
4152,61,MOBILE WEB,40,Thu,12,0,corporation,sports,Male,3.75,7.5
4153,162,MOBILE WEB,50,Fri,22,0,health_food,entertainment,Male,3.75,7.5
4154,152,MOBILE APP,40,Fri,19,0,health_food,entertainment,Female,7.5,11.25
4155,221,MOBILE WEB,20,Mon,23,0,drink,drama,Female,3.75,7.5
4156,72,MOBILE WEB,20,Wed,11,0,drink,sports,Male,11.25,15
4157,741,MOBILE WEB,40,Thu,0,0,corporation,sports,Female,0,3.75
4158,152,MOBILE WEB,20,Fri,20,0,drink,entertainment,Female,7.5,11.25
4159,219,MOBILE WEB,30,Sat,6,0,education,music,Male,11.25,15
4160,627,MOBILE WEB,40,Sat,21,0,corporation,sports,Female,3.75,7.5
4161,166,MOBILE WEB,60,Sun,15,1,medicine,entertainment,Male,11.25,15
4162,177,MOBILE WEB,40,Wed,16,0,corporation,sports,Male,3.75,7.5
4163,213,MOBILE WEB,30,Mon,4,0,health_food,entertainment,Female,3.75,7.5
4164,127,MOBILE WEB,40,Tue,23,1,drink,sports,Male,11.25,15
4165,145,MOBILE WEB,20,Mon,2,0,health_food,drama,Female,3.75,7.5
4166,312,MOBILE WEB,40,Mon,20,1,drink,drama,Female,11.25,15
4167,203,MOBILE WEB,30,Mon,9,0,health_food,entertainment,Female,3.75,7.5
4168,171,MOBILE WEB,30,Sun,11,1,drink,sports,Male,11.25,15
4169,202,MOBILE WEB,40,Sun,3,0,food,drama,Female,3.75,7.5
4170,66,PC WEB,40,Thu,12,0,drink,sports,Male,7.5,11.25
4171,110,MOBILE WEB,50,Tue,22,1,corporation,entertainment,Female,11.25,15
4172,83,MOBILE WEB,40,Sun,13,0,drink,sports,Male,7.5,11.25
4173,148,PC WEB,30,Tue,11,1,food,drama,Male,11.25,15
4174,350,MOBILE WEB,40,Sat,19,0,pet,music,Male,3.75,7.5
4175,219,MOBILE WEB,30,Tue,13,0,food,entertainment,Female,3.75,7.5
4176,76,MOBILE WEB,40,Fri,6,0,corporation,sports,Male,3.75,7.5
4177,101,MOBILE WEB,30,Sat,12,0,drink,sports,Male,3.75,7.5
4178,188,MOBILE WEB,40,Wed,22,0,drink,entertainment,Female,7.5,11.25
4179,627,MOBILE WEB,30,Sat,17,1,drink,sports,Male,11.25,15
4180,146,MOBILE WEB,20,Thu,18,0,medicine,drama,Female,3.75,7.5
4181,268,MOBILE WEB,30,Thu,17,0,woman,drama,Female,3.75,7.5
4182,67,MOBILE WEB,10,Tue,12,0,corporation,sports,Male,3.75,7.5
4183,123,PC WEB,40,Fri,14,0,drink,sports,Male,3.75,7.5
4184,178,MOBILE WEB,20,Sat,2,0,drink,entertainment,Female,3.75,7.5
4185,142,MOBILE WEB,20,Thu,21,0,drink,entertainment,Female,7.5,11.25
4186,144,MOBILE WEB,50,Thu,22,1,corporation,entertainment,Male,11.25,15
4187,188,MOBILE WEB,30,Thu,11,0,health_food,drama,Female,7.5,11.25
4188,206,MOBILE WEB,20,Tue,10,0,food,entertainment,Male,3.75,7.5
4189,101,MOBILE WEB,40,Sun,20,0,food,entertainment,Female,11.25,15
4190,106,MOBILE WEB,60,Mon,11,0,corporation,sports,Male,7.5,11.25
4191,212,MOBILE WEB,50,Fri,23,1,government,entertainment,Male,11.25,15
4192,207,MOBILE WEB,20,Fri,18,0,health_food,music,Female,3.75,7.5
4193,201,MOBILE WEB,50,Sun,22,0,corporation,sports,Male,3.75,7.5
4194,61,MOBILE WEB,40,Sun,19,0,corporation,sports,Male,3.75,7.5
4195,205,MOBILE WEB,20,Sun,21,0,health_food,entertainment,Female,11.25,15
4196,173,MOBILE WEB,20,Thu,18,1,pet,drama,Female,11.25,15
4197,87,MOBILE WEB,30,Sat,12,0,drink,entertainment,Female,7.5,11.25
4198,160,MOBILE WEB,40,Mon,21,0,food,entertainment,Female,3.75,7.5
4199,113,MOBILE WEB,10,Tue,13,0,government,drama,Male,3.75,7.5
4200,97,MOBILE WEB,30,Wed,12,0,pet,sports,Male,3.75,7.5
4201,149,MOBILE WEB,20,Tue,16,1,health_food,entertainment,Male,11.25,15
4202,198,MOBILE WEB,50,Tue,17,0,electronics,entertainment,Female,3.75,7.5
4203,732,MOBILE WEB,50,Wed,19,0,drink,sports,Male,3.75,7.5
4204,186,PC WEB,30,Sun,18,1,pet,entertainment,Female,11.25,15
4205,61,MOBILE WEB,40,Wed,10,0,corporation,sports,Male,7.5,11.25
4206,373,MOBILE WEB,40,Sat,21,0,food,entertainment,Female,3.75,7.5
4207,211,MOBILE WEB,20,Sun,14,0,movie,drama,Male,3.75,7.5
4208,62,MOBILE WEB,50,Sat,9,1,drink,sports,Male,11.25,15
4209,119,MOBILE APP,20,Thu,12,0,education,entertainment,Female,3.75,7.5
4210,63,MOBILE WEB,40,Tue,0,0,electronics,entertainment,Female,3.75,7.5
4211,233,MOBILE WEB,50,Wed,7,0,movie,entertainment,Female,7.5,11.25
4212,181,MOBILE WEB,30,Mon,18,0,drink,drama,Female,3.75,7.5
4213,142,MOBILE WEB,60,Wed,10,0,drink,sports,Male,11.25,15
4214,205,MOBILE WEB,30,Sat,14,0,finance,sports,Male,11.25,15
4215,67,MOBILE WEB,40,Sun,13,0,corporation,sports,Male,3.75,7.5
4216,189,MOBILE WEB,10,Wed,17,0,education,drama,Female,0,3.75
4217,127,MOBILE WEB,50,Tue,23,1,drink,sports,Male,11.25,15
4218,242,MOBILE WEB,30,Thu,11,0,education,drama,Female,3.75,7.5
4219,73,MOBILE WEB,50,Sat,8,0,corporation,sports,Male,0,3.75
4220,168,MOBILE WEB,40,Sun,0,0,corporation,sports,Male,3.75,7.5
4221,419,MOBILE WEB,30,Tue,11,0,corporation,sports,Male,3.75,7.5
4222,213,MOBILE WEB,30,Wed,10,0,pet,sports,Male,3.75,7.5
4223,211,MOBILE WEB,60,Sun,21,1,movie,entertainment,Female,11.25,15
4224,112,PC WEB,30,Sat,14,1,finance,sports,Male,11.25,15
4225,126,MOBILE APP,10,Fri,10,0,education,drama,Female,3.75,7.5
4226,123,MOBILE WEB,40,Mon,0,1,health_food,drama,Female,11.25,15
4227,203,MOBILE WEB,20,Tue,22,1,movie,music,Female,11.25,15
4228,157,MOBILE WEB,20,Mon,8,0,food,entertainment,Female,7.5,11.25
4229,185,PC WEB,30,Thu,19,0,health_food,music,Male,3.75,7.5
4230,100,MOBILE WEB,30,Sat,11,0,food,entertainment,Male,3.75,7.5
4231,116,MOBILE WEB,40,Sat,18,0,corporation,sports,Female,3.75,7.5
4232,218,MOBILE APP,10,Tue,14,0,health_food,entertainment,Male,7.5,11.25
4233,101,MOBILE WEB,30,Sat,13,0,corporation,sports,Male,3.75,7.5
4234,163,MOBILE WEB,40,Tue,21,1,drink,entertainment,Female,11.25,15
4235,726,MOBILE WEB,30,Sat,11,0,drink,sports,Male,3.75,7.5
4236,208,MOBILE APP,20,Mon,17,1,drink,entertainment,Female,11.25,15
4237,261,MOBILE WEB,40,Mon,19,0,drink,drama,Female,3.75,7.5
4238,66,MOBILE WEB,40,Tue,12,0,food,sports,Male,3.75,7.5
4239,179,MOBILE WEB,30,Sat,15,0,health_food,entertainment,Female,7.5,11.25
4240,60,PC WEB,30,Sat,13,1,drink,sports,Male,11.25,15
4241,205,MOBILE WEB,20,Sun,10,0,education,entertainment,Female,3.75,7.5
4242,72,MOBILE WEB,30,Wed,12,1,drink,sports,Female,11.25,15
4243,237,PC WEB,40,Sun,2,0,corporation,sports,Male,7.5,11.25
4244,131,MOBILE WEB,30,Sat,22,0,health_food,entertainment,Female,3.75,7.5
4245,127,MOBILE WEB,30,Tue,23,1,drink,sports,Male,11.25,15
4246,97,MOBILE WEB,40,Tue,12,0,corporation,sports,Male,7.5,11.25
4247,113,MOBILE WEB,30,Sat,1,0,woman,entertainment,Female,3.75,7.5
4248,232,MOBILE WEB,40,Mon,13,0,drink,sports,Male,3.75,7.5
4249,128,MOBILE WEB,40,Fri,9,0,drink,sports,Male,7.5,11.25
4250,130,MOBILE WEB,20,Mon,0,1,food,drama,Female,11.25,15
4251,73,MOBILE WEB,40,Mon,7,0,corporation,sports,Male,3.75,7.5
4252,110,MOBILE WEB,30,Wed,8,0,drink,entertainment,Female,0,3.75
4253,185,MOBILE WEB,10,Mon,1,1,health_food,music,Male,11.25,15
4254,152,MOBILE WEB,30,Sat,10,0,drink,sports,Male,0,3.75
4255,171,MOBILE WEB,40,Sun,10,1,drink,sports,Male,11.25,15
4256,187,MOBILE WEB,20,Mon,11,0,medicine,entertainment,Female,3.75,7.5
4257,202,MOBILE WEB,30,Mon,2,0,medicine,entertainment,Female,3.75,7.5
4258,241,MOBILE WEB,30,Sun,1,0,education,entertainment,Male,3.75,7.5
4259,62,MOBILE WEB,30,Thu,12,0,drink,sports,Male,3.75,7.5
4260,732,MOBILE WEB,30,Thu,1,0,corporation,sports,Male,11.25,15
4261,136,MOBILE WEB,20,Sat,23,0,food,entertainment,Male,3.75,7.5
4262,205,MOBILE WEB,40,Sat,14,1,drink,sports,Male,11.25,15
4263,331,MOBILE WEB,50,Mon,22,1,food,information,Female,11.25,15
4264,141,MOBILE WEB,20,Mon,11,0,education,entertainment,Male,3.75,7.5
4265,114,MOBILE WEB,10,Sun,11,0,health_food,entertainment,Female,3.75,7.5
4266,117,MOBILE WEB,20,Sat,21,0,drink,drama,Female,3.75,7.5
4267,350,MOBILE WEB,30,Sat,21,0,food,music,Male,3.75,7.5
4268,164,MOBILE WEB,30,Sun,13,0,medicine,entertainment,Male,3.75,7.5
4269,74,MOBILE WEB,40,Fri,16,1,drink,sports,Male,11.25,15
4270,72,MOBILE WEB,40,Wed,12,1,drink,sports,Male,11.25,15
4271,105,PC WEB,50,Wed,11,0,drink,entertainment,Male,7.5,11.25
4272,685,PC WEB,60,Mon,14,1,drink,sports,Male,11.25,15
4273,208,MOBILE WEB,40,Sat,11,1,drink,drama,Female,11.25,15
4274,122,MOBILE WEB,40,Fri,9,0,drink,drama,Male,3.75,7.5
4275,123,MOBILE WEB,20,Sun,0,0,drink,music,Female,3.75,7.5
4276,90,MOBILE WEB,40,Fri,13,0,drink,sports,Female,3.75,7.5
4277,121,MOBILE WEB,30,Sun,13,0,finance,sports,Male,0,3.75
4278,308,MOBILE WEB,20,Fri,19,0,food,entertainment,Female,3.75,7.5
4279,201,MOBILE WEB,40,Sun,23,0,corporation,sports,Male,3.75,7.5
4280,221,MOBILE WEB,10,Sat,9,0,education,entertainment,Male,3.75,7.5
4281,125,PC WEB,40,Tue,0,0,drink,sports,Male,0,3.75
4282,98,MOBILE WEB,40,Sat,16,0,corporation,sports,Male,3.75,7.5
4283,102,MOBILE WEB,30,Sat,21,0,food,drama,Female,3.75,7.5
4284,79,MOBILE WEB,50,Mon,20,0,drink,entertainment,Female,3.75,7.5
4285,110,MOBILE WEB,50,Thu,8,0,drink,entertainment,Female,7.5,11.25
4286,87,MOBILE WEB,20,Thu,20,0,health_food,drama,Female,3.75,7.5
4287,69,MOBILE WEB,30,Wed,11,1,drink,sports,Male,11.25,15
4288,149,MOBILE WEB,20,Tue,16,1,government,entertainment,Female,11.25,15
4289,154,MOBILE WEB,20,Sat,14,0,drink,drama,Female,3.75,7.5
4290,105,MOBILE WEB,20,Fri,15,0,health_food,entertainment,Female,3.75,7.5
4291,627,MOBILE WEB,50,Sat,22,0,corporation,sports,Male,0,3.75
4292,65,PC WEB,50,Fri,13,0,corporation,sports,Male,11.25,15
4293,143,MOBILE WEB,40,Sat,0,0,food,drama,Female,0,3.75
4294,198,MOBILE WEB,40,Fri,20,0,food,entertainment,Female,3.75,7.5
4295,147,MOBILE WEB,30,Sun,13,0,movie,entertainment,Female,3.75,7.5
4296,61,MOBILE WEB,20,Thu,8,1,drink,sports,Male,11.25,15
4297,145,MOBILE WEB,30,Thu,13,0,drink,entertainment,Female,3.75,7.5
4298,195,MOBILE WEB,30,Fri,6,0,pet,entertainment,Female,11.25,15
4299,250,MOBILE APP,10,Mon,13,0,government,drama,Female,3.75,7.5
4300,88,MOBILE WEB,40,Sun,0,0,health_food,music,Female,3.75,7.5
4301,163,MOBILE WEB,30,Sat,9,1,health_food,entertainment,Female,11.25,15
4302,685,MOBILE WEB,30,Sun,16,1,drink,sports,Male,11.25,15
4303,168,MOBILE WEB,30,Tue,23,0,food,drama,Female,3.75,7.5
4304,166,MOBILE WEB,10,Thu,21,0,electronics,entertainment,Female,7.5,11.25
4305,137,MOBILE WEB,40,Sun,20,1,drink,entertainment,Female,11.25,15
4306,142,MOBILE WEB,40,Wed,19,0,drink,entertainment,Female,3.75,7.5
4307,70,MOBILE WEB,50,Sun,7,0,drink,sports,Male,7.5,11.25
4308,142,MOBILE WEB,20,Sun,20,1,food,entertainment,Female,11.25,15
4309,140,MOBILE WEB,40,Wed,10,0,food,entertainment,Female,11.25,15
4310,174,MOBILE WEB,30,Sat,0,0,movie,entertainment,Male,0,3.75
4311,67,MOBILE WEB,50,Sun,13,0,drink,sports,Male,3.75,7.5
4312,159,MOBILE APP,20,Mon,1,0,food,entertainment,Female,3.75,7.5
4313,101,MOBILE APP,20,Mon,22,0,health_food,entertainment,Female,3.75,7.5
4314,71,MOBILE WEB,50,Sat,17,1,drink,sports,Male,11.25,15
4315,213,MOBILE APP,20,Wed,22,0,education,music,Female,3.75,7.5
4316,176,MOBILE WEB,30,Fri,13,0,drink,sports,Male,3.75,7.5
4317,193,MOBILE WEB,60,Sun,22,0,drink,entertainment,Female,3.75,7.5
4318,519,MOBILE WEB,50,Mon,19,0,drink,sports,Male,3.75,7.5
4319,398,MOBILE WEB,40,Tue,11,0,drink,sports,Female,3.75,7.5
4320,104,MOBILE APP,30,Sun,11,0,drink,drama,Male,3.75,7.5
4321,315,MOBILE WEB,30,Mon,23,0,health_food,entertainment,Female,7.5,11.25
4322,82,MOBILE WEB,40,Thu,13,0,drink,sports,Male,3.75,7.5
4323,176,PC WEB,50,Tue,11,0,movie,entertainment,Male,3.75,7.5
4324,202,MOBILE WEB,30,Thu,22,0,drink,entertainment,Female,7.5,11.25
4325,161,MOBILE WEB,40,Tue,13,1,drink,entertainment,Female,11.25,15
4326,89,MOBILE WEB,20,Sun,3,0,health_food,entertainment,Female,3.75,7.5
4327,100,MOBILE WEB,40,Mon,16,0,food,entertainment,Female,7.5,11.25
4328,163,MOBILE WEB,40,Mon,12,0,food,drama,Female,11.25,15
4329,196,MOBILE WEB,20,Tue,7,0,government,entertainment,Female,3.75,7.5
4330,154,MOBILE WEB,20,Mon,18,0,drink,entertainment,Female,7.5,11.25
4331,107,MOBILE WEB,40,Thu,16,0,health_food,drama,Female,3.75,7.5
4332,93,MOBILE WEB,30,Thu,9,0,electronics,drama,Female,11.25,15
4333,93,MOBILE WEB,30,Thu,13,0,drink,entertainment,Female,7.5,11.25
4334,253,MOBILE WEB,10,Thu,20,0,health_food,entertainment,Female,0,3.75
4335,217,MOBILE WEB,30,Wed,14,1,drink,entertainment,Female,11.25,15
4336,314,MOBILE WEB,20,Sat,12,0,drink,entertainment,Female,3.75,7.5
4337,253,MOBILE WEB,10,Fri,23,0,government,entertainment,Female,3.75,7.5
4338,152,MOBILE WEB,10,Tue,19,0,health_food,entertainment,Female,3.75,7.5
4339,72,MOBILE WEB,20,Wed,14,1,drink,sports,Male,11.25,15
4340,280,MOBILE WEB,40,Sat,2,1,health_food,entertainment,Female,11.25,15
4341,150,MOBILE WEB,30,Mon,23,0,food,drama,Female,0,3.75
4342,209,MOBILE WEB,50,Sat,8,0,food,drama,Female,3.75,7.5
4343,65,PC WEB,40,Mon,10,0,corporation,sports,Male,3.75,7.5
4344,97,MOBILE WEB,30,Tue,12,0,corporation,sports,Male,3.75,7.5
4345,206,MOBILE WEB,20,Sat,12,0,drink,sports,Female,3.75,7.5
4346,147,MOBILE WEB,20,Sat,13,1,drink,sports,Male,11.25,15
4347,173,MOBILE WEB,40,Fri,0,0,medicine,drama,Female,3.75,7.5
4348,185,MOBILE WEB,50,Wed,0,0,pet,entertainment,Female,3.75,7.5
4349,310,MOBILE WEB,30,Sat,21,0,health_food,information,Female,3.75,7.5
4350,180,MOBILE WEB,30,Wed,10,0,woman,entertainment,Female,3.75,7.5
4351,164,PC WEB,10,Sat,15,0,education,entertainment,Male,3.75,7.5
4352,211,MOBILE WEB,10,Sun,5,0,drink,entertainment,Female,3.75,7.5
4353,149,PC WEB,30,Wed,12,0,food,entertainment,Female,0,3.75
4354,732,PC WEB,40,Wed,17,0,drink,sports,Male,3.75,7.5
4355,150,MOBILE WEB,40,Mon,12,0,government,drama,Male,3.75,7.5
4356,101,MOBILE WEB,40,Thu,11,0,education,drama,Female,7.5,11.25
4357,117,MOBILE WEB,30,Tue,10,0,electronics,entertainment,Male,3.75,7.5
4358,255,MOBILE WEB,40,Mon,9,0,education,drama,Female,7.5,11.25
4359,241,MOBILE WEB,40,Sat,10,0,health_food,entertainment,Female,3.75,7.5
4360,80,MOBILE WEB,30,Fri,10,0,drink,sports,Male,3.75,7.5
4361,177,MOBILE WEB,20,Mon,21,1,health_food,entertainment,Female,11.25,15
4362,118,MOBILE APP,20,Fri,18,0,education,drama,Female,0,3.75
4363,93,MOBILE WEB,30,Sat,12,0,corporation,sports,Male,0,3.75
4364,191,MOBILE WEB,30,Fri,9,0,food,entertainment,Female,3.75,7.5
4365,126,MOBILE WEB,40,Tue,7,0,drink,entertainment,Female,3.75,7.5
4366,182,PC WEB,10,Mon,21,0,education,entertainment,Female,3.75,7.5
4367,441,MOBILE WEB,20,Thu,18,0,health_food,entertainment,Female,3.75,7.5
4368,500,MOBILE WEB,20,Fri,17,1,drink,sports,Male,11.25,15
4369,197,MOBILE WEB,20,Mon,23,0,food,drama,Female,3.75,7.5
4370,597,MOBILE WEB,20,Sat,13,0,corporation,sports,Male,11.25,15
4371,112,MOBILE WEB,30,Tue,13,0,health_food,current_affairs,Male,3.75,7.5
4372,86,MOBILE WEB,40,Wed,11,0,drink,sports,Male,3.75,7.5
4373,209,MOBILE WEB,30,Sat,11,0,health_food,music,Female,3.75,7.5
4374,98,MOBILE WEB,30,Sun,10,0,woman,music,Female,3.75,7.5
4375,175,MOBILE WEB,40,Wed,9,0,health_food,entertainment,Female,3.75,7.5
4376,130,MOBILE WEB,20,Sun,12,0,pet,drama,Female,7.5,11.25
4377,162,MOBILE WEB,30,Sat,15,0,food,entertainment,Female,3.75,7.5
4378,273,MOBILE WEB,30,Sun,23,0,movie,music,Male,11.25,15
4379,236,MOBILE WEB,30,Fri,14,0,food,entertainment,Female,0,3.75
4380,189,MOBILE WEB,30,Sat,16,0,government,drama,Female,7.5,11.25
4381,125,PC WEB,30,Tue,12,1,drink,sports,Male,11.25,15
4382,786,MOBILE WEB,50,Sun,8,0,corporation,sports,Male,3.75,7.5
4383,118,MOBILE WEB,30,Fri,21,0,corporation,sports,Male,0,3.75
4384,79,MOBILE WEB,20,Sat,17,0,corporation,sports,Male,3.75,7.5
4385,140,MOBILE WEB,40,Tue,17,0,health_food,entertainment,Male,7.5,11.25
4386,167,MOBILE WEB,30,Sat,10,0,health_food,entertainment,Female,11.25,15
4387,85,MOBILE WEB,60,Sun,21,0,corporation,sports,Male,3.75,7.5
4388,185,PC WEB,20,Sun,17,0,pet,music,Female,3.75,7.5
4389,194,MOBILE WEB,30,Thu,21,0,health_food,entertainment,Female,3.75,7.5
4390,213,MOBILE WEB,20,Mon,13,0,food,entertainment,Female,3.75,7.5
4391,110,MOBILE WEB,30,Tue,23,0,corporation,entertainment,Female,3.75,7.5
4392,61,MOBILE WEB,20,Sat,15,0,drink,sports,Male,3.75,7.5
4393,99,MOBILE WEB,40,Wed,9,1,drink,drama,Female,11.25,15
4394,797,MOBILE WEB,20,Wed,18,1,corporation,sports,Male,11.25,15
4395,152,MOBILE WEB,40,Sat,14,0,drink,sports,Male,3.75,7.5
4396,101,MOBILE WEB,30,Sat,14,0,corporation,sports,Male,3.75,7.5
4397,97,MOBILE WEB,40,Tue,12,0,health_food,drama,Male,3.75,7.5
4398,137,MOBILE WEB,40,Thu,12,0,corporation,sports,Male,3.75,7.5
4399,126,MOBILE WEB,20,Mon,21,0,movie,entertainment,Female,11.25,15
4400,64,PC WEB,30,Thu,16,0,movie,entertainment,Male,11.25,15
4401,371,PC WEB,60,Tue,17,0,drink,sports,Male,11.25,15
4402,103,PC WEB,50,Tue,9,0,drink,sports,Male,3.75,7.5
4403,67,MOBILE WEB,60,Tue,13,0,corporation,sports,Male,7.5,11.25
4404,101,MOBILE WEB,30,Sat,20,0,drink,sports,Male,3.75,7.5
4405,182,MOBILE WEB,30,Sun,17,1,food,entertainment,Male,11.25,15
4406,112,MOBILE WEB,30,Sat,22,0,education,drama,Male,3.75,7.5
4407,87,MOBILE APP,20,Sat,20,0,medicine,entertainment,Male,3.75,7.5
4408,160,MOBILE WEB,40,Sat,22,0,education,entertainment,Female,3.75,7.5
4409,147,MOBILE WEB,40,Mon,8,0,movie,entertainment,Female,3.75,7.5
4410,124,MOBILE WEB,10,Thu,10,0,education,entertainment,Male,3.75,7.5
4411,115,PC WEB,40,Wed,13,1,drink,sports,Male,11.25,15
4412,72,MOBILE WEB,40,Wed,12,0,corporation,sports,Male,7.5,11.25
4413,532,PC WEB,50,Fri,13,0,drink,sports,Male,3.75,7.5
4414,122,MOBILE WEB,10,Mon,0,0,education,drama,Female,3.75,7.5
4415,97,MOBILE WEB,30,Tue,11,0,corporation,sports,Male,7.5,11.25
4416,105,MOBILE WEB,50,Sat,14,0,corporation,sports,Male,3.75,7.5
4417,151,MOBILE WEB,30,Tue,9,0,health_food,entertainment,Female,3.75,7.5
4418,116,PC WEB,40,Mon,23,0,drink,sports,Male,3.75,7.5
4419,187,MOBILE WEB,30,Tue,14,0,education,drama,Female,7.5,11.25
4420,108,MOBILE WEB,30,Mon,8,0,education,drama,Female,3.75,7.5
4421,123,MOBILE WEB,40,Sat,13,0,drink,sports,Male,3.75,7.5
4422,181,MOBILE WEB,30,Sun,22,0,drink,entertainment,Female,3.75,7.5
4423,180,MOBILE WEB,30,Wed,1,0,health_food,entertainment,Female,3.75,7.5
4424,115,PC WEB,60,Wed,13,0,drink,sports,Male,7.5,11.25
4425,200,MOBILE WEB,10,Sun,23,0,health_food,entertainment,Female,7.5,11.25
4426,151,MOBILE WEB,20,Fri,9,0,food,drama,Female,3.75,7.5
4427,144,MOBILE WEB,30,Tue,18,0,electronics,entertainment,Female,3.75,7.5
4428,175,MOBILE WEB,40,Tue,11,1,health_food,drama,Female,11.25,15
4429,223,MOBILE WEB,40,Sun,17,0,movie,drama,Female,3.75,7.5
4430,349,MOBILE WEB,30,Thu,20,0,food,information,Female,3.75,7.5
4431,424,MOBILE WEB,20,Sat,14,0,medicine,entertainment,Female,3.75,7.5
4432,183,MOBILE WEB,30,Sun,0,0,drink,entertainment,Male,3.75,7.5
4433,298,MOBILE WEB,40,Sun,19,0,woman,entertainment,Female,3.75,7.5
4434,61,MOBILE WEB,40,Wed,13,1,drink,sports,Male,11.25,15
4435,72,PC WEB,30,Sun,19,0,corporation,sports,Male,0,3.75
4436,181,MOBILE WEB,40,Sat,14,0,food,drama,Female,3.75,7.5
4437,165,MOBILE WEB,50,Thu,22,0,movie,entertainment,Male,7.5,11.25
4438,126,MOBILE WEB,40,Mon,13,0,drink,sports,Male,7.5,11.25
4439,420,MOBILE WEB,40,Wed,0,0,drink,entertainment,Male,11.25,15
4440,62,MOBILE WEB,30,Thu,13,0,food,sports,Male,7.5,11.25
4441,292,PC WEB,40,Sat,10,0,health_food,entertainment,Female,3.75,7.5
4442,61,MOBILE WEB,50,Wed,14,0,drink,sports,Male,3.75,7.5
4443,98,MOBILE WEB,30,Sun,0,0,food,entertainment,Female,3.75,7.5
4444,72,MOBILE WEB,60,Wed,14,1,drink,sports,Female,11.25,15
4445,166,PC WEB,40,Mon,18,1,food,drama,Female,11.25,15
4446,158,MOBILE WEB,20,Fri,18,0,drink,entertainment,Male,3.75,7.5
4447,500,PC WEB,40,Sat,10,0,finance,sports,Male,0,3.75
4448,540,MOBILE WEB,40,Fri,18,1,drink,sports,Female,11.25,15
4449,84,MOBILE WEB,30,Wed,20,0,corporation,sports,Male,3.75,7.5
4450,88,MOBILE WEB,30,Sat,13,0,drink,sports,Male,3.75,7.5
4451,193,MOBILE WEB,40,Sun,19,0,food,entertainment,Male,11.25,15
4452,100,MOBILE WEB,30,Mon,2,0,movie,entertainment,Male,11.25,15
4453,65,PC WEB,30,Tue,11,0,drink,sports,Male,3.75,7.5
4454,126,MOBILE WEB,60,Sat,17,0,drink,sports,Male,3.75,7.5
4455,272,MOBILE APP,10,Mon,22,0,education,entertainment,Female,3.75,7.5
4456,732,MOBILE WEB,30,Wed,17,0,drink,sports,Male,3.75,7.5
4457,89,MOBILE WEB,20,Sat,21,0,health_food,entertainment,Female,7.5,11.25
4458,145,MOBILE WEB,10,Sat,23,0,food,drama,Female,3.75,7.5
4459,138,MOBILE WEB,30,Sat,22,0,health_food,entertainment,Male,3.75,7.5
4460,101,MOBILE WEB,40,Mon,23,0,health_food,entertainment,Female,3.75,7.5
4461,102,MOBILE WEB,50,Thu,23,0,education,drama,Female,3.75,7.5
4462,96,MOBILE WEB,30,Tue,12,0,drink,sports,Male,3.75,7.5
4463,78,MOBILE WEB,40,Tue,23,0,food,entertainment,Female,3.75,7.5
4464,179,MOBILE WEB,10,Sun,9,0,food,drama,Female,3.75,7.5
4465,74,MOBILE WEB,20,Fri,19,1,drink,sports,Male,11.25,15
4466,232,MOBILE WEB,50,Mon,20,0,drink,sports,Male,0,3.75
4467,196,MOBILE WEB,10,Sun,23,0,medicine,music,Female,3.75,7.5
4468,122,MOBILE WEB,50,Tue,11,0,corporation,sports,Male,0,3.75
4469,207,MOBILE WEB,40,Fri,20,0,drink,entertainment,Female,3.75,7.5
4470,500,MOBILE WEB,20,Fri,18,0,drink,sports,Male,0,3.75
4471,67,MOBILE WEB,40,Sun,11,0,drink,sports,Male,3.75,7.5
4472,93,MOBILE WEB,40,Thu,12,0,corporation,sports,Male,3.75,7.5
4473,222,MOBILE WEB,30,Wed,22,0,drink,entertainment,Female,3.75,7.5
4474,223,MOBILE WEB,50,Sun,18,1,health_food,drama,Female,11.25,15
4475,174,MOBILE WEB,30,Tue,17,0,pet,entertainment,Female,3.75,7.5
4476,198,MOBILE WEB,20,Sun,10,0,movie,music,Male,3.75,7.5
4477,180,MOBILE WEB,40,Sun,9,0,drink,sports,Male,3.75,7.5
4478,65,MOBILE WEB,40,Tue,17,0,corporation,sports,Female,3.75,7.5
4479,162,MOBILE WEB,20,Mon,0,0,medicine,drama,Female,11.25,15
4480,140,MOBILE WEB,30,Wed,0,1,food,entertainment,Female,11.25,15
4481,75,MOBILE WEB,40,Sat,11,0,drink,sports,Male,7.5,11.25
4482,165,MOBILE WEB,40,Wed,9,0,education,entertainment,Female,3.75,7.5
4483,119,MOBILE WEB,30,Thu,12,0,drink,entertainment,Female,3.75,7.5
4484,116,MOBILE WEB,50,Sat,18,1,drink,sports,Male,11.25,15
4485,124,MOBILE WEB,40,Tue,15,0,movie,drama,Female,0,3.75
4486,95,MOBILE WEB,30,Fri,1,0,pet,drama,Female,3.75,7.5
4487,207,MOBILE WEB,20,Thu,20,0,drink,music,Female,3.75,7.5
4488,114,MOBILE WEB,40,Wed,22,1,corporation,entertainment,Female,11.25,15
4489,116,MOBILE WEB,40,Thu,23,0,food,drama,Male,3.75,7.5
4490,151,MOBILE WEB,60,Sun,20,0,health_food,entertainment,Female,0,3.75
4491,157,MOBILE WEB,20,Thu,17,0,electronics,drama,Female,3.75,7.5
4492,254,MOBILE WEB,50,Sat,21,0,food,drama,Female,3.75,7.5
4493,518,PC WEB,10,Sat,19,0,education,entertainment,Female,3.75,7.5
4494,96,MOBILE WEB,30,Mon,21,0,drink,sports,Male,3.75,7.5
4495,223,MOBILE WEB,30,Tue,9,0,electronics,entertainment,Female,3.75,7.5
4496,269,MOBILE WEB,20,Sun,2,1,health_food,music,Female,11.25,15
4497,68,MOBILE WEB,30,Tue,9,0,drink,sports,Male,0,3.75
4498,74,MOBILE WEB,30,Fri,15,1,drink,sports,Male,11.25,15
4499,188,PC WEB,30,Fri,8,0,food,drama,Female,3.75,7.5
4500,525,MOBILE WEB,40,Sun,13,0,drink,sports,Male,0,3.75
4501,65,MOBILE WEB,60,Sun,10,0,corporation,sports,Female,3.75,7.5
4502,193,MOBILE WEB,20,Sun,21,0,food,entertainment,Female,3.75,7.5
4503,162,MOBILE WEB,30,Sat,11,0,food,entertainment,Female,3.75,7.5
4504,151,PC WEB,20,Sun,23,0,movie,entertainment,Female,3.75,7.5
4505,214,MOBILE WEB,40,Sat,15,0,food,drama,Male,11.25,15
4506,64,MOBILE WEB,30,Fri,8,0,drink,sports,Male,3.75,7.5
4507,153,MOBILE WEB,60,Fri,22,0,health_food,entertainment,Female,3.75,7.5
4508,93,MOBILE WEB,30,Thu,13,0,drink,sports,Male,3.75,7.5
4509,61,MOBILE WEB,60,Sat,12,1,drink,sports,Male,11.25,15
4510,185,MOBILE WEB,20,Sat,8,0,health_food,entertainment,Female,3.75,7.5
4511,65,MOBILE WEB,40,Sun,14,0,drink,sports,Male,3.75,7.5
4512,139,MOBILE WEB,50,Tue,11,0,pet,drama,Female,7.5,11.25
4513,151,MOBILE WEB,40,Fri,15,0,drink,entertainment,Female,3.75,7.5
4514,62,MOBILE WEB,50,Wed,9,0,corporation,sports,Male,3.75,7.5
4515,172,MOBILE WEB,40,Sat,13,0,drink,entertainment,Female,3.75,7.5
4516,67,MOBILE WEB,30,Sun,16,0,drink,sports,Male,7.5,11.25
4517,100,MOBILE WEB,40,Wed,21,1,health_food,drama,Female,11.25,15
4518,139,MOBILE WEB,30,Mon,6,0,health_food,entertainment,Male,3.75,7.5
4519,116,MOBILE WEB,40,Sat,16,1,drink,sports,Male,11.25,15
4520,185,MOBILE APP,10,Sat,7,0,government,entertainment,Female,7.5,11.25
4521,108,MOBILE WEB,30,Mon,22,0,medicine,drama,Female,3.75,7.5
4522,216,MOBILE WEB,20,Tue,10,0,drink,entertainment,Female,0,3.75
4523,120,MOBILE WEB,40,Sat,0,0,health_food,drama,Female,3.75,7.5
4524,132,MOBILE WEB,40,Mon,1,0,government,entertainment,Female,3.75,7.5
4525,123,MOBILE WEB,20,Fri,0,0,health_food,entertainment,Female,3.75,7.5
4526,356,MOBILE WEB,30,Sat,20,0,food,music,Female,3.75,7.5
4527,152,MOBILE WEB,20,Wed,14,1,education,entertainment,Female,11.25,15
4528,74,PC WEB,40,Fri,11,0,drink,sports,Male,0,3.75
4529,627,MOBILE WEB,30,Sat,16,0,corporation,sports,Male,3.75,7.5
4530,185,MOBILE APP,30,Fri,0,0,woman,drama,Female,3.75,7.5
4531,118,MOBILE WEB,40,Fri,19,0,drink,sports,Male,11.25,15
4532,214,MOBILE WEB,20,Sun,12,0,health_food,entertainment,Female,3.75,7.5
4533,101,MOBILE WEB,40,Fri,0,0,medicine,drama,Female,0,3.75
4534,88,MOBILE WEB,30,Mon,9,0,drink,sports,Male,0,3.75
4535,349,MOBILE WEB,30,Mon,18,0,drink,sports,Male,3.75,7.5
4536,99,MOBILE WEB,40,Thu,13,0,drink,sports,Male,3.75,7.5
4537,101,MOBILE WEB,30,Sat,13,0,corporation,sports,Male,7.5,11.25
4538,87,MOBILE WEB,40,Sun,16,0,corporation,sports,Female,3.75,7.5
4539,79,MOBILE WEB,30,Thu,22,0,education,drama,Female,7.5,11.25
4540,419,MOBILE WEB,40,Tue,15,1,drink,sports,Male,11.25,15
4541,128,MOBILE WEB,50,Fri,8,0,food,information,Female,7.5,11.25
4542,305,MOBILE WEB,20,Sat,2,0,drink,drama,Male,3.75,7.5
4543,185,MOBILE WEB,60,Tue,14,1,food,entertainment,Female,11.25,15
4544,61,MOBILE WEB,30,Fri,13,0,drink,sports,Male,3.75,7.5
4545,160,MOBILE WEB,20,Wed,17,0,education,drama,Male,7.5,11.25
4546,130,MOBILE WEB,40,Mon,15,0,health_food,drama,Female,7.5,11.25
4547,191,MOBILE WEB,40,Mon,9,0,pet,entertainment,Female,3.75,7.5
4548,97,MOBILE WEB,30,Tue,12,0,corporation,sports,Male,3.75,7.5
4549,297,MOBILE WEB,40,Sun,20,0,health_food,drama,Female,3.75,7.5
4550,190,MOBILE WEB,20,Wed,21,0,finance,drama,Female,3.75,7.5
4551,127,MOBILE WEB,30,Wed,18,1,drink,sports,Male,11.25,15
4552,216,MOBILE WEB,50,Sat,11,0,food,entertainment,Female,3.75,7.5
4553,110,MOBILE WEB,30,Sun,23,1,drink,sports,Male,11.25,15
4554,105,MOBILE WEB,30,Sun,2,0,health_food,entertainment,Female,3.75,7.5
4555,215,MOBILE WEB,40,Tue,22,0,drink,sports,Male,0,3.75
4556,61,MOBILE WEB,30,Thu,7,1,drink,sports,Male,11.25,15
4557,160,MOBILE WEB,20,Sun,16,0,health_food,entertainment,Male,11.25,15
4558,149,MOBILE APP,20,Thu,15,0,government,entertainment,Female,7.5,11.25
4559,79,MOBILE WEB,30,Fri,1,0,medicine,drama,Female,3.75,7.5
4560,97,MOBILE WEB,30,Tue,12,0,corporation,sports,Male,3.75,7.5
4561,151,MOBILE WEB,30,Thu,23,0,food,drama,Female,3.75,7.5
4562,111,MOBILE WEB,20,Sun,9,0,education,entertainment,Female,3.75,7.5
4563,202,MOBILE WEB,40,Thu,23,0,corporation,entertainment,Male,3.75,7.5
4564,112,MOBILE WEB,30,Sat,14,0,corporation,sports,Male,3.75,7.5
4565,627,MOBILE WEB,30,Sat,15,0,corporation,sports,Male,3.75,7.5
4566,117,MOBILE WEB,40,Sun,20,0,drink,sports,Male,3.75,7.5
4567,126,MOBILE WEB,50,Sun,13,0,education,drama,Male,3.75,7.5
4568,116,MOBILE WEB,50,Sat,14,1,finance,sports,Male,11.25,15
4569,107,MOBILE WEB,30,Wed,21,0,woman,current_affairs,Male,3.75,7.5
4570,101,MOBILE WEB,30,Mon,12,0,drink,sports,Male,3.75,7.5
4571,111,MOBILE WEB,20,Sat,15,0,medicine,entertainment,Male,3.75,7.5
4572,232,PC WEB,20,Fri,22,0,health_food,drama,Female,3.75,7.5
4573,83,MOBILE WEB,10,Fri,18,0,food,entertainment,Female,3.75,7.5
4574,197,MOBILE APP,10,Thu,13,0,food,entertainment,Female,3.75,7.5
4575,189,MOBILE WEB,30,Sat,10,0,government,drama,Male,3.75,7.5
4576,204,MOBILE WEB,20,Thu,21,0,health_food,entertainment,Male,3.75,7.5
4577,101,MOBILE WEB,50,Sat,22,0,corporation,sports,Male,3.75,7.5
4578,79,MOBILE WEB,40,Sat,16,0,food,sports,Male,3.75,7.5
4579,151,MOBILE WEB,30,Thu,10,0,education,drama,Female,3.75,7.5
4580,106,MOBILE APP,40,Sat,12,1,health_food,entertainment,Male,11.25,15
4581,107,MOBILE WEB,30,Thu,8,0,health_food,entertainment,Female,3.75,7.5
4582,67,MOBILE WEB,30,Sun,11,0,drink,sports,Male,3.75,7.5
4583,522,MOBILE WEB,50,Sun,9,1,government,sports,Male,11.25,15
4584,68,MOBILE WEB,40,Fri,12,0,drink,sports,Male,3.75,7.5
4585,254,MOBILE WEB,40,Sun,7,0,medicine,drama,Female,3.75,7.5
4586,118,MOBILE WEB,30,Wed,1,0,drink,drama,Female,3.75,7.5
4587,443,PC WEB,30,Sun,15,0,corporation,sports,Male,3.75,7.5
4588,60,MOBILE WEB,30,Sat,13,1,drink,sports,Male,11.25,15
4589,152,MOBILE WEB,20,Sat,14,0,medicine,entertainment,Female,3.75,7.5
4590,196,MOBILE WEB,40,Tue,7,0,health_food,entertainment,Female,3.75,7.5
4591,305,MOBILE WEB,50,Wed,14,0,medicine,drama,Female,0,3.75
4592,162,MOBILE WEB,40,Sun,10,0,education,entertainment,Female,3.75,7.5
4593,64,MOBILE WEB,30,Wed,12,0,food,sports,Male,3.75,7.5
4594,232,MOBILE WEB,50,Thu,20,0,food,entertainment,Female,0,3.75
4595,60,MOBILE WEB,30,Sat,13,1,drink,sports,Male,11.25,15
4596,70,MOBILE WEB,40,Fri,18,1,drink,sports,Female,11.25,15
4597,230,MOBILE WEB,50,Sat,8,0,food,drama,Male,7.5,11.25
4598,430,MOBILE WEB,40,Tue,22,0,drink,sports,Male,3.75,7.5
4599,196,MOBILE WEB,40,Tue,7,0,government,entertainment,Female,3.75,7.5
4600,143,MOBILE WEB,30,Fri,12,0,drink,sports,Male,3.75,7.5
4601,208,PC WEB,20,Tue,20,0,drink,entertainment,Female,3.75,7.5
4602,112,MOBILE APP,20,Sun,15,0,medicine,entertainment,Female,3.75,7.5
4603,118,MOBILE WEB,40,Fri,21,0,corporation,sports,Male,3.75,7.5
4604,110,MOBILE WEB,30,Wed,21,1,corporation,sports,Male,11.25,15
4605,173,MOBILE WEB,30,Mon,10,0,medicine,entertainment,Male,3.75,7.5
4606,90,PC WEB,30,Fri,11,1,corporation,sports,Male,11.25,15
4607,64,MOBILE WEB,30,Tue,12,0,corporation,sports,Male,7.5,11.25
4608,112,MOBILE WEB,30,Sat,14,0,drink,sports,Male,0,3.75
4609,65,MOBILE WEB,30,Tue,14,0,drink,sports,Male,3.75,7.5
4610,68,MOBILE WEB,40,Sat,10,0,drink,sports,Male,0,3.75
4611,118,MOBILE WEB,40,Sat,9,1,drink,sports,Male,11.25,15
4612,133,PC WEB,10,Thu,18,0,food,entertainment,Male,3.75,7.5
4613,64,MOBILE WEB,30,Mon,10,0,education,entertainment,Female,0,3.75
4614,101,MOBILE WEB,50,Wed,21,0,health_food,drama,Female,11.25,15
4615,107,MOBILE WEB,30,Tue,17,1,drink,sports,Male,11.25,15
4616,176,MOBILE WEB,30,Sat,14,0,food,entertainment,Female,3.75,7.5
4617,197,MOBILE WEB,10,Tue,7,0,drink,entertainment,Female,3.75,7.5
4618,150,MOBILE WEB,40,Sun,13,0,woman,drama,Female,7.5,11.25
4619,205,MOBILE WEB,30,Sat,14,1,drink,sports,Male,11.25,15
4620,213,MOBILE WEB,30,Thu,20,0,government,music,Female,0,3.75
4621,60,PC WEB,40,Fri,22,1,corporation,sports,Male,11.25,15
4622,207,MOBILE WEB,10,Thu,8,0,drink,entertainment,Female,3.75,7.5
4623,189,MOBILE WEB,20,Sun,15,0,electronics,entertainment,Male,3.75,7.5
4624,164,MOBILE WEB,20,Sat,8,0,drink,entertainment,Male,3.75,7.5
4625,131,MOBILE WEB,40,Wed,19,1,drink,sports,Male,11.25,15
4626,138,MOBILE WEB,20,Fri,18,0,health_food,entertainment,Female,0,3.75
4627,180,MOBILE WEB,30,Wed,9,0,health_food,entertainment,Female,3.75,7.5
4628,131,MOBILE WEB,50,Wed,18,0,drink,sports,Male,0,3.75
4629,338,MOBILE WEB,20,Sat,7,0,food,drama,Female,0,3.75
4630,126,MOBILE WEB,40,Sat,16,0,food,sports,Male,3.75,7.5
4631,156,PC WEB,10,Mon,0,0,education,entertainment,Female,3.75,7.5
4632,121,MOBILE WEB,30,Sun,22,0,movie,entertainment,Female,0,3.75
4633,64,MOBILE WEB,30,Wed,10,0,drink,sports,Female,3.75,7.5
4634,201,MOBILE WEB,10,Wed,20,0,food,drama,Female,7.5,11.25
4635,298,MOBILE WEB,30,Sun,7,0,medicine,drama,Female,0,3.75
4636,60,MOBILE WEB,20,Tue,13,0,food,sports,Male,3.75,7.5
4637,163,MOBILE APP,10,Mon,22,0,government,entertainment,Female,3.75,7.5
4638,213,MOBILE WEB,10,Sat,13,0,health_food,entertainment,Female,3.75,7.5
4639,84,MOBILE WEB,10,Sat,13,0,corporation,sports,Male,3.75,7.5
4640,105,MOBILE WEB,30,Tue,18,0,drink,current_affairs,Female,3.75,7.5
4641,166,MOBILE WEB,40,Sat,14,1,electronics,drama,Female,11.25,15
4642,186,MOBILE WEB,30,Mon,8,0,medicine,drama,Female,3.75,7.5
4643,86,MOBILE WEB,40,Sat,8,0,food,drama,Female,0,3.75
4644,161,MOBILE WEB,40,Mon,9,0,corporation,sports,Male,0,3.75
4645,100,MOBILE WEB,30,Sat,16,1,drink,sports,Male,11.25,15
4646,241,MOBILE APP,10,Sat,5,0,education,entertainment,Female,3.75,7.5
4647,726,MOBILE WEB,60,Sat,8,0,corporation,sports,Male,3.75,7.5
4648,319,MOBILE WEB,30,Sat,1,0,movie,entertainment,Female,3.75,7.5
4649,434,MOBILE WEB,30,Mon,0,0,health_food,music,Male,7.5,11.25
4650,175,MOBILE WEB,30,Sun,22,0,drink,entertainment,Female,11.25,15
4651,123,MOBILE WEB,30,Fri,13,0,drink,sports,Male,3.75,7.5
4652,96,MOBILE WEB,50,Wed,21,1,drink,sports,Male,11.25,15
4653,191,MOBILE WEB,60,Tue,14,0,drink,drama,Female,7.5,11.25
4654,216,MOBILE WEB,30,Tue,10,1,food,entertainment,Female,11.25,15
4655,187,PC WEB,20,Sat,20,0,education,entertainment,Male,3.75,7.5
4656,107,MOBILE WEB,30,Tue,17,1,drink,sports,Male,11.25,15
4657,306,MOBILE WEB,20,Sat,0,0,electronics,entertainment,Female,7.5,11.25
4658,153,MOBILE WEB,40,Sun,22,0,food,entertainment,Female,3.75,7.5
4659,166,MOBILE WEB,40,Mon,19,1,food,drama,Female,11.25,15
4660,219,MOBILE WEB,30,Tue,7,0,food,entertainment,Female,3.75,7.5
4661,159,MOBILE WEB,20,Sat,13,1,movie,drama,Female,11.25,15
4662,356,MOBILE WEB,40,Sat,20,0,health_food,music,Female,7.5,11.25
4663,158,MOBILE WEB,40,Mon,23,0,government,drama,Female,3.75,7.5
4664,204,MOBILE WEB,50,Thu,23,1,health_food,music,Male,11.25,15
4665,150,PC WEB,10,Sat,15,0,food,entertainment,Male,3.75,7.5
4666,105,MOBILE WEB,20,Tue,22,0,drink,entertainment,Female,3.75,7.5
4667,84,MOBILE WEB,50,Sun,8,1,drink,sports,Male,11.25,15
4668,74,MOBILE WEB,50,Sun,1,0,movie,drama,Female,11.25,15
4669,849,MOBILE WEB,60,Sun,9,0,drink,sports,Female,7.5,11.25
4670,167,MOBILE WEB,20,Fri,23,0,movie,entertainment,Female,3.75,7.5
4671,65,MOBILE WEB,50,Sun,11,1,corporation,sports,Male,11.25,15
4672,176,MOBILE WEB,50,Wed,17,0,health_food,drama,Male,0,3.75
4673,61,MOBILE WEB,40,Thu,11,0,drink,sports,Male,3.75,7.5
4674,163,MOBILE WEB,20,Sun,9,0,finance,entertainment,Female,0,3.75
4675,202,MOBILE WEB,20,Sat,8,1,movie,entertainment,Male,11.25,15
4676,732,MOBILE WEB,40,Wed,16,0,drink,sports,Male,3.75,7.5
4677,238,MOBILE WEB,50,Thu,7,1,government,entertainment,Female,11.25,15
4678,115,MOBILE WEB,20,Mon,23,0,food,drama,Female,0,3.75
4679,197,MOBILE WEB,40,Tue,0,1,food,entertainment,Female,11.25,15
4680,66,MOBILE WEB,40,Sun,14,0,food,sports,Male,3.75,7.5
4681,216,MOBILE WEB,40,Mon,19,0,health_food,music,Male,3.75,7.5
4682,68,PC WEB,30,Wed,10,0,corporation,sports,Male,3.75,7.5
4683,166,MOBILE WEB,30,Sat,23,0,electronics,entertainment,Female,3.75,7.5
4684,128,MOBILE WEB,40,Mon,6,0,electronics,entertainment,Female,3.75,7.5
4685,255,MOBILE WEB,30,Tue,23,0,medicine,entertainment,Male,3.75,7.5
4686,180,MOBILE WEB,30,Wed,17,0,electronics,entertainment,Female,3.75,7.5
4687,171,MOBILE WEB,20,Sat,6,0,medicine,entertainment,Female,0,3.75
4688,137,MOBILE APP,20,Thu,16,0,education,drama,Female,0,3.75
4689,206,MOBILE WEB,10,Tue,23,0,health_food,entertainment,Female,3.75,7.5
4690,73,PC WEB,50,Fri,12,0,corporation,sports,Male,7.5,11.25
4691,115,MOBILE WEB,50,Wed,18,1,health_food,sports,Male,11.25,15
4692,97,MOBILE APP,10,Mon,18,0,government,drama,Female,3.75,7.5
4693,787,MOBILE WEB,40,Mon,19,0,drink,sports,Male,3.75,7.5
4694,147,MOBILE WEB,20,Mon,21,0,drink,entertainment,Male,7.5,11.25
4695,118,MOBILE WEB,30,Fri,19,0,corporation,sports,Male,3.75,7.5
4696,143,MOBILE WEB,30,Mon,12,0,food,drama,Female,0,3.75
4697,173,MOBILE WEB,30,Sun,3,0,food,entertainment,Male,7.5,11.25
4698,168,MOBILE WEB,40,Tue,23,0,electronics,drama,Female,3.75,7.5
4699,213,MOBILE WEB,30,Wed,10,0,drink,sports,Male,3.75,7.5
4700,141,MOBILE WEB,40,Sun,15,0,drink,sports,Male,3.75,7.5
4701,205,MOBILE WEB,10,Mon,0,0,food,entertainment,Female,3.75,7.5
4702,197,MOBILE WEB,40,Sat,18,1,pet,drama,Female,11.25,15
4703,110,MOBILE WEB,40,Tue,22,1,corporation,entertainment,Female,11.25,15
4704,127,MOBILE WEB,20,Wed,14,1,drink,sports,Male,11.25,15
4705,137,MOBILE APP,10,Fri,22,0,food,drama,Female,3.75,7.5
4706,170,MOBILE WEB,50,Thu,1,0,government,entertainment,Female,3.75,7.5
4707,199,MOBILE WEB,50,Thu,0,0,drink,drama,Female,3.75,7.5
4708,66,MOBILE WEB,30,Mon,10,0,drink,sports,Female,7.5,11.25
4709,121,MOBILE WEB,50,Sun,15,1,drink,sports,Male,11.25,15
4710,61,MOBILE WEB,30,Wed,22,1,drink,sports,Male,11.25,15
4711,131,MOBILE WEB,40,Fri,12,0,drink,sports,Male,7.5,11.25
4712,116,MOBILE WEB,40,Sat,17,1,drink,sports,Female,11.25,15
4713,726,MOBILE WEB,20,Mon,13,0,corporation,sports,Male,3.75,7.5
4714,74,MOBILE WEB,10,Fri,18,0,drink,sports,Female,0,3.75
4715,206,MOBILE WEB,20,Fri,11,0,electronics,music,Female,3.75,7.5
4716,93,PC WEB,20,Sun,12,0,corporation,sports,Male,11.25,15
4717,80,MOBILE WEB,10,Fri,12,0,pet,entertainment,Female,3.75,7.5
4718,786,MOBILE WEB,30,Sun,2,0,corporation,sports,Male,3.75,7.5
4719,237,MOBILE WEB,50,Sat,17,1,drink,sports,Male,11.25,15
4720,123,MOBILE WEB,20,Fri,14,0,drink,sports,Female,0,3.75
4721,597,MOBILE WEB,50,Sat,12,0,corporation,sports,Male,3.75,7.5
4722,226,MOBILE WEB,30,Sat,19,0,drink,entertainment,Female,3.75,7.5
4723,64,MOBILE WEB,60,Fri,8,0,drink,sports,Male,3.75,7.5
4724,64,MOBILE WEB,20,Mon,11,0,corporation,sports,Male,3.75,7.5
4725,180,MOBILE WEB,40,Sun,14,0,drink,sports,Female,7.5,11.25
4726,227,MOBILE WEB,30,Sun,23,0,education,drama,Female,7.5,11.25
4727,112,MOBILE WEB,50,Sat,22,1,corporation,sports,Male,11.25,15
4728,72,MOBILE WEB,20,Wed,12,1,drink,sports,Male,11.25,15
4729,197,MOBILE WEB,30,Thu,6,0,drink,entertainment,Male,3.75,7.5
4730,116,MOBILE WEB,50,Sat,17,0,drink,sports,Male,3.75,7.5
4731,430,MOBILE WEB,40,Tue,15,0,drink,sports,Male,3.75,7.5
4732,264,PC WEB,40,Thu,22,0,drink,entertainment,Male,3.75,7.5
4733,175,MOBILE WEB,20,Sat,23,0,education,drama,Female,3.75,7.5
4734,374,MOBILE WEB,40,Fri,22,0,food,entertainment,Male,3.75,7.5
4735,66,MOBILE WEB,30,Thu,21,1,health_food,drama,Male,11.25,15
4736,99,MOBILE WEB,40,Thu,13,0,food,sports,Female,3.75,7.5
4737,116,MOBILE WEB,40,Thu,14,0,drink,sports,Male,3.75,7.5
4738,61,MOBILE WEB,20,Thu,8,0,corporation,sports,Male,0,3.75
4739,73,MOBILE WEB,40,Sun,21,0,movie,drama,Female,3.75,7.5
4740,262,MOBILE WEB,10,Wed,7,0,movie,information,Male,3.75,7.5
4741,202,MOBILE WEB,40,Sat,0,0,drink,drama,Male,0,3.75
4742,230,MOBILE WEB,30,Sun,14,0,health_food,drama,Female,0,3.75
4743,310,MOBILE WEB,30,Sun,1,0,health_food,music,Male,0,3.75
4744,443,MOBILE WEB,30,Fri,16,0,electronics,entertainment,Male,3.75,7.5
4745,115,MOBILE WEB,30,Mon,8,0,corporation,sports,Male,3.75,7.5
4746,152,MOBILE APP,20,Mon,22,1,food,entertainment,Female,11.25,15
4747,112,MOBILE WEB,30,Tue,20,0,food,entertainment,Female,3.75,7.5
4748,190,MOBILE WEB,20,Sun,21,0,food,entertainment,Female,3.75,7.5
4749,139,PC WEB,20,Tue,13,0,movie,music,Female,7.5,11.25
4750,215,MOBILE WEB,30,Mon,22,0,drink,music,Female,7.5,11.25
4751,726,MOBILE WEB,40,Sat,19,0,drink,sports,Male,3.75,7.5
4752,161,MOBILE WEB,20,Sat,3,0,drink,entertainment,Female,7.5,11.25
4753,105,MOBILE WEB,20,Fri,19,0,food,drama,Female,7.5,11.25
4754,136,MOBILE WEB,20,Mon,22,0,drink,drama,Female,3.75,7.5
4755,113,MOBILE WEB,40,Sat,22,1,education,entertainment,Male,11.25,15
4756,175,MOBILE WEB,20,Sat,16,1,food,drama,Male,11.25,15
4757,156,MOBILE WEB,40,Mon,23,0,drink,drama,Female,7.5,11.25
4758,125,MOBILE WEB,50,Mon,21,0,drink,sports,Male,11.25,15
4759,88,MOBILE WEB,30,Sat,13,0,corporation,sports,Male,3.75,7.5
4760,213,MOBILE WEB,20,Wed,13,0,drink,sports,Male,3.75,7.5
4761,101,MOBILE WEB,30,Sat,12,1,corporation,sports,Female,11.25,15
4762,121,MOBILE WEB,40,Thu,19,0,drink,entertainment,Female,0,3.75
4763,100,MOBILE WEB,20,Wed,0,0,movie,entertainment,Male,3.75,7.5
4764,68,MOBILE WEB,30,Fri,1,0,medicine,drama,Female,3.75,7.5
4765,80,MOBILE WEB,20,Fri,20,1,woman,entertainment,Female,11.25,15
4766,206,MOBILE WEB,40,Tue,14,0,drink,entertainment,Female,3.75,7.5
4767,65,PC WEB,40,Tue,14,0,corporation,sports,Male,3.75,7.5
4768,173,PC WEB,40,Wed,18,0,food,entertainment,Female,3.75,7.5
4769,90,MOBILE WEB,50,Thu,19,0,education,drama,Male,11.25,15
4770,162,MOBILE WEB,30,Fri,9,0,woman,entertainment,Female,7.5,11.25
4771,172,MOBILE WEB,20,Sat,8,0,food,entertainment,Female,3.75,7.5
4772,67,MOBILE WEB,30,Tue,14,1,drink,sports,Male,11.25,15
4773,158,MOBILE WEB,40,Sun,20,1,movie,drama,Female,11.25,15
4774,130,MOBILE WEB,40,Fri,8,0,electronics,entertainment,Female,3.75,7.5
4775,85,MOBILE WEB,40,Sat,23,0,electronics,drama,Female,7.5,11.25
4776,68,MOBILE WEB,20,Fri,12,0,drink,sports,Male,3.75,7.5
4777,123,MOBILE WEB,50,Mon,22,1,health_food,entertainment,Female,11.25,15
4778,84,MOBILE WEB,30,Sun,18,0,food,entertainment,Male,3.75,7.5
4779,139,MOBILE APP,40,Sat,13,0,government,entertainment,Female,7.5,11.25
4780,173,MOBILE WEB,40,Fri,21,0,education,drama,Female,3.75,7.5
4781,204,MOBILE WEB,30,Sat,9,0,education,entertainment,Female,0,3.75
4782,202,MOBILE WEB,40,Thu,1,1,drink,drama,Female,11.25,15
4783,160,MOBILE WEB,40,Sat,7,0,government,entertainment,Female,3.75,7.5
4784,215,MOBILE WEB,30,Thu,23,1,movie,drama,Female,11.25,15
4785,160,MOBILE APP,20,Sun,16,0,education,entertainment,Female,3.75,7.5
4786,145,MOBILE WEB,30,Sun,8,0,drink,drama,Female,3.75,7.5
4787,161,MOBILE WEB,50,Fri,16,0,drink,sports,Female,3.75,7.5
4788,430,MOBILE WEB,40,Tue,18,0,drink,sports,Male,3.75,7.5
4789,196,MOBILE WEB,40,Tue,8,0,food,entertainment,Female,3.75,7.5
4790,210,MOBILE WEB,60,Mon,9,0,corporation,sports,Male,3.75,7.5
4791,65,PC WEB,40,Tue,11,1,drink,sports,Male,11.25,15
4792,125,PC WEB,50,Mon,23,0,drink,sports,Male,3.75,7.5
4793,688,MOBILE WEB,50,Sat,8,0,corporation,sports,Male,0,3.75
4794,64,MOBILE WEB,50,Tue,12,0,drink,sports,Male,3.75,7.5
4795,202,MOBILE WEB,30,Tue,16,1,food,entertainment,Female,11.25,15
4796,122,MOBILE WEB,20,Fri,15,0,food,entertainment,Male,0,3.75
4797,61,MOBILE WEB,40,Sun,11,1,drink,sports,Male,11.25,15
4798,82,MOBILE WEB,60,Sun,12,0,food,entertainment,Female,3.75,7.5
4799,217,MOBILE WEB,40,Sat,22,0,health_food,entertainment,Female,7.5,11.25
4800,65,MOBILE WEB,20,Tue,14,0,drink,sports,Male,0,3.75
4801,195,MOBILE WEB,40,Wed,15,1,drink,sports,Male,11.25,15
4802,565,MOBILE WEB,30,Sat,9,0,drink,sports,Male,0,3.75
4803,112,MOBILE WEB,40,Sat,16,1,drink,sports,Male,11.25,15
4804,158,MOBILE WEB,30,Sat,2,0,electronics,entertainment,Female,7.5,11.25
4805,76,MOBILE WEB,40,Fri,18,0,food,entertainment,Female,7.5,11.25
4806,470,MOBILE WEB,30,Tue,12,0,electronics,entertainment,Male,3.75,7.5
4807,115,MOBILE WEB,30,Fri,11,0,drink,sports,Male,3.75,7.5
4808,233,MOBILE WEB,10,Sun,13,0,education,entertainment,Female,3.75,7.5
4809,154,MOBILE WEB,30,Mon,7,1,electronics,entertainment,Female,11.25,15
4810,203,MOBILE WEB,30,Mon,23,0,education,drama,Female,3.75,7.5
4811,116,MOBILE WEB,40,Sat,19,1,drink,sports,Male,11.25,15
4812,113,MOBILE WEB,10,Fri,13,0,medicine,entertainment,Female,11.25,15
4813,184,MOBILE WEB,20,Fri,9,0,health_food,entertainment,Female,3.75,7.5
4814,102,MOBILE WEB,40,Sun,13,0,food,drama,Female,11.25,15
4815,237,MOBILE WEB,30,Sun,17,0,drink,entertainment,Female,3.75,7.5
4816,100,MOBILE WEB,20,Sat,16,1,drink,sports,Male,11.25,15
4817,133,MOBILE WEB,10,Wed,17,0,health_food,entertainment,Male,3.75,7.5
4818,175,MOBILE APP,20,Fri,0,0,corporation,entertainment,Female,0,3.75
4819,154,MOBILE WEB,40,Sat,13,0,drink,sports,Male,0,3.75
4820,67,MOBILE WEB,30,Tue,15,1,drink,sports,Male,11.25,15
4821,225,PC WEB,30,Thu,18,0,corporation,sports,Male,0,3.75
4822,123,MOBILE WEB,30,Sun,22,0,drink,current_affairs,Female,3.75,7.5
4823,67,MOBILE WEB,40,Tue,16,1,drink,sports,Male,11.25,15
4824,152,MOBILE WEB,30,Wed,10,0,health_food,drama,Female,3.75,7.5
4825,157,MOBILE WEB,40,Sun,23,0,electronics,entertainment,Female,3.75,7.5
4826,145,MOBILE WEB,30,Thu,19,0,drink,entertainment,Female,3.75,7.5
4827,787,MOBILE WEB,60,Mon,20,0,drink,sports,Male,3.75,7.5
4828,746,MOBILE WEB,30,Sat,8,0,corporation,sports,Male,7.5,11.25
4829,786,MOBILE WEB,20,Sat,16,0,drink,sports,Male,7.5,11.25
4830,164,MOBILE APP,20,Sat,6,0,drink,entertainment,Female,3.75,7.5
4831,147,MOBILE WEB,10,Fri,17,0,drink,entertainment,Female,3.75,7.5
4832,149,MOBILE WEB,50,Mon,0,1,health_food,drama,Female,11.25,15
4833,61,MOBILE WEB,40,Thu,8,1,drink,sports,Male,11.25,15
4834,213,MOBILE WEB,30,Wed,10,0,drink,sports,Female,7.5,11.25
4835,67,MOBILE WEB,40,Sun,10,0,food,sports,Male,3.75,7.5
4836,158,MOBILE WEB,40,Mon,12,0,government,entertainment,Female,7.5,11.25
4837,627,MOBILE WEB,30,Sat,19,1,drink,sports,Male,11.25,15
4838,255,MOBILE APP,20,Sat,11,0,health_food,entertainment,Female,3.75,7.5
4839,119,MOBILE WEB,30,Fri,20,0,corporation,sports,Male,3.75,7.5
4840,206,MOBILE WEB,20,Thu,19,0,health_food,sports,Male,3.75,7.5
4841,134,PC WEB,40,Wed,11,0,drink,sports,Male,3.75,7.5
4842,143,MOBILE APP,10,Wed,23,0,drink,entertainment,Female,0,3.75
4843,651,MOBILE WEB,20,Sat,16,1,drink,sports,Male,11.25,15
4844,65,MOBILE WEB,40,Thu,23,0,drink,sports,Male,3.75,7.5
4845,223,MOBILE WEB,30,Tue,9,0,food,entertainment,Female,7.5,11.25
4846,186,MOBILE WEB,40,Sat,19,0,education,drama,Female,3.75,7.5
4847,135,MOBILE WEB,20,Thu,21,0,government,entertainment,Female,3.75,7.5
4848,264,MOBILE APP,10,Thu,21,0,health_food,music,Female,7.5,11.25
4849,121,MOBILE WEB,40,Sun,19,1,drink,sports,Male,11.25,15
4850,96,MOBILE WEB,20,Sun,13,0,food,information,Female,3.75,7.5
4851,188,MOBILE WEB,10,Mon,7,0,medicine,drama,Female,0,3.75
4852,172,MOBILE WEB,40,Wed,0,0,pet,information,Female,3.75,7.5
4853,81,MOBILE WEB,40,Sun,21,0,food,current_affairs,Female,3.75,7.5
4854,164,MOBILE WEB,30,Fri,11,0,drink,sports,Male,3.75,7.5
4855,125,MOBILE WEB,60,Thu,15,0,drink,sports,Male,0,3.75
4856,67,PC WEB,30,Tue,13,1,drink,sports,Female,11.25,15
4857,109,MOBILE WEB,30,Sat,23,0,drink,entertainment,Male,3.75,7.5
4858,166,MOBILE WEB,50,Tue,17,1,government,drama,Female,11.25,15
4859,93,PC WEB,40,Thu,8,0,movie,entertainment,Male,0,3.75
4860,786,MOBILE WEB,30,Sat,19,0,corporation,sports,Male,3.75,7.5
4861,153,MOBILE WEB,50,Tue,7,1,movie,drama,Female,11.25,15
4862,240,MOBILE WEB,40,Fri,16,1,food,information,Female,11.25,15
4863,158,MOBILE WEB,20,Sat,21,0,health_food,entertainment,Female,3.75,7.5
4864,122,MOBILE WEB,20,Tue,17,0,food,entertainment,Female,3.75,7.5
4865,72,MOBILE WEB,30,Wed,16,0,drink,sports,Male,7.5,11.25
4866,64,MOBILE WEB,30,Tue,18,0,pet,sports,Male,3.75,7.5
4867,218,MOBILE WEB,40,Thu,17,0,food,entertainment,Male,3.75,7.5
4868,64,MOBILE WEB,50,Tue,11,0,drink,sports,Male,3.75,7.5
4869,189,MOBILE WEB,40,Sun,14,1,drink,sports,Male,11.25,15
4870,189,MOBILE WEB,40,Fri,18,0,electronics,entertainment,Female,3.75,7.5
4871,262,MOBILE WEB,40,Mon,21,0,medicine,drama,Female,3.75,7.5
4872,62,MOBILE WEB,40,Mon,21,0,drink,sports,Male,3.75,7.5
4873,198,PC WEB,40,Tue,14,0,government,drama,Male,7.5,11.25
4874,382,MOBILE WEB,10,Sun,21,0,government,music,Male,3.75,7.5
4875,131,MOBILE WEB,40,Wed,16,1,drink,sports,Male,11.25,15
4876,273,PC WEB,50,Wed,11,0,medicine,entertainment,Female,3.75,7.5
4877,627,MOBILE WEB,20,Sat,17,1,drink,sports,Male,11.25,15
4878,142,MOBILE WEB,10,Sat,15,0,education,entertainment,Female,3.75,7.5
4879,116,MOBILE APP,30,Sun,18,1,movie,entertainment,Female,11.25,15
4880,228,MOBILE WEB,10,Tue,3,1,movie,entertainment,Female,11.25,15
4881,154,MOBILE WEB,50,Sat,13,0,drink,sports,Male,0,3.75
4882,302,MOBILE WEB,40,Fri,20,0,education,drama,Female,3.75,7.5
4883,420,MOBILE WEB,30,Sat,10,0,food,entertainment,Female,7.5,11.25
4884,259,MOBILE WEB,20,Thu,14,0,pet,entertainment,Female,0,3.75
4885,131,MOBILE WEB,20,Thu,14,0,health_food,drama,Female,11.25,15
4886,158,MOBILE WEB,30,Sat,11,0,food,entertainment,Female,0,3.75
4887,732,MOBILE WEB,40,Wed,16,0,corporation,sports,Female,3.75,7.5
4888,139,PC WEB,10,Fri,2,0,movie,drama,Female,7.5,11.25
4889,61,MOBILE WEB,40,Thu,5,1,drink,sports,Male,11.25,15
4890,64,MOBILE WEB,60,Sun,22,0,corporation,sports,Female,3.75,7.5
4891,94,MOBILE WEB,30,Fri,0,0,medicine,drama,Female,7.5,11.25
4892,78,MOBILE WEB,20,Fri,13,0,education,entertainment,Female,7.5,11.25
4893,86,MOBILE WEB,30,Mon,8,0,drink,sports,Male,3.75,7.5
4894,72,MOBILE WEB,30,Wed,12,1,drink,sports,Male,11.25,15
4895,71,MOBILE WEB,50,Thu,15,1,food,sports,Male,11.25,15
4896,81,MOBILE WEB,30,Sat,10,0,government,sports,Male,3.75,7.5
4897,98,MOBILE WEB,30,Fri,12,1,food,drama,Female,11.25,15
4898,106,MOBILE WEB,30,Wed,23,0,movie,drama,Female,3.75,7.5
4899,175,PC WEB,40,Tue,9,1,medicine,drama,Male,11.25,15
4900,251,MOBILE WEB,30,Sun,19,0,health_food,entertainment,Female,0,3.75
4901,227,MOBILE WEB,30,Mon,23,0,drink,entertainment,Male,3.75,7.5
4902,116,MOBILE APP,20,Sun,21,1,education,entertainment,Female,11.25,15
4903,135,MOBILE WEB,40,Mon,19,1,drink,entertainment,Male,11.25,15
4904,190,MOBILE WEB,40,Sat,10,1,pet,entertainment,Female,11.25,15
4905,119,MOBILE WEB,50,Tue,7,0,drink,drama,Female,3.75,7.5
4906,224,MOBILE WEB,20,Sat,3,0,food,entertainment,Male,7.5,11.25
4907,81,MOBILE APP,10,Mon,23,1,food,entertainment,Female,11.25,15
4908,238,MOBILE WEB,20,Thu,1,0,food,drama,Female,3.75,7.5
4909,131,MOBILE WEB,30,Wed,17,1,drink,sports,Male,11.25,15
4910,84,MOBILE WEB,40,Sat,16,0,corporation,sports,Male,3.75,7.5
4911,64,PC WEB,20,Fri,16,1,drink,sports,Male,11.25,15
4912,65,MOBILE WEB,30,Tue,18,0,government,sports,Male,3.75,7.5
4913,177,MOBILE WEB,20,Sat,17,0,education,music,Female,3.75,7.5
4914,193,MOBILE WEB,20,Sat,0,0,pet,drama,Female,3.75,7.5
4915,98,MOBILE WEB,50,Sat,14,1,corporation,sports,Male,11.25,15
4916,156,MOBILE WEB,30,Tue,11,1,health_food,drama,Female,11.25,15
4917,161,MOBILE WEB,40,Sat,13,0,drink,sports,Male,3.75,7.5
4918,121,MOBILE WEB,10,Sat,23,0,food,entertainment,Female,3.75,7.5
4919,153,MOBILE WEB,30,Fri,7,1,drink,entertainment,Male,11.25,15
4920,163,MOBILE WEB,30,Mon,23,0,drink,entertainment,Female,0,3.75
4921,232,MOBILE WEB,30,Fri,7,0,drink,drama,Female,3.75,7.5
4922,206,MOBILE WEB,40,Fri,20,0,food,information,Female,3.75,7.5
4923,161,MOBILE WEB,40,Wed,9,0,food,entertainment,Female,3.75,7.5
4924,184,MOBILE WEB,30,Thu,19,0,food,drama,Female,3.75,7.5
4925,201,MOBILE WEB,40,Sun,12,0,government,drama,Female,3.75,7.5
4926,419,PC WEB,50,Tue,16,0,drink,sports,Male,3.75,7.5
4927,116,MOBILE WEB,60,Sat,20,0,corporation,sports,Male,3.75,7.5
4928,210,MOBILE APP,20,Thu,11,0,woman,drama,Female,0,3.75
4929,62,PC WEB,10,Mon,17,1,government,current_affairs,Female,11.25,15
4930,61,PC WEB,30,Wed,11,1,drink,sports,Male,11.25,15
4931,129,MOBILE WEB,20,Thu,18,0,health_food,entertainment,Female,3.75,7.5
4932,160,MOBILE WEB,50,Mon,14,0,finance,sports,Male,3.75,7.5
4933,84,MOBILE WEB,40,Sat,14,0,drink,sports,Male,3.75,7.5
4934,540,MOBILE WEB,40,Fri,14,0,corporation,sports,Male,3.75,7.5
4935,131,MOBILE WEB,20,Wed,18,1,drink,sports,Male,11.25,15
4936,67,MOBILE WEB,40,Tue,13,0,corporation,sports,Male,3.75,7.5
4937,185,MOBILE WEB,50,Mon,20,0,electronics,entertainment,Female,11.25,15
4938,134,MOBILE WEB,20,Sun,13,0,electronics,entertainment,Female,7.5,11.25
4939,228,MOBILE WEB,30,Sun,18,0,government,drama,Female,0,3.75
4940,101,MOBILE WEB,50,Mon,9,0,drink,sports,Male,0,3.75
4941,99,MOBILE WEB,20,Mon,17,0,health_food,entertainment,Male,11.25,15
4942,105,MOBILE WEB,30,Sun,8,1,drink,sports,Male,11.25,15
4943,99,MOBILE WEB,20,Thu,17,0,health_food,sports,Male,3.75,7.5
4944,653,MOBILE WEB,20,Mon,15,0,health_food,entertainment,Female,3.75,7.5
4945,239,MOBILE WEB,30,Sat,13,0,movie,music,Male,3.75,7.5
4946,67,PC WEB,40,Tue,17,0,corporation,sports,Male,3.75,7.5
4947,101,MOBILE WEB,30,Sat,12,0,drink,sports,Male,3.75,7.5
4948,65,PC WEB,20,Mon,12,1,drink,sports,Male,11.25,15
4949,160,MOBILE WEB,20,Fri,18,0,education,drama,Male,3.75,7.5
4950,236,MOBILE WEB,30,Thu,23,0,drink,entertainment,Male,3.75,7.5
4951,289,PC WEB,20,Tue,10,1,medicine,drama,Male,11.25,15
4952,349,MOBILE WEB,60,Tue,8,1,drink,sports,Male,11.25,15
4953,171,MOBILE WEB,40,Sat,15,0,government,entertainment,Female,0,3.75
4954,216,MOBILE WEB,40,Mon,8,1,food,entertainment,Female,11.25,15
4955,101,MOBILE WEB,40,Sat,8,1,drink,sports,Male,11.25,15
4956,311,MOBILE WEB,10,Sun,17,0,health_food,music,Female,3.75,7.5
4957,153,MOBILE WEB,20,Mon,21,0,electronics,entertainment,Female,3.75,7.5
4958,175,MOBILE WEB,50,Tue,0,0,drink,entertainment,Female,3.75,7.5
4959,158,MOBILE WEB,20,Fri,23,1,food,entertainment,Female,11.25,15
4960,184,MOBILE WEB,20,Thu,17,0,food,entertainment,Male,3.75,7.5
4961,64,MOBILE WEB,40,Tue,11,1,drink,sports,Male,11.25,15
4962,73,MOBILE WEB,40,Thu,21,0,movie,sports,Male,7.5,11.25
4963,133,MOBILE WEB,50,Sat,16,1,movie,entertainment,Female,11.25,15
4964,786,MOBILE WEB,50,Sat,15,1,drink,sports,Male,11.25,15
4965,66,MOBILE WEB,50,Mon,15,1,drink,sports,Female,11.25,15
4966,197,MOBILE WEB,30,Sat,14,0,drink,entertainment,Female,0,3.75
4967,93,PC WEB,30,Thu,13,0,drink,sports,Male,3.75,7.5
4968,160,MOBILE APP,20,Fri,19,0,food,entertainment,Female,3.75,7.5
4969,157,MOBILE WEB,30,Thu,21,0,pet,information,Female,3.75,7.5
4970,206,MOBILE WEB,50,Thu,14,0,drink,sports,Male,3.75,7.5
4971,83,MOBILE WEB,30,Sat,14,1,drink,sports,Male,11.25,15
4972,153,MOBILE WEB,30,Fri,9,0,drink,entertainment,Female,3.75,7.5
4973,124,MOBILE WEB,10,Sat,13,0,movie,entertainment,Female,0,3.75
4974,597,MOBILE WEB,40,Sat,12,1,drink,sports,Male,11.25,15
4975,163,MOBILE WEB,40,Sat,6,0,medicine,drama,Female,3.75,7.5
4976,186,MOBILE WEB,40,Thu,17,0,food,entertainment,Male,7.5,11.25
4977,205,PC WEB,10,Tue,17,0,drink,entertainment,Female,7.5,11.25
4978,118,MOBILE WEB,40,Fri,8,1,drink,sports,Male,11.25,15
4979,167,MOBILE WEB,30,Tue,9,0,electronics,drama,Female,3.75,7.5
4980,88,MOBILE WEB,40,Sat,14,0,drink,sports,Male,3.75,7.5
4981,154,MOBILE WEB,40,Thu,14,0,government,entertainment,Male,0,3.75
4982,154,MOBILE WEB,50,Sat,13,1,drink,sports,Male,11.25,15
4983,340,MOBILE WEB,20,Mon,7,0,medicine,drama,Female,3.75,7.5
4984,145,MOBILE WEB,20,Tue,21,0,government,entertainment,Female,3.75,7.5
4985,196,MOBILE WEB,30,Wed,22,1,drink,entertainment,Female,11.25,15
4986,91,PC WEB,30,Fri,15,0,corporation,sports,Male,3.75,7.5
4987,249,MOBILE APP,10,Fri,1,0,medicine,entertainment,Female,3.75,7.5
4988,314,MOBILE WEB,20,Sat,18,0,drink,music,Male,3.75,7.5
4989,99,MOBILE APP,10,Wed,7,0,health_food,entertainment,Male,0,3.75
4990,61,MOBILE WEB,50,Fri,12,0,woman,sports,Female,7.5,11.25
4991,116,MOBILE WEB,30,Mon,19,0,drink,sports,Male,3.75,7.5
4992,101,MOBILE WEB,30,Sat,14,0,drink,sports,Male,3.75,7.5
4993,63,MOBILE WEB,10,Mon,12,0,drink,sports,Male,3.75,7.5
4994,443,MOBILE WEB,40,Sat,10,0,drink,entertainment,Female,3.75,7.5
4995,116,MOBILE WEB,30,Thu,15,0,drink,sports,Male,3.75,7.5
4996,118,MOBILE WEB,40,Wed,9,0,corporation,sports,Male,3.75,7.5
4997,141,MOBILE WEB,40,Sun,9,0,food,entertainment,Male,3.75,7.5
4998,189,MOBILE WEB,10,Sun,11,1,education,entertainment,Female,11.25,15
4999,109,MOBILE WEB,10,Sat,2,0,medicine,entertainment,Female,3.75,7.5
5000,189,MOBILE WEB,10,Wed,22,1,food,entertainment,Female,11.25,15
5001,101,MOBILE WEB,20,Sat,12,0,drink,sports,Male,7.5,11.25
5002,132,PC WEB,40,Sun,19,0,food,entertainment,Male,3.75,7.5
5003,235,PC WEB,10,Wed,16,0,pet,entertainment,Female,7.5,11.25
5004,64,MOBILE WEB,40,Tue,13,0,drink,sports,Male,3.75,7.5
5005,238,MOBILE WEB,30,Fri,9,1,movie,drama,Female,11.25,15
5006,81,MOBILE WEB,30,Tue,11,0,corporation,sports,Male,3.75,7.5
5007,169,MOBILE WEB,40,Tue,23,0,electronics,drama,Female,0,3.75
5008,190,MOBILE APP,10,Mon,20,0,drink,entertainment,Female,7.5,11.25
5009,193,MOBILE WEB,10,Sun,13,0,food,entertainment,Male,3.75,7.5
5010,147,MOBILE WEB,50,Sun,14,0,woman,entertainment,Male,3.75,7.5
5011,195,MOBILE WEB,20,Tue,12,0,food,entertainment,Female,3.75,7.5
5012,79,MOBILE WEB,50,Fri,12,0,health_food,entertainment,Female,3.75,7.5
5013,191,MOBILE WEB,30,Mon,23,1,drink,drama,Female,11.25,15
5014,83,MOBILE WEB,30,Thu,18,1,health_food,sports,Male,11.25,15
5015,133,MOBILE WEB,10,Wed,22,0,food,entertainment,Female,3.75,7.5
5016,82,MOBILE WEB,20,Mon,19,0,electronics,drama,Female,3.75,7.5
5017,114,MOBILE WEB,40,Thu,19,0,electronics,entertainment,Female,3.75,7.5
5018,151,MOBILE WEB,40,Sat,23,0,movie,entertainment,Female,7.5,11.25
5019,110,MOBILE WEB,40,Wed,13,0,corporation,entertainment,Male,3.75,7.5
5020,168,MOBILE WEB,30,Tue,22,0,food,drama,Female,7.5,11.25
5021,60,MOBILE WEB,40,Sat,13,1,drink,sports,Male,11.25,15
5022,132,MOBILE APP,40,Sun,2,0,food,entertainment,Male,3.75,7.5
5023,202,MOBILE APP,20,Thu,10,0,medicine,entertainment,Female,3.75,7.5
5024,132,MOBILE WEB,30,Mon,23,1,drink,drama,Female,11.25,15
5025,150,MOBILE WEB,30,Mon,23,0,food,drama,Female,11.25,15
5026,103,MOBILE WEB,30,Fri,20,0,food,sports,Male,7.5,11.25
5027,125,MOBILE WEB,30,Sat,1,1,drink,entertainment,Male,11.25,15
5028,72,MOBILE WEB,30,Wed,14,0,corporation,sports,Male,3.75,7.5
5029,202,MOBILE WEB,40,Sun,7,0,health_food,drama,Male,3.75,7.5
5030,225,MOBILE WEB,40,Fri,21,0,education,drama,Male,3.75,7.5
5031,127,MOBILE APP,20,Sat,1,0,pet,entertainment,Female,3.75,7.5
5032,96,MOBILE WEB,10,Wed,5,0,health_food,drama,Male,3.75,7.5
5033,101,MOBILE WEB,30,Sat,12,0,government,sports,Male,3.75,7.5
5034,64,PC WEB,40,Mon,13,0,drink,sports,Male,3.75,7.5
5035,111,MOBILE WEB,30,Tue,23,0,pet,drama,Female,3.75,7.5
5036,240,MOBILE WEB,40,Mon,7,0,health_food,entertainment,Female,3.75,7.5
5037,104,MOBILE WEB,40,Sat,21,0,food,music,Male,0,3.75
5038,330,MOBILE WEB,30,Sat,13,0,food,entertainment,Female,7.5,11.25
5039,132,MOBILE WEB,40,Fri,23,1,drink,drama,Female,11.25,15
5040,66,MOBILE WEB,30,Sun,17,0,food,sports,Male,3.75,7.5
5041,175,MOBILE WEB,10,Fri,19,0,food,entertainment,Male,3.75,7.5
5042,218,MOBILE APP,20,Sun,20,0,drink,music,Female,3.75,7.5
5043,154,MOBILE WEB,20,Thu,8,0,drink,entertainment,Male,3.75,7.5
5044,132,MOBILE WEB,30,Thu,21,0,movie,entertainment,Female,3.75,7.5
5045,136,MOBILE WEB,30,Sun,17,0,health_food,drama,Female,0,3.75
5046,94,MOBILE WEB,40,Fri,6,0,medicine,drama,Female,3.75,7.5
5047,627,MOBILE WEB,30,Sat,18,1,drink,sports,Male,11.25,15
5048,62,MOBILE WEB,20,Sun,16,0,health_food,drama,Female,7.5,11.25
5049,171,MOBILE WEB,60,Fri,8,0,health_food,entertainment,Female,3.75,7.5
5050,118,MOBILE WEB,50,Sun,19,0,food,entertainment,Female,0,3.75
5051,89,MOBILE WEB,30,Fri,12,0,food,sports,Male,7.5,11.25
5052,145,MOBILE WEB,40,Fri,9,0,pet,drama,Male,11.25,15
5053,66,PC WEB,40,Sun,13,0,drink,sports,Male,0,3.75
5054,83,MOBILE WEB,40,Sat,7,0,corporation,sports,Male,3.75,7.5
5055,318,MOBILE WEB,50,Wed,21,0,pet,current_affairs,Male,3.75,7.5
5056,237,MOBILE WEB,60,Sat,16,1,drink,sports,Female,11.25,15
5057,167,MOBILE WEB,30,Sat,5,0,drink,entertainment,Male,3.75,7.5
5058,311,MOBILE WEB,30,Wed,11,0,health_food,music,Male,3.75,7.5
5059,67,MOBILE WEB,30,Tue,14,1,corporation,sports,Male,11.25,15
5060,92,MOBILE WEB,30,Sun,0,0,food,entertainment,Female,3.75,7.5
5061,237,MOBILE WEB,40,Sat,18,1,drink,sports,Male,11.25,15
5062,232,MOBILE WEB,10,Tue,14,0,drink,entertainment,Female,0,3.75
5063,73,MOBILE WEB,50,Wed,14,0,drink,sports,Male,3.75,7.5
5064,156,MOBILE WEB,40,Sun,20,0,food,entertainment,Female,7.5,11.25
5065,174,MOBILE WEB,30,Fri,16,0,movie,entertainment,Female,11.25,15
5066,94,MOBILE WEB,40,Wed,12,0,movie,current_affairs,Male,7.5,11.25
5067,119,MOBILE WEB,60,Tue,18,0,finance,entertainment,Female,11.25,15
5068,65,MOBILE WEB,50,Sun,10,1,drink,sports,Male,11.25,15
5069,129,MOBILE WEB,10,Thu,13,0,drink,entertainment,Female,0,3.75
5070,131,MOBILE WEB,10,Wed,17,1,drink,sports,Male,11.25,15
5071,143,MOBILE WEB,30,Fri,11,0,government,sports,Male,3.75,7.5
5072,156,MOBILE WEB,10,Tue,17,0,finance,entertainment,Female,11.25,15
5073,82,MOBILE WEB,30,Mon,12,0,government,entertainment,Male,7.5,11.25
5074,204,MOBILE WEB,20,Sat,21,0,food,entertainment,Male,3.75,7.5
5075,145,MOBILE APP,20,Tue,18,0,drink,entertainment,Female,7.5,11.25
5076,179,MOBILE WEB,30,Thu,18,0,food,entertainment,Female,7.5,11.25
5077,116,MOBILE WEB,30,Thu,14,0,food,information,Female,3.75,7.5
5078,67,MOBILE WEB,40,Sun,10,0,food,sports,Male,3.75,7.5
5079,144,MOBILE WEB,40,Fri,10,0,drink,entertainment,Female,3.75,7.5
5080,60,MOBILE WEB,40,Sat,20,0,corporation,sports,Male,3.75,7.5
5081,232,MOBILE WEB,10,Fri,23,0,government,entertainment,Female,3.75,7.5
5082,211,MOBILE WEB,20,Wed,21,0,food,entertainment,Female,3.75,7.5
5083,138,MOBILE WEB,30,Wed,15,0,drink,sports,Male,3.75,7.5
5084,97,MOBILE WEB,40,Wed,11,0,drink,sports,Male,7.5,11.25
5085,96,PC WEB,30,Wed,23,0,corporation,sports,Male,7.5,11.25
5086,229,MOBILE WEB,40,Mon,8,0,electronics,entertainment,Female,3.75,7.5
5087,720,MOBILE WEB,30,Tue,20,1,drink,sports,Male,11.25,15
5088,196,MOBILE WEB,30,Tue,8,0,health_food,entertainment,Female,7.5,11.25
5089,152,MOBILE WEB,30,Tue,9,0,health_food,entertainment,Male,3.75,7.5
5090,155,MOBILE APP,20,Mon,22,1,health_food,drama,Male,11.25,15
5091,142,MOBILE WEB,30,Fri,0,0,drink,entertainment,Female,0,3.75
5092,179,MOBILE WEB,40,Mon,13,0,health_food,entertainment,Female,3.75,7.5
5093,171,MOBILE WEB,30,Fri,21,0,medicine,entertainment,Female,7.5,11.25
5094,196,MOBILE WEB,30,Tue,14,0,health_food,entertainment,Female,3.75,7.5
5095,196,MOBILE WEB,20,Tue,8,0,pet,entertainment,Female,3.75,7.5
5096,89,MOBILE WEB,60,Tue,9,0,food,information,Female,7.5,11.25
5097,106,PC WEB,40,Mon,20,1,drink,sports,Male,11.25,15
5098,144,MOBILE WEB,20,Sat,15,0,drink,entertainment,Female,0,3.75
5099,340,MOBILE WEB,10,Sun,2,0,health_food,drama,Male,3.75,7.5
5100,97,MOBILE APP,10,Fri,0,0,medicine,entertainment,Female,3.75,7.5
5101,158,MOBILE WEB,10,Sat,10,0,food,drama,Female,0,3.75
5102,112,MOBILE WEB,30,Sat,14,0,corporation,sports,Male,7.5,11.25
5103,237,MOBILE WEB,40,Sun,17,1,drink,sports,Male,11.25,15
5104,182,MOBILE WEB,40,Sat,19,1,food,entertainment,Male,11.25,15
5105,216,MOBILE WEB,20,Tue,7,0,pet,entertainment,Female,3.75,7.5
5106,81,MOBILE WEB,10,Fri,11,0,food,entertainment,Female,3.75,7.5
5107,178,MOBILE WEB,20,Sat,0,0,food,drama,Female,3.75,7.5
5108,213,PC WEB,30,Sun,18,1,government,music,Male,11.25,15
5109,127,MOBILE WEB,10,Sat,1,0,education,entertainment,Female,3.75,7.5
5110,298,MOBILE WEB,40,Sun,14,0,health_food,entertainment,Female,3.75,7.5
5111,205,MOBILE WEB,30,Sat,13,0,drink,entertainment,Male,3.75,7.5
5112,164,MOBILE WEB,30,Sat,9,0,medicine,entertainment,Male,0,3.75
5113,68,MOBILE WEB,40,Fri,1,1,drink,entertainment,Female,11.25,15
5114,225,MOBILE WEB,40,Sun,19,0,drink,drama,Female,7.5,11.25
5115,64,MOBILE WEB,40,Tue,14,0,drink,sports,Male,3.75,7.5
5116,101,MOBILE WEB,40,Sat,12,0,drink,sports,Male,7.5,11.25
5117,181,MOBILE WEB,40,Tue,23,1,government,drama,Female,11.25,15
5118,61,MOBILE WEB,40,Tue,19,0,drink,sports,Male,3.75,7.5
5119,79,MOBILE WEB,10,Sat,0,0,pet,entertainment,Male,3.75,7.5
5120,184,MOBILE APP,20,Tue,0,0,movie,music,Female,7.5,11.25
5121,190,MOBILE APP,10,Sun,23,0,pet,entertainment,Female,0,3.75
5122,212,PC WEB,30,Mon,15,1,drink,sports,Male,11.25,15
5123,64,MOBILE WEB,40,Fri,8,1,corporation,sports,Male,11.25,15
5124,72,MOBILE WEB,20,Sun,1,0,movie,drama,Female,3.75,7.5
5125,99,MOBILE WEB,40,Fri,2,0,movie,drama,Female,3.75,7.5
5126,280,MOBILE WEB,30,Tue,2,0,movie,drama,Female,3.75,7.5
5127,182,MOBILE WEB,30,Tue,8,0,government,entertainment,Female,3.75,7.5
5128,237,MOBILE WEB,50,Sat,17,1,drink,sports,Male,11.25,15
5129,103,MOBILE APP,20,Wed,22,0,drink,entertainment,Male,7.5,11.25
5130,193,MOBILE WEB,40,Sun,20,1,woman,entertainment,Male,11.25,15
5131,112,MOBILE WEB,50,Sat,15,0,corporation,sports,Male,3.75,7.5
5132,97,PC WEB,40,Tue,12,0,drink,sports,Male,3.75,7.5
5133,63,MOBILE WEB,30,Fri,13,0,corporation,sports,Male,3.75,7.5
5134,145,MOBILE WEB,10,Mon,23,0,food,entertainment,Female,3.75,7.5
5135,204,MOBILE WEB,20,Sat,11,0,medicine,entertainment,Female,3.75,7.5
5136,205,MOBILE WEB,40,Sat,16,1,drink,sports,Male,11.25,15
5137,154,MOBILE WEB,40,Sat,13,1,drink,sports,Male,11.25,15
5138,99,MOBILE WEB,10,Thu,21,0,food,sports,Male,0,3.75
5139,244,MOBILE WEB,20,Fri,23,0,drink,entertainment,Female,3.75,7.5
5140,175,MOBILE APP,10,Tue,21,0,medicine,drama,Female,3.75,7.5
5141,760,MOBILE WEB,50,Mon,20,0,drink,entertainment,Female,0,3.75
5142,203,MOBILE WEB,50,Sat,11,1,health_food,entertainment,Male,11.25,15
5143,419,MOBILE WEB,20,Tue,11,0,drink,sports,Male,3.75,7.5
5144,101,MOBILE WEB,40,Sat,12,0,drink,sports,Male,3.75,7.5
5145,194,MOBILE WEB,40,Thu,0,0,government,entertainment,Female,0,3.75
5146,101,MOBILE WEB,50,Mon,9,0,corporation,sports,Male,3.75,7.5
5147,86,MOBILE WEB,30,Tue,12,0,corporation,sports,Male,3.75,7.5
5148,220,MOBILE WEB,30,Tue,11,1,drink,entertainment,Female,11.25,15
5149,265,MOBILE WEB,40,Thu,20,0,drink,entertainment,Female,3.75,7.5
5150,126,MOBILE WEB,40,Wed,13,0,medicine,drama,Female,7.5,11.25
5151,65,MOBILE WEB,60,Wed,11,1,corporation,sports,Male,11.25,15
5152,142,MOBILE WEB,40,Wed,20,0,electronics,entertainment,Female,3.75,7.5
5153,64,MOBILE WEB,30,Wed,11,0,drink,sports,Female,11.25,15
5154,116,MOBILE WEB,40,Thu,11,0,corporation,sports,Female,0,3.75
5155,97,MOBILE WEB,30,Fri,7,1,food,drama,Female,11.25,15
5156,195,MOBILE WEB,40,Wed,16,1,drink,sports,Male,11.25,15
5157,685,PC WEB,40,Mon,11,1,drink,sports,Male,11.25,15
5158,532,MOBILE WEB,20,Fri,17,0,health_food,sports,Male,7.5,11.25
5159,167,MOBILE WEB,30,Wed,10,1,drink,sports,Male,11.25,15
5160,81,MOBILE WEB,50,Sat,10,0,health_food,sports,Male,3.75,7.5
5161,197,MOBILE WEB,30,Tue,0,0,food,entertainment,Female,3.75,7.5
5162,140,MOBILE WEB,20,Wed,0,0,health_food,drama,Female,3.75,7.5
5163,67,MOBILE WEB,40,Tue,13,0,corporation,sports,Female,3.75,7.5
5164,149,MOBILE WEB,40,Sat,18,0,government,entertainment,Female,7.5,11.25
5165,188,MOBILE WEB,20,Fri,9,1,health_food,entertainment,Female,11.25,15
5166,71,MOBILE WEB,20,Mon,7,0,education,entertainment,Female,11.25,15
5167,112,MOBILE WEB,60,Sat,14,0,drink,sports,Male,7.5,11.25
5168,167,MOBILE WEB,30,Sun,11,0,drink,entertainment,Female,3.75,7.5
5169,163,MOBILE WEB,20,Wed,13,0,drink,sports,Male,3.75,7.5
5170,170,MOBILE WEB,30,Sat,8,0,health_food,entertainment,Female,3.75,7.5
5171,99,PC WEB,20,Thu,12,0,corporation,sports,Male,7.5,11.25
5172,232,MOBILE WEB,40,Sun,21,0,health_food,entertainment,Female,3.75,7.5
5173,323,PC WEB,10,Thu,22,0,education,entertainment,Female,0,3.75
5174,627,MOBILE WEB,20,Sat,15,1,drink,sports,Female,11.25,15
5175,208,MOBILE WEB,10,Tue,14,0,drink,entertainment,Female,0,3.75
5176,111,MOBILE WEB,30,Sat,13,0,government,drama,Female,3.75,7.5
5177,72,MOBILE WEB,30,Wed,13,0,corporation,sports,Male,3.75,7.5
5178,711,MOBILE WEB,30,Wed,17,0,corporation,sports,Male,3.75,7.5
5179,131,PC WEB,20,Fri,19,0,food,entertainment,Female,0,3.75
5180,100,MOBILE WEB,50,Sat,16,1,drink,sports,Male,11.25,15
5181,126,MOBILE WEB,40,Mon,8,0,health_food,entertainment,Female,3.75,7.5
5182,213,MOBILE WEB,50,Wed,10,0,health_food,sports,Male,3.75,7.5
5183,188,MOBILE WEB,40,Mon,7,0,movie,drama,Male,3.75,7.5
5184,127,MOBILE APP,20,Sat,0,0,woman,entertainment,Female,3.75,7.5
5185,142,MOBILE WEB,40,Sat,11,0,health_food,entertainment,Female,3.75,7.5
5186,177,MOBILE WEB,20,Mon,23,0,movie,entertainment,Female,3.75,7.5
5187,178,MOBILE WEB,20,Sun,18,0,movie,entertainment,Female,3.75,7.5
5188,73,MOBILE WEB,30,Mon,8,0,corporation,sports,Male,3.75,7.5
5189,108,MOBILE WEB,30,Sun,13,0,health_food,entertainment,Male,3.75,7.5
5190,173,MOBILE WEB,30,Mon,8,1,health_food,drama,Female,11.25,15
5191,204,MOBILE WEB,10,Tue,13,0,drink,entertainment,Female,3.75,7.5
5192,72,MOBILE WEB,30,Wed,13,1,drink,sports,Male,11.25,15
5193,295,MOBILE WEB,30,Fri,10,0,education,drama,Female,3.75,7.5
5194,213,MOBILE WEB,30,Wed,11,0,drink,sports,Male,3.75,7.5
5195,116,MOBILE WEB,30,Sat,19,1,drink,sports,Male,11.25,15
5196,134,MOBILE WEB,40,Thu,18,1,medicine,entertainment,Male,11.25,15
5197,121,MOBILE WEB,30,Sun,16,1,drink,sports,Male,11.25,15
5198,96,MOBILE WEB,40,Sat,23,0,movie,drama,Female,3.75,7.5
5199,101,MOBILE WEB,40,Thu,22,0,food,entertainment,Female,3.75,7.5
5200,152,MOBILE WEB,40,Mon,22,0,medicine,entertainment,Female,3.75,7.5
5201,123,MOBILE APP,10,Sun,2,0,food,music,Female,0,3.75
5202,213,MOBILE WEB,30,Wed,12,0,health_food,sports,Male,3.75,7.5
5203,78,MOBILE WEB,50,Sat,15,0,food,sports,Male,7.5,11.25
5204,136,MOBILE WEB,40,Thu,18,0,drink,drama,Female,3.75,7.5
5205,84,MOBILE APP,20,Thu,11,0,health_food,drama,Female,3.75,7.5
5206,81,MOBILE WEB,30,Sat,15,0,medicine,entertainment,Female,7.5,11.25
5207,318,MOBILE WEB,40,Sat,23,0,drink,music,Female,3.75,7.5
5208,80,MOBILE WEB,40,Fri,8,0,government,drama,Female,11.25,15
5209,627,MOBILE WEB,40,Sat,15,0,corporation,sports,Male,3.75,7.5
5210,145,MOBILE WEB,40,Sun,22,1,food,entertainment,Female,11.25,15
5211,175,MOBILE WEB,20,Mon,21,0,drink,drama,Female,3.75,7.5
5212,90,MOBILE WEB,40,Thu,19,0,health_food,drama,Male,3.75,7.5
5213,152,MOBILE WEB,30,Sat,10,0,drink,sports,Male,7.5,11.25
5214,231,MOBILE WEB,10,Sun,11,0,drink,entertainment,Female,3.75,7.5
5215,141,MOBILE WEB,30,Mon,0,0,medicine,drama,Female,3.75,7.5
5216,74,MOBILE WEB,10,Fri,14,0,corporation,sports,Male,3.75,7.5
5217,627,MOBILE WEB,30,Sat,16,1,drink,sports,Male,11.25,15
5218,118,PC WEB,10,Thu,0,0,drink,drama,Female,0,3.75
5219,151,MOBILE WEB,30,Mon,13,1,government,entertainment,Female,11.25,15
5220,206,MOBILE WEB,40,Thu,17,0,drink,sports,Male,3.75,7.5
5221,149,MOBILE WEB,30,Sat,10,0,drink,sports,Female,3.75,7.5
5222,72,MOBILE WEB,10,Wed,21,0,education,entertainment,Female,3.75,7.5
5223,61,PC WEB,30,Tue,16,0,corporation,sports,Male,3.75,7.5
5224,213,MOBILE WEB,20,Thu,22,0,pet,drama,Female,7.5,11.25
5225,187,MOBILE WEB,40,Thu,21,0,education,music,Female,3.75,7.5
5226,74,MOBILE WEB,40,Fri,19,0,corporation,sports,Male,3.75,7.5
5227,94,MOBILE WEB,20,Thu,20,0,drink,sports,Female,3.75,7.5
5228,72,PC WEB,30,Wed,18,0,corporation,sports,Male,3.75,7.5
5229,226,MOBILE WEB,20,Sat,15,0,drink,entertainment,Male,3.75,7.5
5230,97,MOBILE WEB,30,Tue,16,0,drink,sports,Male,7.5,11.25
5231,100,MOBILE WEB,40,Wed,15,0,drink,entertainment,Female,3.75,7.5
5232,101,MOBILE WEB,60,Sat,12,0,drink,sports,Male,3.75,7.5
5233,215,MOBILE WEB,20,Mon,13,0,food,music,Male,7.5,11.25
5234,340,MOBILE APP,10,Mon,14,0,education,drama,Female,7.5,11.25
5235,72,MOBILE WEB,50,Fri,0,1,medicine,entertainment,Female,11.25,15
5236,88,MOBILE WEB,40,Thu,15,0,drink,drama,Female,0,3.75
5237,145,MOBILE WEB,20,Thu,13,0,drink,entertainment,Female,3.75,7.5
5238,159,MOBILE WEB,30,Mon,3,0,food,drama,Female,3.75,7.5
5239,94,MOBILE WEB,10,Sat,0,0,education,entertainment,Female,7.5,11.25
5240,71,MOBILE WEB,30,Thu,16,0,corporation,sports,Male,3.75,7.5
5241,93,MOBILE WEB,30,Thu,17,0,food,entertainment,Male,3.75,7.5
5242,127,MOBILE WEB,20,Tue,0,0,food,entertainment,Male,3.75,7.5
5243,101,PC WEB,30,Sat,22,0,corporation,sports,Male,3.75,7.5
5244,122,MOBILE WEB,50,Fri,9,0,drink,sports,Female,3.75,7.5
5245,221,MOBILE APP,10,Mon,14,0,food,entertainment,Female,3.75,7.5
5246,131,MOBILE WEB,40,Thu,17,1,food,entertainment,Male,11.25,15
5247,163,MOBILE APP,10,Mon,21,0,drink,entertainment,Female,3.75,7.5
5248,143,MOBILE WEB,40,Thu,22,1,drink,drama,Female,11.25,15
5249,195,MOBILE WEB,40,Tue,23,0,food,entertainment,Female,11.25,15
5250,182,MOBILE WEB,20,Mon,21,0,drink,entertainment,Female,11.25,15
5251,106,MOBILE WEB,40,Wed,19,0,food,sports,Male,3.75,7.5
5252,112,MOBILE WEB,60,Sat,20,0,corporation,sports,Male,3.75,7.5
5253,158,MOBILE WEB,40,Sun,18,1,food,entertainment,Female,11.25,15
5254,67,MOBILE WEB,50,Tue,13,0,corporation,sports,Male,3.75,7.5
5255,112,MOBILE WEB,50,Tue,8,1,government,entertainment,Male,11.25,15
5256,228,MOBILE WEB,30,Sun,11,0,health_food,music,Female,3.75,7.5
5257,175,MOBILE WEB,40,Sun,22,0,drink,entertainment,Female,3.75,7.5
5258,212,PC WEB,50,Thu,19,0,health_food,sports,Male,7.5,11.25
5259,110,MOBILE WEB,40,Thu,23,0,corporation,entertainment,Female,3.75,7.5
5260,152,MOBILE WEB,50,Sat,10,1,drink,sports,Male,11.25,15
5261,116,PC WEB,20,Sat,14,1,drink,sports,Male,11.25,15
5262,64,MOBILE WEB,60,Wed,10,0,corporation,sports,Female,3.75,7.5
5263,61,MOBILE WEB,30,Sun,14,1,drink,sports,Male,11.25,15
5264,83,MOBILE WEB,40,Fri,6,0,corporation,sports,Male,3.75,7.5
5265,61,MOBILE WEB,50,Sun,15,1,corporation,sports,Male,11.25,15
5266,252,MOBILE WEB,30,Thu,12,0,woman,entertainment,Female,11.25,15
5267,101,PC WEB,50,Thu,0,0,food,entertainment,Female,11.25,15
5268,98,MOBILE WEB,30,Sat,15,0,corporation,sports,Male,3.75,7.5
5269,217,MOBILE WEB,20,Mon,3,0,woman,entertainment,Male,7.5,11.25
5270,65,PC WEB,50,Tue,11,0,drink,sports,Male,3.75,7.5
5271,60,MOBILE WEB,30,Wed,11,0,drink,sports,Male,3.75,7.5
5272,101,MOBILE WEB,20,Sat,13,0,corporation,sports,Male,3.75,7.5
5273,113,PC WEB,30,Mon,17,1,food,entertainment,Female,11.25,15
5274,92,MOBILE WEB,40,Fri,11,0,drink,sports,Male,0,3.75
5275,112,MOBILE WEB,40,Sat,14,0,corporation,sports,Male,3.75,7.5
5276,89,MOBILE WEB,50,Fri,14,0,drink,music,Female,7.5,11.25
5277,116,MOBILE WEB,30,Tue,19,0,health_food,entertainment,Female,0,3.75
5278,252,MOBILE WEB,20,Sat,12,1,drink,entertainment,Female,11.25,15
5279,69,MOBILE WEB,40,Tue,11,0,medicine,drama,Female,3.75,7.5
5280,101,MOBILE WEB,40,Sat,13,0,corporation,sports,Male,7.5,11.25
5281,110,MOBILE WEB,60,Mon,23,0,drink,drama,Female,3.75,7.5
5282,180,MOBILE WEB,10,Sun,11,1,drink,sports,Male,11.25,15
5283,255,MOBILE WEB,30,Sat,10,0,education,entertainment,Female,3.75,7.5
5284,104,MOBILE WEB,50,Mon,20,1,pet,entertainment,Female,11.25,15
5285,108,MOBILE WEB,20,Sun,21,0,medicine,current_affairs,Female,3.75,7.5
5286,65,PC WEB,30,Tue,11,0,drink,sports,Male,3.75,7.5
5287,248,MOBILE WEB,20,Sat,14,0,drink,entertainment,Male,3.75,7.5
5288,119,MOBILE WEB,30,Fri,9,0,corporation,sports,Male,3.75,7.5
5289,60,MOBILE WEB,20,Sat,10,0,education,drama,Female,7.5,11.25
5290,187,MOBILE WEB,30,Fri,0,0,medicine,drama,Female,3.75,7.5
5291,65,PC WEB,10,Thu,20,0,drink,entertainment,Male,3.75,7.5
5292,193,MOBILE WEB,40,Mon,18,0,pet,entertainment,Female,3.75,7.5
5293,87,MOBILE WEB,30,Sat,21,0,pet,current_affairs,Male,3.75,7.5
5294,79,MOBILE WEB,30,Sat,13,0,drink,sports,Male,3.75,7.5
5295,101,MOBILE WEB,10,Sat,20,0,drink,sports,Male,3.75,7.5
5296,74,MOBILE WEB,40,Fri,17,0,corporation,sports,Male,3.75,7.5
5297,110,MOBILE WEB,40,Wed,8,0,corporation,entertainment,Male,3.75,7.5
5298,82,MOBILE WEB,50,Fri,20,0,corporation,sports,Male,0,3.75
5299,123,MOBILE WEB,40,Fri,23,0,health_food,entertainment,Female,3.75,7.5
5300,232,MOBILE WEB,50,Sat,7,0,food,entertainment,Female,3.75,7.5
5301,75,MOBILE WEB,40,Mon,9,0,corporation,sports,Male,3.75,7.5
5302,213,MOBILE WEB,30,Wed,14,0,food,sports,Male,3.75,7.5
5303,118,MOBILE WEB,40,Sun,2,0,education,entertainment,Female,0,3.75
5304,164,MOBILE WEB,30,Tue,9,0,pet,entertainment,Female,7.5,11.25
5305,201,MOBILE APP,20,Sun,9,1,health_food,music,Female,11.25,15
5306,145,MOBILE WEB,40,Sun,22,1,education,drama,Female,11.25,15
5307,219,MOBILE WEB,40,Sun,2,0,education,entertainment,Female,3.75,7.5
5308,130,MOBILE WEB,50,Sat,13,0,education,drama,Female,3.75,7.5
5309,155,MOBILE WEB,10,Thu,22,0,food,entertainment,Female,3.75,7.5
5310,126,MOBILE WEB,40,Mon,11,1,electronics,entertainment,Female,11.25,15
5311,152,MOBILE APP,20,Mon,21,0,food,entertainment,Female,7.5,11.25
5312,177,MOBILE WEB,30,Mon,10,1,government,drama,Female,11.25,15
5313,60,MOBILE WEB,40,Sat,12,0,corporation,sports,Male,3.75,7.5
5314,97,MOBILE WEB,40,Tue,11,0,corporation,sports,Male,3.75,7.5
5315,95,PC WEB,20,Mon,10,0,corporation,sports,Male,3.75,7.5
5316,163,MOBILE APP,10,Fri,0,0,health_food,drama,Female,7.5,11.25
5317,114,MOBILE WEB,40,Mon,17,1,movie,drama,Female,11.25,15
5318,70,MOBILE WEB,30,Sun,8,0,drink,sports,Male,3.75,7.5
5319,195,MOBILE WEB,20,Wed,12,0,corporation,entertainment,Female,7.5,11.25
5320,193,MOBILE WEB,10,Tue,14,0,food,music,Female,3.75,7.5
5321,206,PC WEB,60,Thu,14,1,drink,sports,Female,11.25,15
5322,66,MOBILE WEB,30,Mon,12,0,drink,sports,Male,0,3.75
5323,127,MOBILE WEB,40,Tue,22,1,drink,sports,Male,11.25,15
5324,74,MOBILE WEB,50,Tue,19,1,drink,sports,Male,11.25,15
5325,72,PC WEB,30,Wed,15,1,drink,sports,Male,11.25,15
5326,232,MOBILE APP,10,Sat,1,0,food,entertainment,Female,7.5,11.25
5327,175,MOBILE WEB,10,Sun,20,0,drink,drama,Male,3.75,7.5
5328,190,MOBILE WEB,20,Sat,13,0,education,entertainment,Male,3.75,7.5
5329,107,MOBILE WEB,60,Tue,21,0,drink,sports,Male,3.75,7.5
5330,77,MOBILE WEB,30,Sat,14,0,corporation,sports,Male,3.75,7.5
5331,105,MOBILE WEB,30,Sun,9,1,drink,sports,Male,11.25,15
5332,164,MOBILE WEB,40,Mon,22,0,health_food,drama,Female,3.75,7.5
5333,786,MOBILE WEB,50,Sat,19,1,drink,sports,Male,11.25,15
5334,99,PC WEB,40,Thu,12,0,corporation,sports,Male,7.5,11.25
5335,101,MOBILE WEB,40,Sat,13,0,drink,sports,Male,0,3.75
5336,180,MOBILE WEB,40,Sun,17,0,drink,sports,Male,3.75,7.5
5337,101,PC WEB,50,Mon,12,1,drink,sports,Male,11.25,15
5338,627,MOBILE WEB,30,Sat,15,1,finance,sports,Male,11.25,15
5339,125,PC WEB,50,Tue,4,0,drink,sports,Male,3.75,7.5
5340,164,MOBILE WEB,30,Fri,14,0,drink,sports,Male,3.75,7.5
5341,131,MOBILE WEB,40,Sun,23,0,electronics,entertainment,Female,3.75,7.5
5342,195,MOBILE WEB,30,Mon,19,0,drink,drama,Female,3.75,7.5
5343,127,PC WEB,40,Wed,13,0,drink,entertainment,Female,7.5,11.25
5344,205,MOBILE WEB,30,Sat,15,1,drink,sports,Male,11.25,15
5345,207,MOBILE WEB,10,Sun,15,0,education,music,Female,3.75,7.5
5346,101,MOBILE WEB,30,Sat,13,1,drink,sports,Male,11.25,15
5347,101,MOBILE WEB,30,Sat,23,0,food,drama,Female,0,3.75
5348,62,MOBILE WEB,30,Fri,21,0,corporation,sports,Male,3.75,7.5
5349,201,MOBILE WEB,10,Mon,0,0,movie,entertainment,Female,3.75,7.5
5350,122,MOBILE WEB,20,Tue,0,0,health_food,drama,Male,7.5,11.25
5351,100,MOBILE WEB,40,Wed,19,0,food,entertainment,Female,0,3.75
5352,67,MOBILE WEB,60,Tue,13,0,corporation,sports,Female,3.75,7.5
5353,91,MOBILE WEB,40,Sun,21,0,food,entertainment,Female,3.75,7.5
5354,518,MOBILE WEB,10,Sat,22,0,education,entertainment,Female,3.75,7.5
5355,130,PC WEB,30,Thu,22,0,pet,entertainment,Male,0,3.75
5356,101,MOBILE WEB,60,Sat,21,0,drink,sports,Male,7.5,11.25
5357,83,MOBILE WEB,30,Thu,15,0,corporation,sports,Male,3.75,7.5
5358,174,MOBILE WEB,30,Wed,17,1,drink,sports,Male,11.25,15
5359,398,MOBILE WEB,20,Sun,11,0,medicine,entertainment,Female,3.75,7.5
5360,149,MOBILE WEB,50,Sat,9,0,food,drama,Female,3.75,7.5
5361,110,MOBILE WEB,50,Wed,12,0,drink,sports,Male,7.5,11.25
5362,109,MOBILE WEB,20,Sun,12,0,drink,entertainment,Female,3.75,7.5
5363,139,MOBILE WEB,20,Mon,22,0,drink,drama,Female,3.75,7.5
5364,72,MOBILE WEB,60,Wed,19,1,drink,sports,Male,11.25,15
5365,73,MOBILE WEB,40,Thu,14,0,drink,sports,Female,0,3.75
5366,664,MOBILE WEB,30,Wed,0,0,food,drama,Female,3.75,7.5
5367,115,MOBILE WEB,30,Fri,14,0,drink,sports,Male,3.75,7.5
5368,144,PC WEB,30,Tue,11,0,movie,entertainment,Female,7.5,11.25
5369,112,MOBILE WEB,30,Sat,14,1,drink,sports,Male,11.25,15
5370,176,MOBILE WEB,30,Sat,8,0,health_food,entertainment,Female,11.25,15
5371,79,MOBILE WEB,40,Sun,11,0,corporation,sports,Male,3.75,7.5
5372,144,MOBILE WEB,20,Sat,11,0,electronics,entertainment,Female,3.75,7.5
5373,68,MOBILE WEB,30,Fri,12,0,drink,sports,Male,3.75,7.5
5374,175,MOBILE WEB,40,Wed,9,0,food,information,Female,0,3.75
5375,198,MOBILE WEB,20,Fri,20,0,woman,entertainment,Female,7.5,11.25
5376,88,MOBILE WEB,40,Sat,17,0,drink,sports,Male,3.75,7.5
5377,92,MOBILE WEB,30,Fri,12,0,corporation,entertainment,Female,3.75,7.5
5378,101,MOBILE WEB,50,Sat,12,0,drink,sports,Male,3.75,7.5
5379,161,MOBILE WEB,20,Wed,9,0,food,entertainment,Female,3.75,7.5
5380,200,MOBILE WEB,30,Sun,17,0,education,current_affairs,Female,11.25,15
5381,79,MOBILE WEB,40,Mon,6,0,drink,sports,Male,7.5,11.25
5382,255,MOBILE WEB,10,Mon,13,0,health_food,entertainment,Female,7.5,11.25
5383,101,MOBILE WEB,50,Sat,14,1,corporation,sports,Male,11.25,15
5384,67,MOBILE WEB,30,Sun,10,0,drink,sports,Male,3.75,7.5
5385,129,MOBILE WEB,20,Fri,7,0,drink,drama,Male,0,3.75
5386,128,MOBILE WEB,40,Fri,11,0,health_food,entertainment,Female,3.75,7.5
5387,119,MOBILE WEB,30,Tue,14,1,government,entertainment,Female,11.25,15
5388,153,MOBILE WEB,50,Fri,1,0,drink,entertainment,Female,3.75,7.5
5389,150,MOBILE WEB,40,Mon,23,0,government,drama,Female,7.5,11.25
5390,264,PC WEB,30,Fri,10,0,education,drama,Female,3.75,7.5
5391,118,MOBILE WEB,10,Sun,9,0,government,drama,Female,3.75,7.5
5392,164,PC WEB,40,Fri,13,0,drink,sports,Male,3.75,7.5
5393,64,PC WEB,30,Tue,12,0,drink,sports,Male,3.75,7.5
5394,79,PC WEB,20,Sun,9,0,corporation,sports,Male,3.75,7.5
5395,300,MOBILE WEB,40,Fri,20,0,health_food,drama,Female,3.75,7.5
5396,188,MOBILE WEB,10,Sun,22,0,education,drama,Female,3.75,7.5
5397,96,PC WEB,40,Wed,18,1,corporation,sports,Male,11.25,15
5398,175,MOBILE WEB,60,Mon,23,0,drink,drama,Female,11.25,15
5399,205,MOBILE WEB,30,Sun,18,0,drink,music,Female,3.75,7.5
5400,171,MOBILE WEB,40,Sun,10,1,drink,sports,Male,11.25,15
5401,205,MOBILE WEB,20,Sat,10,0,movie,entertainment,Female,3.75,7.5
5402,176,MOBILE WEB,20,Sat,8,0,pet,entertainment,Male,3.75,7.5
5403,90,MOBILE WEB,40,Fri,12,0,drink,sports,Male,7.5,11.25
5404,60,MOBILE WEB,40,Sat,13,1,drink,sports,Male,11.25,15
5405,532,MOBILE WEB,30,Fri,13,0,drink,sports,Male,3.75,7.5
5406,101,MOBILE WEB,30,Fri,21,0,government,drama,Female,3.75,7.5
5407,180,MOBILE WEB,40,Sun,11,1,government,drama,Female,11.25,15
5408,74,MOBILE WEB,20,Sat,8,0,education,entertainment,Female,3.75,7.5
5409,430,PC WEB,40,Tue,14,0,corporation,sports,Male,3.75,7.5
5410,76,MOBILE WEB,60,Wed,10,1,food,drama,Female,11.25,15
5411,81,MOBILE WEB,40,Sat,10,0,drink,sports,Male,3.75,7.5
5412,72,MOBILE WEB,50,Wed,13,0,corporation,sports,Male,11.25,15
5413,206,MOBILE WEB,60,Sat,12,1,drink,sports,Male,11.25,15
5414,202,MOBILE WEB,40,Sat,10,0,drink,drama,Male,3.75,7.5
5415,129,MOBILE WEB,20,Sat,13,0,drink,entertainment,Male,3.75,7.5
5416,79,MOBILE WEB,40,Thu,11,0,woman,drama,Female,7.5,11.25
5417,97,MOBILE WEB,40,Thu,17,0,health_food,drama,Female,7.5,11.25
5418,252,MOBILE WEB,10,Tue,13,0,health_food,entertainment,Female,7.5,11.25
5419,65,MOBILE WEB,20,Sat,15,0,health_food,drama,Female,0,3.75
5420,206,MOBILE WEB,40,Thu,15,0,drink,sports,Male,3.75,7.5
5421,185,MOBILE WEB,30,Sat,9,1,medicine,entertainment,Male,11.25,15
5422,121,MOBILE WEB,50,Sun,13,1,drink,sports,Male,11.25,15
5423,72,MOBILE WEB,30,Wed,12,1,drink,sports,Male,11.25,15
5424,597,MOBILE WEB,20,Sat,15,0,corporation,sports,Male,3.75,7.5
5425,206,MOBILE WEB,50,Thu,14,0,pet,sports,Male,3.75,7.5
5426,77,PC WEB,40,Sun,16,0,food,drama,Female,3.75,7.5
5427,67,MOBILE WEB,40,Sun,10,0,drink,sports,Male,3.75,7.5
5428,252,MOBILE WEB,20,Tue,14,0,food,entertainment,Female,0,3.75
5429,186,MOBILE WEB,10,Sat,15,0,drink,entertainment,Female,3.75,7.5
5430,64,MOBILE WEB,40,Sat,10,1,medicine,drama,Female,11.25,15
5431,228,MOBILE APP,10,Sun,21,0,drink,entertainment,Female,3.75,7.5
5432,64,MOBILE WEB,30,Tue,14,1,corporation,sports,Male,11.25,15
5433,221,MOBILE WEB,30,Mon,19,0,drink,entertainment,Female,3.75,7.5
5434,170,MOBILE WEB,40,Thu,20,0,education,drama,Female,3.75,7.5
5435,171,MOBILE WEB,40,Sun,8,1,drink,sports,Male,11.25,15
5436,160,MOBILE WEB,50,Sat,11,0,food,information,Female,3.75,7.5
5437,101,MOBILE WEB,40,Sat,12,1,health_food,sports,Male,11.25,15
5438,131,MOBILE WEB,30,Sat,0,1,movie,entertainment,Female,11.25,15
5439,379,MOBILE APP,10,Thu,13,0,food,entertainment,Female,3.75,7.5
5440,94,MOBILE WEB,30,Mon,10,1,food,entertainment,Male,11.25,15
5441,124,MOBILE WEB,50,Wed,14,0,health_food,entertainment,Female,3.75,7.5
5442,118,MOBILE WEB,40,Fri,19,0,corporation,sports,Male,3.75,7.5
5443,160,MOBILE WEB,30,Mon,1,1,food,entertainment,Female,11.25,15
5444,95,MOBILE WEB,20,Fri,23,0,drink,entertainment,Male,3.75,7.5
5445,93,MOBILE WEB,60,Sun,10,1,drink,sports,Male,11.25,15
5446,216,MOBILE WEB,40,Tue,14,0,drink,sports,Male,3.75,7.5
5447,232,MOBILE APP,10,Sat,11,0,government,entertainment,Female,3.75,7.5
5448,93,MOBILE WEB,20,Wed,11,0,corporation,entertainment,Female,3.75,7.5
5449,64,MOBILE WEB,30,Tue,13,0,drink,sports,Male,3.75,7.5
5450,72,MOBILE WEB,40,Thu,8,1,drink,sports,Male,11.25,15
5451,236,MOBILE WEB,40,Tue,0,0,food,entertainment,Female,0,3.75
5452,122,MOBILE WEB,30,Mon,0,0,food,drama,Female,0,3.75
5453,100,MOBILE WEB,20,Mon,23,0,drink,entertainment,Female,3.75,7.5
5454,97,MOBILE WEB,40,Tue,15,0,corporation,sports,Male,3.75,7.5
5455,154,MOBILE WEB,60,Sat,13,0,drink,sports,Male,3.75,7.5
5456,160,MOBILE WEB,40,Mon,0,0,health_food,entertainment,Female,3.75,7.5
5457,136,MOBILE WEB,40,Sun,22,0,electronics,entertainment,Female,3.75,7.5
5458,71,PC WEB,50,Sat,14,1,drink,sports,Female,11.25,15
5459,197,MOBILE WEB,40,Thu,20,0,government,entertainment,Female,3.75,7.5
5460,153,MOBILE WEB,40,Mon,14,0,government,entertainment,Female,3.75,7.5
5461,186,MOBILE WEB,40,Tue,22,0,drink,drama,Female,0,3.75
5462,212,MOBILE WEB,20,Fri,23,0,education,entertainment,Male,7.5,11.25
5463,252,MOBILE WEB,30,Fri,0,0,movie,drama,Female,3.75,7.5
5464,582,MOBILE WEB,40,Sun,1,0,health_food,information,Male,3.75,7.5
5465,119,MOBILE WEB,30,Fri,13,0,corporation,sports,Male,3.75,7.5
5466,61,MOBILE WEB,30,Thu,8,1,drink,sports,Male,11.25,15
5467,76,MOBILE WEB,30,Sun,14,0,drink,sports,Male,3.75,7.5
5468,63,MOBILE WEB,60,Mon,10,0,corporation,sports,Male,0,3.75
5469,113,MOBILE WEB,20,Sun,11,1,health_food,drama,Male,11.25,15
5470,97,MOBILE WEB,40,Tue,0,0,health_food,current_affairs,Female,3.75,7.5
5471,235,MOBILE WEB,20,Fri,12,0,education,drama,Female,3.75,7.5
5472,111,MOBILE WEB,30,Fri,21,0,health_food,drama,Female,3.75,7.5
5473,110,MOBILE WEB,30,Thu,17,0,education,drama,Female,7.5,11.25
5474,236,MOBILE WEB,30,Tue,1,0,government,entertainment,Female,3.75,7.5
5475,145,MOBILE WEB,30,Fri,0,0,health_food,drama,Female,3.75,7.5
5476,170,MOBILE WEB,60,Thu,23,0,food,drama,Female,3.75,7.5
5477,746,MOBILE WEB,20,Fri,18,1,drink,sports,Male,11.25,15
5478,390,MOBILE WEB,30,Sat,11,0,health_food,entertainment,Female,3.75,7.5
5479,124,MOBILE WEB,30,Fri,14,0,education,drama,Female,3.75,7.5
5480,213,MOBILE WEB,50,Wed,11,0,drink,sports,Male,3.75,7.5
5481,67,MOBILE WEB,40,Tue,13,0,corporation,sports,Female,7.5,11.25
5482,213,MOBILE WEB,30,Wed,10,0,drink,sports,Male,3.75,7.5
5483,152,MOBILE WEB,40,Sat,8,0,electronics,entertainment,Male,7.5,11.25
5484,153,MOBILE WEB,30,Mon,13,1,pet,entertainment,Female,11.25,15
5485,101,MOBILE WEB,40,Mon,21,0,woman,entertainment,Female,3.75,7.5
5486,219,MOBILE WEB,30,Sun,14,0,education,entertainment,Male,3.75,7.5
5487,204,MOBILE WEB,20,Sat,3,0,education,entertainment,Female,7.5,11.25
5488,151,MOBILE WEB,20,Sun,16,1,medicine,entertainment,Female,11.25,15
5489,154,MOBILE WEB,30,Wed,7,0,movie,drama,Male,11.25,15
5490,109,MOBILE WEB,40,Mon,13,0,health_food,entertainment,Female,11.25,15
5491,118,MOBILE WEB,40,Sat,22,0,education,entertainment,Female,3.75,7.5
5492,116,MOBILE WEB,30,Sat,16,1,drink,sports,Male,11.25,15
5493,135,PC WEB,30,Wed,16,0,health_food,drama,Female,3.75,7.5
5494,61,MOBILE WEB,20,Thu,9,0,corporation,sports,Male,3.75,7.5
5495,72,MOBILE WEB,40,Wed,13,1,drink,sports,Female,11.25,15
5496,61,MOBILE WEB,50,Sun,13,1,drink,sports,Male,11.25,15
5497,188,MOBILE WEB,40,Fri,7,0,government,entertainment,Female,11.25,15
5498,180,MOBILE WEB,30,Wed,15,0,health_food,entertainment,Female,3.75,7.5
5499,92,MOBILE WEB,10,Sat,12,0,education,entertainment,Male,3.75,7.5
5500,159,MOBILE WEB,30,Thu,17,1,health_food,entertainment,Female,11.25,15
5501,74,PC WEB,60,Fri,14,1,finance,sports,Male,11.25,15
5502,63,MOBILE WEB,40,Mon,7,0,corporation,sports,Male,3.75,7.5
5503,72,MOBILE WEB,20,Wed,13,1,drink,sports,Male,11.25,15
5504,152,MOBILE WEB,40,Sat,12,0,food,sports,Male,3.75,7.5
5505,100,MOBILE WEB,40,Sat,14,1,drink,sports,Male,11.25,15
5506,61,MOBILE WEB,30,Wed,12,0,drink,sports,Male,3.75,7.5
5507,118,MOBILE WEB,50,Sat,6,0,corporation,sports,Male,7.5,11.25
5508,111,MOBILE WEB,10,Wed,22,0,corporation,entertainment,Male,3.75,7.5
5509,162,MOBILE WEB,40,Mon,0,0,health_food,entertainment,Female,7.5,11.25
5510,140,PC WEB,30,Wed,15,0,food,entertainment,Female,3.75,7.5
5511,132,MOBILE APP,20,Sun,18,0,education,entertainment,Female,3.75,7.5
5512,195,MOBILE WEB,30,Sun,19,0,food,entertainment,Female,3.75,7.5
5513,267,MOBILE WEB,30,Mon,1,0,health_food,entertainment,Female,3.75,7.5
5514,157,MOBILE WEB,40,Fri,23,0,drink,entertainment,Female,7.5,11.25
5515,67,PC WEB,40,Tue,13,1,drink,sports,Male,11.25,15
5516,247,MOBILE WEB,40,Sat,9,0,food,drama,Female,3.75,7.5
5517,114,MOBILE WEB,30,Fri,23,0,education,entertainment,Female,3.75,7.5
5518,193,MOBILE WEB,20,Tue,10,0,food,drama,Female,3.75,7.5
5519,356,MOBILE WEB,10,Sat,20,0,pet,music,Female,3.75,7.5
5520,157,MOBILE WEB,50,Fri,20,0,health_food,entertainment,Female,3.75,7.5
5521,112,MOBILE WEB,30,Sat,19,0,drink,sports,Male,11.25,15
5522,64,MOBILE WEB,40,Fri,7,0,corporation,sports,Male,3.75,7.5
5523,221,MOBILE WEB,40,Mon,22,0,drink,entertainment,Female,3.75,7.5
5524,285,MOBILE WEB,30,Wed,16,0,education,entertainment,Male,3.75,7.5
5525,68,PC WEB,40,Tue,17,0,food,sports,Male,7.5,11.25
5526,171,MOBILE WEB,30,Sun,9,0,corporation,sports,Male,7.5,11.25
5527,61,MOBILE WEB,50,Wed,18,1,drink,sports,Male,11.25,15
5528,197,MOBILE WEB,20,Thu,19,0,education,entertainment,Female,3.75,7.5
5529,81,MOBILE WEB,10,Fri,18,0,movie,entertainment,Female,7.5,11.25
5530,184,MOBILE WEB,40,Tue,14,0,pet,entertainment,Female,7.5,11.25
5531,219,PC WEB,30,Thu,12,0,pet,information,Female,3.75,7.5
5532,148,MOBILE WEB,60,Tue,14,0,drink,entertainment,Female,3.75,7.5
5533,61,MOBILE WEB,20,Thu,11,0,drink,sports,Male,3.75,7.5
5534,79,MOBILE APP,40,Sun,11,0,drink,sports,Female,3.75,7.5
5535,216,MOBILE WEB,20,Tue,8,0,government,entertainment,Female,3.75,7.5
5536,145,MOBILE WEB,40,Thu,23,0,food,drama,Female,3.75,7.5
5537,118,MOBILE WEB,30,Fri,19,0,corporation,sports,Male,11.25,15
5538,105,MOBILE WEB,30,Sun,9,1,movie,drama,Female,11.25,15
5539,237,MOBILE WEB,30,Sat,16,1,drink,sports,Male,11.25,15
5540,156,MOBILE APP,20,Tue,11,0,food,entertainment,Female,3.75,7.5
5541,216,MOBILE WEB,50,Sat,21,0,health_food,entertainment,Female,3.75,7.5
5542,92,MOBILE WEB,30,Sun,23,0,health_food,drama,Female,3.75,7.5
5543,202,MOBILE WEB,20,Sun,11,0,health_food,entertainment,Female,3.75,7.5
5544,146,MOBILE WEB,30,Mon,7,1,movie,drama,Female,11.25,15
5545,87,MOBILE WEB,40,Mon,9,1,food,drama,Male,11.25,15
5546,217,MOBILE WEB,30,Fri,7,0,drink,drama,Female,7.5,11.25
5547,86,MOBILE WEB,20,Fri,12,0,drink,sports,Male,3.75,7.5
5548,720,MOBILE WEB,40,Mon,11,1,drink,sports,Male,11.25,15
5549,197,MOBILE WEB,20,Fri,1,0,health_food,entertainment,Female,7.5,11.25
5550,123,MOBILE WEB,60,Fri,22,0,health_food,entertainment,Female,7.5,11.25
5551,688,PC WEB,40,Mon,12,0,drink,sports,Male,3.75,7.5
5552,159,MOBILE WEB,30,Sun,7,0,pet,entertainment,Female,3.75,7.5
5553,62,PC WEB,30,Thu,13,0,drink,sports,Male,0,3.75
5554,128,MOBILE WEB,30,Fri,0,0,electronics,music,Female,3.75,7.5
5555,218,MOBILE WEB,50,Sat,8,0,drink,information,Female,3.75,7.5
5556,627,MOBILE WEB,30,Sat,16,1,drink,sports,Male,11.25,15
5557,151,MOBILE WEB,30,Wed,16,0,corporation,sports,Male,3.75,7.5
5558,76,MOBILE WEB,50,Fri,14,0,corporation,sports,Male,3.75,7.5
5559,205,MOBILE WEB,10,Wed,0,0,food,entertainment,Female,3.75,7.5
5560,116,MOBILE WEB,30,Mon,12,0,corporation,sports,Male,11.25,15
5561,66,MOBILE WEB,30,Mon,17,0,drink,sports,Male,3.75,7.5
5562,160,MOBILE WEB,50,Sun,12,0,drink,entertainment,Female,3.75,7.5
5563,453,PC WEB,20,Tue,1,1,drink,sports,Male,11.25,15
5564,64,MOBILE WEB,30,Fri,7,0,drink,sports,Male,3.75,7.5
5565,100,PC WEB,40,Wed,0,0,drink,sports,Male,0,3.75
5566,151,MOBILE WEB,30,Sun,17,0,movie,entertainment,Female,3.75,7.5
5567,148,MOBILE APP,10,Tue,17,0,medicine,entertainment,Female,7.5,11.25
5568,237,PC WEB,50,Sat,20,1,drink,sports,Male,11.25,15
5569,107,MOBILE WEB,50,Tue,22,1,drink,sports,Male,11.25,15
5570,124,MOBILE WEB,20,Sat,14,0,medicine,drama,Female,3.75,7.5
5571,141,MOBILE WEB,50,Wed,7,0,electronics,drama,Female,3.75,7.5
5572,67,MOBILE WEB,50,Tue,14,0,corporation,sports,Male,3.75,7.5
5573,185,MOBILE WEB,10,Wed,0,0,health_food,entertainment,Female,0,3.75
5574,112,MOBILE WEB,40,Sat,15,1,corporation,sports,Male,11.25,15
5575,213,MOBILE WEB,20,Wed,14,0,drink,sports,Male,3.75,7.5
5576,786,MOBILE WEB,40,Sat,18,0,corporation,sports,Male,3.75,7.5
5577,130,MOBILE WEB,40,Fri,21,0,electronics,entertainment,Female,3.75,7.5
5578,207,MOBILE WEB,60,Wed,16,1,electronics,music,Female,11.25,15
5579,189,MOBILE WEB,40,Tue,23,0,electronics,entertainment,Female,3.75,7.5
5580,112,MOBILE WEB,40,Thu,23,0,government,drama,Female,3.75,7.5
5581,119,MOBILE WEB,10,Sun,0,0,drink,entertainment,Female,3.75,7.5
5582,196,MOBILE WEB,40,Tue,18,0,health_food,entertainment,Male,3.75,7.5
5583,121,MOBILE WEB,30,Mon,15,0,movie,entertainment,Female,3.75,7.5
5584,174,MOBILE WEB,30,Sat,9,1,finance,drama,Male,11.25,15
5585,280,MOBILE WEB,40,Mon,16,0,food,drama,Female,3.75,7.5
5586,206,MOBILE WEB,40,Thu,13,0,drink,sports,Male,3.75,7.5
5587,133,MOBILE WEB,30,Mon,23,0,government,drama,Female,7.5,11.25
5588,110,MOBILE WEB,40,Thu,23,0,government,drama,Female,7.5,11.25
5589,224,MOBILE WEB,30,Sun,18,0,education,drama,Female,7.5,11.25
5590,178,MOBILE WEB,20,Sun,23,0,food,entertainment,Female,7.5,11.25
5591,64,MOBILE WEB,10,Wed,20,0,corporation,sports,Male,3.75,7.5
5592,77,MOBILE WEB,20,Fri,19,0,electronics,entertainment,Female,3.75,7.5
5593,255,MOBILE WEB,30,Fri,20,0,pet,entertainment,Female,3.75,7.5
5594,116,MOBILE WEB,40,Thu,6,0,corporation,sports,Male,3.75,7.5
5595,112,PC WEB,40,Thu,23,0,health_food,drama,Female,3.75,7.5
5596,118,MOBILE WEB,10,Sun,1,0,food,drama,Female,3.75,7.5
5597,118,MOBILE WEB,40,Fri,9,0,movie,drama,Female,3.75,7.5
5598,190,MOBILE WEB,50,Fri,21,0,health_food,entertainment,Female,3.75,7.5
5599,94,MOBILE WEB,20,Thu,17,0,health_food,drama,Female,0,3.75
5600,101,MOBILE WEB,30,Sat,13,0,corporation,sports,Male,3.75,7.5
5601,148,MOBILE WEB,10,Wed,18,0,drink,drama,Female,3.75,7.5
5602,130,MOBILE WEB,50,Sat,10,1,government,drama,Female,11.25,15
5603,118,MOBILE WEB,30,Fri,19,0,corporation,sports,Male,3.75,7.5
5604,148,MOBILE WEB,20,Thu,14,0,health_food,entertainment,Male,3.75,7.5
5605,192,MOBILE WEB,20,Sat,17,1,government,entertainment,Female,11.25,15
5606,85,PC WEB,20,Tue,16,1,movie,drama,Male,11.25,15
5607,132,MOBILE WEB,30,Wed,9,0,drink,drama,Female,3.75,7.5
5608,81,PC WEB,20,Mon,11,1,drink,sports,Male,11.25,15
5609,129,MOBILE WEB,40,Thu,22,0,drink,drama,Female,3.75,7.5
5610,117,MOBILE WEB,40,Wed,0,0,corporation,entertainment,Female,7.5,11.25
5611,60,MOBILE WEB,20,Sat,13,1,drink,sports,Male,11.25,15
5612,836,PC WEB,40,Mon,16,0,drink,sports,Male,7.5,11.25
5613,87,MOBILE WEB,30,Tue,11,0,finance,sports,Male,3.75,7.5
5614,149,PC WEB,40,Mon,16,1,man,entertainment,Female,11.25,15
5615,141,MOBILE WEB,30,Mon,22,1,food,entertainment,Female,11.25,15
5616,119,MOBILE WEB,40,Sat,22,0,food,entertainment,Female,0,3.75
5617,255,PC WEB,20,Sun,19,1,pet,entertainment,Female,11.25,15
5618,99,MOBILE WEB,30,Thu,12,0,drink,sports,Male,3.75,7.5
5619,239,MOBILE WEB,30,Mon,7,0,food,drama,Male,0,3.75
5620,237,MOBILE WEB,40,Fri,8,0,education,music,Female,3.75,7.5
5621,67,PC WEB,30,Sun,22,0,drink,sports,Male,0,3.75
5622,152,MOBILE WEB,40,Tue,10,0,education,drama,Female,3.75,7.5
5623,72,MOBILE WEB,30,Wed,21,1,health_food,entertainment,Female,11.25,15
5624,91,MOBILE WEB,40,Fri,13,0,woman,drama,Female,3.75,7.5
5625,75,MOBILE WEB,30,Mon,21,0,drink,sports,Male,3.75,7.5
5626,128,MOBILE WEB,20,Thu,13,1,health_food,entertainment,Female,11.25,15
5627,333,MOBILE WEB,20,Sat,10,0,food,entertainment,Female,3.75,7.5
5628,148,MOBILE WEB,40,Sat,13,0,corporation,sports,Male,3.75,7.5
5629,90,MOBILE WEB,60,Fri,11,0,drink,sports,Female,3.75,7.5
5630,115,MOBILE WEB,50,Mon,17,0,movie,entertainment,Female,3.75,7.5
5631,188,MOBILE WEB,20,Sun,23,0,education,drama,Female,3.75,7.5
5632,100,MOBILE WEB,30,Sat,15,0,corporation,sports,Male,3.75,7.5
5633,176,MOBILE WEB,30,Sat,10,0,drink,sports,Male,3.75,7.5
5634,155,MOBILE WEB,40,Sat,7,1,movie,entertainment,Female,11.25,15
5635,161,MOBILE WEB,30,Sun,0,0,medicine,drama,Male,3.75,7.5
5636,116,MOBILE WEB,30,Thu,15,0,corporation,sports,Male,3.75,7.5
5637,95,MOBILE WEB,40,Sun,15,0,drink,entertainment,Female,0,3.75
5638,96,MOBILE APP,20,Fri,9,0,medicine,drama,Female,3.75,7.5
5639,67,MOBILE WEB,30,Sun,12,0,drink,sports,Male,7.5,11.25
5640,99,MOBILE WEB,20,Sat,22,0,education,drama,Female,0,3.75
5641,128,MOBILE WEB,50,Sun,22,0,drink,entertainment,Male,3.75,7.5
5642,191,MOBILE WEB,10,Tue,18,0,movie,entertainment,Female,7.5,11.25
5643,80,MOBILE WEB,40,Fri,10,0,corporation,sports,Male,3.75,7.5
5644,101,MOBILE WEB,40,Tue,0,0,drink,drama,Female,7.5,11.25
5645,187,PC WEB,50,Fri,9,0,food,entertainment,Female,7.5,11.25
5646,71,MOBILE WEB,40,Thu,16,0,corporation,sports,Male,7.5,11.25
5647,213,MOBILE WEB,30,Wed,10,0,corporation,sports,Female,11.25,15
5648,213,MOBILE APP,10,Thu,23,0,government,music,Female,3.75,7.5
5649,237,MOBILE WEB,40,Sat,19,1,drink,sports,Male,11.25,15
5650,66,MOBILE WEB,50,Sun,16,0,drink,sports,Male,3.75,7.5
5651,273,PC WEB,60,Mon,16,0,food,entertainment,Male,3.75,7.5
5652,149,PC WEB,30,Mon,15,1,man,entertainment,Female,11.25,15
5653,185,MOBILE APP,10,Mon,20,0,drink,music,Female,3.75,7.5
5654,161,MOBILE WEB,30,Sat,10,0,drink,entertainment,Female,3.75,7.5
5655,100,MOBILE WEB,50,Tue,19,1,drink,sports,Male,11.25,15
5656,193,MOBILE WEB,40,Sun,21,0,food,entertainment,Female,3.75,7.5
5657,181,MOBILE APP,20,Fri,23,0,education,entertainment,Female,7.5,11.25
5658,150,MOBILE WEB,60,Sun,1,1,woman,drama,Female,11.25,15
5659,153,MOBILE APP,10,Mon,11,0,drink,drama,Female,3.75,7.5
5660,60,PC WEB,10,Sun,22,0,food,entertainment,Female,11.25,15
5661,74,MOBILE WEB,20,Fri,11,0,food,entertainment,Female,7.5,11.25
5662,86,PC WEB,40,Fri,14,0,corporation,sports,Male,3.75,7.5
5663,127,MOBILE WEB,50,Tue,23,1,drink,sports,Male,11.25,15
5664,216,PC WEB,20,Tue,8,0,food,entertainment,Female,0,3.75
5665,177,MOBILE WEB,40,Fri,23,0,education,music,Female,7.5,11.25
5666,195,MOBILE APP,20,Mon,0,0,health_food,music,Male,3.75,7.5
5667,64,MOBILE WEB,30,Wed,11,0,corporation,sports,Male,3.75,7.5
5668,122,MOBILE WEB,40,Wed,23,0,drink,drama,Female,3.75,7.5
5669,158,MOBILE WEB,30,Fri,9,0,electronics,entertainment,Female,3.75,7.5
5670,84,MOBILE WEB,60,Thu,12,0,drink,sports,Male,3.75,7.5
5671,131,MOBILE WEB,20,Thu,18,0,food,entertainment,Female,0,3.75
5672,64,MOBILE WEB,20,Wed,13,0,corporation,sports,Male,3.75,7.5
5673,232,MOBILE WEB,40,Sat,7,0,education,entertainment,Female,3.75,7.5
5674,154,MOBILE APP,10,Wed,6,0,education,music,Female,3.75,7.5
5675,101,MOBILE WEB,50,Sat,13,1,drink,sports,Male,11.25,15
5676,142,MOBILE WEB,40,Mon,14,0,electronics,drama,Female,3.75,7.5
5677,103,MOBILE WEB,50,Tue,10,0,corporation,sports,Male,11.25,15
5678,120,MOBILE WEB,40,Tue,23,0,movie,information,Female,3.75,7.5
5679,204,MOBILE WEB,20,Thu,11,0,government,entertainment,Female,3.75,7.5
5680,97,MOBILE WEB,40,Tue,11,0,corporation,sports,Male,3.75,7.5
5681,67,MOBILE WEB,40,Tue,15,1,drink,sports,Male,11.25,15
5682,65,MOBILE WEB,40,Tue,17,0,corporation,sports,Male,3.75,7.5
5683,188,MOBILE WEB,60,Thu,21,0,drink,entertainment,Female,3.75,7.5
5684,627,MOBILE WEB,60,Sat,20,1,drink,sports,Female,11.25,15
5685,188,MOBILE WEB,20,Sun,23,1,education,drama,Female,11.25,15
5686,313,MOBILE WEB,20,Sat,22,0,drink,entertainment,Male,3.75,7.5
5687,685,MOBILE WEB,50,Sun,22,0,corporation,sports,Female,7.5,11.25
5688,116,PC WEB,40,Thu,14,0,corporation,sports,Male,3.75,7.5
5689,205,MOBILE WEB,30,Sat,17,0,corporation,sports,Male,3.75,7.5
5690,126,MOBILE WEB,20,Wed,18,1,drink,entertainment,Female,11.25,15
5691,62,PC WEB,40,Wed,12,0,drink,sports,Male,7.5,11.25
5692,178,MOBILE WEB,30,Sun,23,0,government,entertainment,Female,3.75,7.5
5693,82,MOBILE WEB,30,Mon,17,0,health_food,entertainment,Female,11.25,15
5694,150,MOBILE WEB,40,Mon,22,0,food,drama,Female,7.5,11.25
5695,128,MOBILE WEB,50,Mon,22,1,movie,entertainment,Male,11.25,15
5696,216,MOBILE WEB,40,Mon,1,0,government,entertainment,Female,3.75,7.5
5697,101,MOBILE WEB,10,Thu,13,0,pet,drama,Female,3.75,7.5
5698,380,MOBILE WEB,20,Fri,22,0,food,drama,Female,3.75,7.5
5699,151,MOBILE WEB,40,Thu,0,0,medicine,drama,Female,3.75,7.5
5700,110,MOBILE WEB,30,Fri,11,0,corporation,entertainment,Female,7.5,11.25
5701,191,PC WEB,10,Sat,21,0,food,entertainment,Male,0,3.75
5702,85,MOBILE WEB,40,Sun,14,0,corporation,sports,Male,3.75,7.5
5703,67,PC WEB,40,Thu,12,0,drink,sports,Male,3.75,7.5
5704,500,MOBILE WEB,30,Fri,17,0,drink,sports,Female,0,3.75
5705,91,MOBILE WEB,50,Fri,12,0,drink,sports,Male,11.25,15
5706,126,MOBILE WEB,50,Sat,16,0,food,sports,Male,3.75,7.5
5707,65,MOBILE WEB,40,Sun,8,0,corporation,sports,Male,3.75,7.5
5708,201,MOBILE WEB,40,Sat,23,0,health_food,drama,Female,3.75,7.5
5709,213,MOBILE WEB,40,Wed,11,0,food,sports,Male,11.25,15
5710,201,MOBILE WEB,40,Sat,9,0,government,drama,Female,3.75,7.5
5711,125,MOBILE WEB,30,Mon,18,0,drink,sports,Male,3.75,7.5
5712,213,MOBILE WEB,40,Wed,11,0,drink,sports,Male,3.75,7.5
5713,106,MOBILE WEB,40,Thu,9,1,drink,sports,Male,11.25,15
5714,158,MOBILE WEB,60,Mon,18,0,food,entertainment,Female,7.5,11.25
5715,161,MOBILE WEB,20,Sun,11,0,food,entertainment,Female,3.75,7.5
5716,136,MOBILE WEB,40,Fri,12,0,man,entertainment,Male,11.25,15
5717,190,MOBILE WEB,40,Mon,23,0,drink,entertainment,Female,11.25,15
5718,60,MOBILE WEB,40,Wed,11,0,government,sports,Male,7.5,11.25
5719,181,MOBILE WEB,20,Sat,6,0,health_food,entertainment,Male,3.75,7.5
5720,226,MOBILE WEB,10,Wed,22,1,drink,entertainment,Female,11.25,15
5721,169,MOBILE WEB,30,Sat,10,0,health_food,entertainment,Female,7.5,11.25
5722,117,MOBILE WEB,50,Mon,9,0,corporation,sports,Male,3.75,7.5
5723,443,MOBILE WEB,10,Sun,2,0,food,music,Male,3.75,7.5
5724,190,MOBILE WEB,30,Mon,18,1,drink,entertainment,Female,11.25,15
5725,201,MOBILE WEB,20,Sun,14,0,corporation,sports,Male,3.75,7.5
5726,195,MOBILE WEB,30,Sun,20,0,health_food,entertainment,Female,11.25,15
5727,85,MOBILE WEB,40,Sat,22,0,education,drama,Female,3.75,7.5
5728,33,MOBILE WEB,20,Mon,23,0,drink,entertainment,Female,3.75,7.5
5729,200,MOBILE WEB,40,Sun,17,0,health_food,drama,Female,3.75,7.5
5730,127,MOBILE WEB,30,Tue,23,1,drink,sports,Male,11.25,15
5731,188,MOBILE WEB,40,Mon,7,0,health_food,drama,Female,3.75,7.5
5732,343,MOBILE WEB,30,Sat,20,0,health_food,music,Male,3.75,7.5
5733,101,MOBILE WEB,40,Sat,14,0,corporation,sports,Male,3.75,7.5
5734,190,MOBILE WEB,30,Sat,13,1,food,entertainment,Female,11.25,15
5735,66,MOBILE WEB,30,Sun,17,0,drink,sports,Male,3.75,7.5
5736,140,PC WEB,30,Wed,16,1,health_food,entertainment,Female,11.25,15
5737,162,MOBILE WEB,40,Fri,10,0,health_food,entertainment,Female,3.75,7.5
5738,158,MOBILE WEB,20,Sun,8,0,education,drama,Female,3.75,7.5
5739,205,MOBILE WEB,20,Sat,14,1,drink,sports,Male,11.25,15
5740,275,MOBILE WEB,20,Sun,0,0,movie,entertainment,Female,3.75,7.5
5741,180,MOBILE WEB,20,Wed,9,0,food,entertainment,Female,3.75,7.5
5742,118,MOBILE WEB,20,Mon,22,0,pet,entertainment,Female,3.75,7.5
5743,746,PC WEB,50,Sat,16,1,drink,sports,Male,11.25,15
5744,200,MOBILE WEB,40,Thu,19,0,drink,entertainment,Female,3.75,7.5
5745,66,PC WEB,30,Sat,16,1,drink,sports,Male,11.25,15
5746,532,MOBILE WEB,50,Fri,14,0,drink,sports,Male,3.75,7.5
5747,199,MOBILE WEB,20,Mon,13,0,education,entertainment,Female,0,3.75
5748,61,MOBILE WEB,20,Sun,15,1,drink,sports,Female,11.25,15
5749,116,MOBILE WEB,20,Sat,14,0,corporation,sports,Male,3.75,7.5
5750,81,MOBILE WEB,40,Sat,10,0,corporation,sports,Male,3.75,7.5
5751,158,MOBILE APP,10,Sat,20,0,education,entertainment,Female,7.5,11.25
5752,84,MOBILE WEB,30,Sat,13,0,health_food,sports,Male,3.75,7.5
5753,97,MOBILE WEB,30,Tue,12,0,corporation,sports,Male,3.75,7.5
5754,170,MOBILE WEB,20,Thu,22,0,medicine,drama,Female,3.75,7.5
5755,150,MOBILE WEB,20,Sat,15,1,food,entertainment,Female,11.25,15
5756,532,MOBILE WEB,40,Fri,13,0,drink,sports,Male,7.5,11.25
5757,186,MOBILE WEB,30,Thu,21,0,movie,entertainment,Male,3.75,7.5
5758,144,MOBILE WEB,30,Fri,10,0,drink,entertainment,Female,3.75,7.5
5759,218,MOBILE WEB,40,Thu,11,0,drink,entertainment,Male,3.75,7.5
5760,181,MOBILE APP,20,Fri,2,0,government,entertainment,Female,3.75,7.5
5761,72,PC WEB,40,Wed,15,0,corporation,sports,Male,3.75,7.5
5762,215,PC WEB,20,Wed,11,0,electronics,music,Male,0,3.75
5763,185,MOBILE WEB,10,Fri,23,1,health_food,entertainment,Female,11.25,15
5764,102,MOBILE WEB,30,Wed,23,0,movie,drama,Female,0,3.75
5765,139,MOBILE WEB,40,Sun,13,0,electronics,entertainment,Male,3.75,7.5
5766,223,PC WEB,30,Mon,16,0,food,entertainment,Male,3.75,7.5
5767,65,MOBILE WEB,30,Sun,18,0,corporation,sports,Male,3.75,7.5
5768,193,MOBILE WEB,20,Mon,12,1,food,drama,Female,11.25,15
5769,228,MOBILE WEB,40,Fri,8,0,drink,entertainment,Female,7.5,11.25
5770,215,MOBILE WEB,40,Mon,21,0,drink,music,Female,11.25,15
5771,62,MOBILE WEB,30,Fri,18,1,drink,sports,Male,11.25,15
5772,142,MOBILE WEB,30,Wed,12,0,food,entertainment,Female,3.75,7.5
5773,140,MOBILE WEB,20,Wed,10,0,pet,entertainment,Female,3.75,7.5
5774,233,MOBILE WEB,40,Wed,20,1,drink,sports,Male,11.25,15
5775,205,PC WEB,20,Sun,0,0,food,entertainment,Male,7.5,11.25
5776,283,MOBILE WEB,20,Sat,0,0,movie,entertainment,Female,7.5,11.25
5777,140,MOBILE WEB,20,Fri,23,0,drink,entertainment,Female,7.5,11.25
5778,251,MOBILE WEB,40,Mon,21,0,health_food,music,Male,3.75,7.5
5779,112,MOBILE WEB,30,Sat,14,1,drink,sports,Male,11.25,15
5780,205,MOBILE WEB,10,Tue,17,0,drink,entertainment,Female,0,3.75
5781,77,MOBILE WEB,40,Sat,2,0,movie,drama,Female,3.75,7.5
5782,112,MOBILE WEB,40,Sat,16,0,corporation,sports,Male,3.75,7.5
5783,597,MOBILE WEB,40,Sat,12,1,drink,sports,Male,11.25,15
5784,213,MOBILE WEB,30,Wed,11,0,drink,sports,Male,3.75,7.5
5785,130,MOBILE WEB,30,Mon,23,0,health_food,entertainment,Female,3.75,7.5
5786,166,MOBILE WEB,20,Sat,23,0,health_food,drama,Female,0,3.75
5787,627,MOBILE WEB,30,Sat,15,0,corporation,sports,Male,7.5,11.25
5788,93,MOBILE WEB,40,Sun,8,1,drink,sports,Male,11.25,15
5789,213,MOBILE APP,20,Wed,10,0,drink,sports,Male,3.75,7.5
5790,62,MOBILE WEB,30,Tue,14,1,drink,sports,Male,11.25,15
5791,232,MOBILE APP,10,Tue,17,1,education,entertainment,Female,11.25,15
5792,65,PC WEB,40,Tue,16,0,pet,sports,Male,3.75,7.5
5793,211,MOBILE WEB,10,Sun,8,0,drink,sports,Female,7.5,11.25
5794,196,MOBILE WEB,40,Tue,8,0,health_food,entertainment,Female,3.75,7.5
5795,173,MOBILE WEB,40,Sat,10,0,drink,entertainment,Female,3.75,7.5
5796,100,MOBILE WEB,40,Tue,13,0,corporation,sports,Male,3.75,7.5
5797,218,MOBILE APP,20,Wed,20,1,education,entertainment,Female,11.25,15
5798,72,MOBILE WEB,40,Sun,8,1,food,entertainment,Female,11.25,15
5799,148,MOBILE WEB,40,Sun,13,0,food,sports,Male,3.75,7.5
5800,106,MOBILE WEB,40,Sat,11,0,drink,entertainment,Female,0,3.75
5801,199,MOBILE WEB,10,Tue,14,0,movie,drama,Female,3.75,7.5
5802,211,MOBILE WEB,50,Wed,0,0,food,entertainment,Female,3.75,7.5
5803,190,MOBILE WEB,30,Sat,18,0,food,entertainment,Male,3.75,7.5
5804,179,MOBILE WEB,30,Thu,19,0,drink,entertainment,Female,3.75,7.5
5805,237,MOBILE WEB,20,Thu,21,0,medicine,music,Female,3.75,7.5
5806,246,PC WEB,40,Sun,23,0,health_food,entertainment,Female,7.5,11.25
5807,866,PC WEB,40,Fri,17,0,corporation,sports,Male,0,3.75
5808,174,MOBILE WEB,20,Tue,21,0,government,drama,Male,3.75,7.5
5809,688,MOBILE WEB,30,Sat,8,0,drink,sports,Male,0,3.75
5810,109,MOBILE WEB,40,Sun,8,0,electronics,drama,Male,3.75,7.5
5811,160,MOBILE WEB,20,Sat,10,0,health_food,entertainment,Female,3.75,7.5
5812,747,MOBILE WEB,40,Thu,18,0,drink,sports,Male,3.75,7.5
5813,175,MOBILE WEB,40,Tue,23,0,food,entertainment,Female,3.75,7.5
5814,237,MOBILE WEB,30,Sat,15,0,corporation,sports,Male,3.75,7.5
5815,139,MOBILE WEB,10,Fri,17,0,government,entertainment,Female,3.75,7.5
5816,525,MOBILE WEB,30,Sat,16,0,drink,sports,Male,3.75,7.5
5817,283,PC WEB,20,Sat,19,0,government,entertainment,Female,3.75,7.5
5818,260,MOBILE WEB,40,Sun,19,0,electronics,entertainment,Female,3.75,7.5
5819,188,MOBILE WEB,30,Wed,19,0,health_food,entertainment,Male,3.75,7.5
5820,118,MOBILE WEB,30,Fri,19,0,education,drama,Female,3.75,7.5
5821,191,PC WEB,20,Sat,15,0,health_food,entertainment,Male,3.75,7.5
5822,72,MOBILE WEB,40,Wed,13,1,drink,sports,Male,11.25,15
5823,168,MOBILE WEB,20,Sun,13,0,drink,entertainment,Female,3.75,7.5
5824,138,MOBILE WEB,30,Thu,8,0,corporation,sports,Male,0,3.75
5825,711,MOBILE WEB,40,Thu,13,0,drink,sports,Male,0,3.75
5826,68,MOBILE WEB,30,Sun,14,1,drink,sports,Male,11.25,15
5827,180,MOBILE WEB,30,Mon,12,0,health_food,drama,Female,7.5,11.25
5828,150,MOBILE WEB,40,Tue,7,0,health_food,drama,Male,3.75,7.5
5829,181,MOBILE WEB,50,Sun,21,0,drink,entertainment,Female,3.75,7.5
5830,178,MOBILE WEB,30,Sat,1,0,medicine,entertainment,Female,3.75,7.5
5831,72,MOBILE WEB,20,Wed,12,1,drink,sports,Male,11.25,15
5832,627,MOBILE WEB,20,Sat,17,1,drink,sports,Male,11.25,15
5833,271,MOBILE WEB,10,Sat,15,0,medicine,entertainment,Female,3.75,7.5
5834,165,PC WEB,10,Tue,22,0,pet,entertainment,Female,3.75,7.5
5835,129,MOBILE WEB,10,Sun,19,0,food,entertainment,Male,3.75,7.5
5836,146,PC WEB,50,Tue,18,1,drink,entertainment,Female,11.25,15
5837,685,MOBILE WEB,20,Sun,19,1,drink,sports,Male,11.25,15
5838,126,MOBILE WEB,20,Sat,17,1,drink,sports,Male,11.25,15
5839,127,PC WEB,20,Tue,14,1,drink,sports,Male,11.25,15
5840,200,MOBILE WEB,30,Sat,17,0,drink,drama,Male,3.75,7.5
5841,565,MOBILE WEB,40,Mon,8,0,corporation,sports,Male,3.75,7.5
5842,83,MOBILE WEB,40,Thu,22,0,drink,sports,Male,3.75,7.5
5843,90,PC WEB,40,Tue,12,0,medicine,drama,Male,7.5,11.25
5844,119,MOBILE WEB,20,Sat,9,1,government,entertainment,Female,11.25,15
5845,176,MOBILE WEB,30,Fri,14,0,drink,sports,Male,3.75,7.5
5846,67,MOBILE WEB,30,Sun,20,0,corporation,sports,Male,3.75,7.5
5847,130,MOBILE WEB,40,Thu,19,1,education,entertainment,Female,11.25,15
5848,107,MOBILE WEB,30,Sat,19,1,government,entertainment,Male,11.25,15
5849,118,MOBILE WEB,40,Fri,22,0,corporation,sports,Male,3.75,7.5
5850,72,MOBILE WEB,40,Wed,15,1,drink,sports,Male,11.25,15
5851,290,MOBILE WEB,20,Mon,18,0,food,entertainment,Female,3.75,7.5
5852,267,MOBILE WEB,40,Mon,17,1,education,drama,Female,11.25,15
5853,155,MOBILE WEB,20,Thu,20,0,health_food,entertainment,Female,3.75,7.5
5854,152,MOBILE WEB,20,Sat,12,0,drink,drama,Female,3.75,7.5
5855,218,MOBILE WEB,30,Sat,0,0,education,entertainment,Female,0,3.75
5856,101,MOBILE WEB,20,Sat,14,0,corporation,sports,Male,3.75,7.5
5857,164,MOBILE WEB,30,Fri,1,0,health_food,entertainment,Female,0,3.75
5858,217,MOBILE WEB,30,Mon,0,0,food,entertainment,Female,3.75,7.5
5859,143,MOBILE WEB,30,Mon,14,0,electronics,entertainment,Female,3.75,7.5
5860,84,PC WEB,40,Tue,11,0,drink,sports,Male,3.75,7.5
5861,206,MOBILE WEB,20,Sat,0,0,food,entertainment,Female,3.75,7.5
5862,193,PC WEB,40,Wed,14,1,drink,sports,Female,11.25,15
5863,141,MOBILE WEB,30,Sun,13,0,food,current_affairs,Female,3.75,7.5
5864,83,MOBILE WEB,40,Thu,17,0,drink,sports,Male,11.25,15
5865,69,PC WEB,60,Thu,11,0,corporation,sports,Male,3.75,7.5
5866,500,MOBILE WEB,40,Fri,17,1,drink,sports,Male,11.25,15
5867,265,MOBILE WEB,20,Sun,23,0,food,entertainment,Female,3.75,7.5
5868,116,MOBILE WEB,30,Thu,12,0,food,sports,Male,3.75,7.5
5869,152,MOBILE WEB,20,Mon,21,0,drink,entertainment,Female,3.75,7.5
5870,106,MOBILE WEB,30,Mon,22,0,pet,drama,Female,3.75,7.5
5871,74,PC WEB,40,Thu,14,0,food,sports,Male,7.5,11.25
5872,155,MOBILE WEB,40,Fri,9,1,government,drama,Female,11.25,15
5873,128,MOBILE WEB,20,Fri,8,1,corporation,sports,Male,11.25,15
5874,110,MOBILE WEB,30,Wed,18,1,drink,sports,Male,11.25,15
5875,77,MOBILE WEB,40,Sat,13,1,corporation,sports,Male,11.25,15
5876,60,MOBILE WEB,10,Sat,13,1,drink,sports,Male,11.25,15
5877,69,MOBILE WEB,30,Thu,12,0,corporation,sports,Male,3.75,7.5
5878,201,MOBILE WEB,30,Mon,22,0,pet,entertainment,Male,3.75,7.5
5879,120,PC WEB,10,Fri,22,0,medicine,drama,Female,3.75,7.5
5880,154,MOBILE WEB,50,Sat,13,0,drink,sports,Male,7.5,11.25
5881,205,MOBILE WEB,10,Wed,10,0,food,entertainment,Female,3.75,7.5
5882,101,MOBILE WEB,40,Mon,9,0,corporation,sports,Male,3.75,7.5
5883,627,MOBILE WEB,40,Sat,17,1,drink,sports,Male,11.25,15
5884,112,MOBILE WEB,50,Sat,14,1,drink,sports,Male,11.25,15
5885,72,MOBILE WEB,40,Wed,12,0,corporation,sports,Male,3.75,7.5
5886,76,MOBILE WEB,50,Fri,15,0,drink,sports,Male,0,3.75
5887,196,MOBILE WEB,20,Tue,20,0,food,entertainment,Female,0,3.75
5888,311,MOBILE WEB,20,Mon,11,0,health_food,music,Male,7.5,11.25
5889,141,MOBILE WEB,30,Mon,7,1,pet,drama,Female,11.25,15
5890,123,PC WEB,50,Fri,11,0,movie,entertainment,Male,3.75,7.5
5891,232,MOBILE APP,40,Sat,7,0,drink,entertainment,Female,7.5,11.25
5892,201,MOBILE WEB,40,Fri,22,1,health_food,entertainment,Male,11.25,15
5893,159,MOBILE WEB,20,Fri,10,1,medicine,entertainment,Female,11.25,15
5894,221,MOBILE WEB,30,Sun,19,0,government,entertainment,Female,7.5,11.25
5895,65,MOBILE WEB,30,Tue,16,0,drink,sports,Male,3.75,7.5
5896,101,MOBILE WEB,50,Sat,8,0,drink,sports,Male,0,3.75
5897,275,MOBILE WEB,30,Sat,8,0,education,entertainment,Male,3.75,7.5
5898,112,MOBILE WEB,20,Sun,21,0,food,entertainment,Male,7.5,11.25
5899,117,MOBILE WEB,30,Tue,22,0,food,drama,Female,7.5,11.25
5900,66,MOBILE WEB,30,Sun,16,0,drink,sports,Male,3.75,7.5
5901,91,MOBILE WEB,50,Fri,12,0,pet,sports,Male,7.5,11.25
5902,187,MOBILE WEB,60,Sat,11,0,woman,entertainment,Female,3.75,7.5
5903,112,MOBILE WEB,10,Sat,15,0,corporation,sports,Male,3.75,7.5
5904,271,MOBILE WEB,40,Fri,12,0,medicine,drama,Female,7.5,11.25
5905,203,PC WEB,10,Wed,20,1,electronics,entertainment,Male,11.25,15
5906,100,PC WEB,40,Tue,12,1,drink,sports,Male,11.25,15
5907,171,MOBILE WEB,30,Mon,14,0,food,information,Female,3.75,7.5
5908,65,MOBILE WEB,40,Wed,17,1,drink,sports,Male,11.25,15
5909,205,MOBILE WEB,10,Sat,14,0,medicine,entertainment,Female,3.75,7.5
5910,62,PC WEB,40,Wed,13,0,drink,sports,Male,3.75,7.5
5911,208,MOBILE WEB,20,Tue,21,0,movie,music,Female,3.75,7.5
5912,105,MOBILE WEB,20,Wed,0,0,health_food,drama,Female,3.75,7.5
5913,110,MOBILE APP,30,Wed,18,0,drink,sports,Male,3.75,7.5
5914,163,MOBILE WEB,20,Mon,22,0,drink,entertainment,Female,3.75,7.5
5915,182,MOBILE WEB,30,Sat,21,0,medicine,entertainment,Male,0,3.75
5916,74,MOBILE WEB,10,Fri,15,1,drink,sports,Male,11.25,15
5917,83,MOBILE WEB,60,Thu,18,0,drink,sports,Male,3.75,7.5
5918,85,MOBILE WEB,20,Sun,22,0,education,drama,Female,3.75,7.5
5919,72,PC WEB,40,Wed,16,0,corporation,sports,Male,11.25,15
5920,142,MOBILE WEB,20,Tue,9,0,food,drama,Female,3.75,7.5
5921,99,MOBILE WEB,50,Thu,13,0,drink,sports,Male,3.75,7.5
5922,198,MOBILE WEB,40,Fri,20,0,health_food,entertainment,Female,3.75,7.5
5923,213,PC WEB,20,Wed,10,0,drink,sports,Male,3.75,7.5
5924,201,MOBILE WEB,30,Sun,23,0,corporation,sports,Male,3.75,7.5
5925,189,MOBILE WEB,20,Sat,20,0,corporation,sports,Male,3.75,7.5
5926,226,MOBILE WEB,20,Sun,22,0,education,drama,Male,3.75,7.5
5927,167,MOBILE WEB,40,Wed,21,0,health_food,drama,Female,7.5,11.25
5928,207,MOBILE WEB,10,Wed,0,0,food,entertainment,Female,3.75,7.5
5929,300,PC WEB,10,Thu,2,0,movie,drama,Female,3.75,7.5
5930,126,MOBILE WEB,50,Thu,9,1,movie,drama,Female,11.25,15
5931,167,MOBILE WEB,30,Fri,2,1,health_food,entertainment,Male,11.25,15
5932,124,PC WEB,40,Fri,17,0,pet,entertainment,Male,3.75,7.5
5933,430,MOBILE WEB,40,Tue,17,0,drink,sports,Male,3.75,7.5
5934,65,MOBILE WEB,30,Tue,13,0,drink,sports,Male,3.75,7.5
5935,132,MOBILE WEB,20,Thu,20,0,movie,entertainment,Male,3.75,7.5
5936,207,MOBILE WEB,20,Sun,3,1,movie,entertainment,Female,11.25,15
5937,209,MOBILE WEB,20,Sun,10,0,health_food,music,Male,3.75,7.5
5938,61,PC WEB,30,Tue,20,1,corporation,sports,Male,11.25,15
5939,119,MOBILE WEB,40,Sat,22,0,education,entertainment,Female,3.75,7.5
5940,69,PC WEB,30,Thu,12,1,corporation,sports,Male,11.25,15
5941,145,MOBILE WEB,40,Mon,0,1,education,entertainment,Female,11.25,15
5942,627,MOBILE WEB,30,Sat,19,1,drink,sports,Male,11.25,15
5943,180,MOBILE WEB,10,Wed,15,0,health_food,entertainment,Female,3.75,7.5
5944,163,MOBILE WEB,50,Mon,23,0,medicine,entertainment,Male,3.75,7.5
5945,106,MOBILE WEB,20,Wed,13,0,corporation,sports,Male,3.75,7.5
5946,150,MOBILE WEB,20,Tue,8,0,health_food,drama,Female,3.75,7.5
5947,189,MOBILE WEB,30,Thu,8,0,education,drama,Female,3.75,7.5
5948,132,MOBILE WEB,30,Fri,19,0,corporation,sports,Male,7.5,11.25
5949,125,MOBILE WEB,30,Mon,18,0,drink,sports,Male,3.75,7.5
5950,64,PC WEB,40,Tue,12,0,drink,sports,Male,3.75,7.5
5951,247,MOBILE WEB,40,Fri,16,1,electronics,drama,Female,11.25,15
5952,182,MOBILE WEB,30,Sun,15,0,food,entertainment,Male,3.75,7.5
5953,145,MOBILE WEB,20,Mon,21,0,drink,entertainment,Female,3.75,7.5
5954,200,MOBILE APP,20,Thu,23,0,drink,entertainment,Female,3.75,7.5
5955,100,MOBILE WEB,50,Tue,22,1,drink,sports,Male,11.25,15
5956,206,MOBILE WEB,10,Wed,8,0,drink,entertainment,Female,3.75,7.5
5957,88,PC WEB,20,Sat,12,0,health_food,sports,Male,7.5,11.25
5958,234,PC WEB,40,Fri,16,0,health_food,drama,Female,0,3.75
5959,215,MOBILE WEB,60,Thu,23,1,health_food,information,Female,11.25,15
5960,148,MOBILE WEB,40,Fri,11,0,drink,drama,Female,0,3.75
5961,62,MOBILE WEB,40,Fri,17,0,corporation,sports,Male,3.75,7.5
5962,85,MOBILE WEB,30,Sun,11,0,drink,sports,Male,3.75,7.5
5963,163,MOBILE WEB,40,Fri,7,0,education,drama,Female,3.75,7.5
5964,170,MOBILE WEB,40,Tue,19,0,drink,entertainment,Female,11.25,15
5965,131,MOBILE WEB,30,Mon,13,0,government,entertainment,Female,3.75,7.5
5966,168,MOBILE WEB,30,Mon,7,1,health_food,entertainment,Female,11.25,15
5967,75,MOBILE WEB,40,Fri,0,0,drink,entertainment,Female,11.25,15
5968,101,MOBILE WEB,30,Thu,23,0,health_food,drama,Female,7.5,11.25
5969,786,PC WEB,30,Sat,16,1,drink,sports,Male,11.25,15
5970,248,MOBILE WEB,50,Mon,16,0,man,information,Female,3.75,7.5
5971,187,MOBILE WEB,30,Tue,14,0,electronics,entertainment,Female,0,3.75
5972,237,MOBILE WEB,40,Sat,15,0,corporation,sports,Male,7.5,11.25
5973,265,MOBILE WEB,30,Wed,15,0,education,entertainment,Female,3.75,7.5
5974,152,MOBILE WEB,50,Sat,10,0,drink,sports,Male,0,3.75
5975,74,MOBILE WEB,60,Fri,19,0,health_food,entertainment,Female,0,3.75
5976,131,MOBILE WEB,40,Wed,18,1,drink,sports,Male,11.25,15
5977,169,MOBILE WEB,20,Wed,9,0,food,entertainment,Female,0,3.75
5978,109,MOBILE WEB,40,Sun,9,0,health_food,drama,Female,7.5,11.25
5979,136,MOBILE APP,40,Fri,16,0,food,drama,Female,7.5,11.25
5980,127,MOBILE WEB,30,Tue,23,1,drink,sports,Female,11.25,15
5981,81,PC WEB,40,Fri,14,0,corporation,entertainment,Female,0,3.75
5982,112,MOBILE WEB,40,Sat,14,1,finance,sports,Male,11.25,15
5983,720,PC WEB,40,Mon,12,0,corporation,sports,Male,3.75,7.5
5984,213,MOBILE WEB,60,Wed,11,0,drink,sports,Male,3.75,7.5
5985,73,MOBILE WEB,30,Mon,18,0,medicine,drama,Female,11.25,15
5986,117,MOBILE WEB,30,Tue,23,0,health_food,drama,Female,0,3.75
5987,74,MOBILE WEB,20,Fri,21,0,health_food,drama,Male,3.75,7.5
5988,182,MOBILE WEB,60,Tue,14,0,movie,information,Male,3.75,7.5
5989,597,MOBILE WEB,30,Sat,13,0,corporation,sports,Male,0,3.75
5990,311,MOBILE WEB,20,Sun,13,0,drink,music,Male,3.75,7.5
5991,68,MOBILE WEB,60,Wed,11,1,drink,sports,Male,11.25,15
5992,627,MOBILE WEB,30,Sat,16,0,corporation,sports,Male,3.75,7.5
5993,60,MOBILE WEB,20,Fri,10,0,movie,entertainment,Male,3.75,7.5
5994,131,MOBILE WEB,30,Wed,18,1,drink,sports,Male,11.25,15
5995,126,MOBILE WEB,20,Tue,13,0,drink,sports,Male,3.75,7.5
5996,180,PC WEB,50,Tue,10,0,health_food,entertainment,Female,7.5,11.25
5997,153,MOBILE APP,20,Tue,13,0,health_food,entertainment,Female,3.75,7.5
5998,138,MOBILE WEB,30,Sun,19,0,food,entertainment,Male,3.75,7.5
5999,72,MOBILE WEB,50,Wed,12,0,corporation,sports,Male,3.75,7.5
6000,193,MOBILE WEB,30,Mon,17,0,food,entertainment,Female,3.75,7.5
6001,101,PC WEB,30,Sat,12,0,drink,sports,Male,7.5,11.25
6002,118,MOBILE WEB,30,Thu,22,0,pet,drama,Female,3.75,7.5
6003,127,MOBILE WEB,50,Wed,11,1,drink,sports,Male,11.25,15
6004,204,MOBILE WEB,40,Tue,14,0,government,entertainment,Male,3.75,7.5
6005,71,MOBILE WEB,40,Thu,22,0,movie,entertainment,Female,3.75,7.5
6006,109,MOBILE WEB,50,Fri,13,0,drink,sports,Male,3.75,7.5
6007,340,MOBILE WEB,30,Mon,11,0,food,drama,Male,3.75,7.5
6008,60,MOBILE WEB,30,Sat,13,0,drink,sports,Male,0,3.75
6009,224,MOBILE WEB,30,Sat,0,0,health_food,drama,Female,3.75,7.5
6010,160,MOBILE WEB,20,Fri,15,0,drink,entertainment,Female,3.75,7.5
6011,285,MOBILE WEB,20,Thu,12,0,food,entertainment,Female,3.75,7.5
6012,171,MOBILE WEB,20,Sun,10,1,drink,sports,Male,11.25,15
6013,75,MOBILE WEB,40,Mon,7,0,drink,sports,Male,3.75,7.5
6014,746,MOBILE WEB,50,Fri,15,1,drink,sports,Female,11.25,15
6015,267,MOBILE WEB,40,Sat,21,0,health_food,entertainment,Female,3.75,7.5
6016,64,MOBILE WEB,40,Wed,19,0,government,entertainment,Female,3.75,7.5
6017,97,MOBILE WEB,30,Fri,10,1,electronics,entertainment,Female,11.25,15
6018,118,MOBILE WEB,30,Thu,9,0,movie,entertainment,Female,0,3.75
6019,120,MOBILE WEB,30,Fri,11,0,drink,information,Female,3.75,7.5
6020,132,MOBILE WEB,50,Thu,7,1,medicine,drama,Female,11.25,15
6021,61,MOBILE WEB,30,Fri,12,0,drink,sports,Male,7.5,11.25
6022,101,MOBILE WEB,20,Tue,12,0,electronics,entertainment,Female,3.75,7.5
6023,118,MOBILE WEB,30,Fri,21,0,corporation,sports,Male,7.5,11.25
6024,651,PC WEB,40,Thu,9,1,drink,sports,Male,11.25,15
6025,62,PC WEB,30,Tue,13,0,corporation,sports,Male,3.75,7.5
6026,119,PC WEB,50,Fri,20,0,corporation,sports,Male,3.75,7.5
6027,164,MOBILE WEB,40,Sat,11,0,drink,entertainment,Female,3.75,7.5
6028,99,MOBILE WEB,40,Thu,13,1,drink,sports,Female,11.25,15
6029,67,MOBILE WEB,60,Tue,18,1,drink,sports,Male,11.25,15
6030,67,MOBILE WEB,20,Tue,20,1,drink,sports,Male,11.25,15
6031,112,MOBILE WEB,40,Fri,20,0,government,sports,Female,3.75,7.5
6032,435,MOBILE WEB,40,Tue,12,0,drink,sports,Male,3.75,7.5
6033,152,MOBILE WEB,40,Sat,23,0,food,drama,Female,11.25,15
6034,177,MOBILE WEB,20,Thu,21,0,medicine,music,Male,7.5,11.25
6035,137,MOBILE WEB,40,Mon,21,0,government,entertainment,Male,3.75,7.5
6036,187,MOBILE WEB,20,Sat,12,0,medicine,entertainment,Male,11.25,15
6037,127,MOBILE WEB,40,Tue,23,1,drink,sports,Male,11.25,15
6038,133,PC WEB,20,Thu,20,0,health_food,entertainment,Female,3.75,7.5
6039,99,MOBILE WEB,30,Thu,12,0,corporation,sports,Male,3.75,7.5
6040,430,MOBILE WEB,40,Tue,22,0,drink,sports,Male,3.75,7.5
6041,145,MOBILE WEB,30,Mon,8,0,food,entertainment,Male,3.75,7.5
6042,232,MOBILE APP,10,Sun,21,0,government,entertainment,Female,3.75,7.5
6043,79,MOBILE WEB,50,Mon,6,0,drink,sports,Male,7.5,11.25
6044,213,MOBILE WEB,40,Wed,11,0,government,sports,Male,7.5,11.25
6045,165,PC WEB,40,Sat,22,0,drink,sports,Male,3.75,7.5
6046,76,MOBILE WEB,30,Sun,8,0,woman,sports,Male,3.75,7.5
6047,685,MOBILE WEB,40,Sun,17,1,drink,sports,Male,11.25,15
6048,181,MOBILE WEB,50,Mon,21,0,health_food,drama,Female,3.75,7.5
6049,627,MOBILE WEB,40,Sat,18,0,corporation,sports,Male,3.75,7.5
6050,73,MOBILE WEB,30,Mon,9,0,drink,sports,Male,3.75,7.5
6051,132,MOBILE WEB,40,Fri,11,0,food,entertainment,Female,3.75,7.5
6052,61,MOBILE WEB,30,Fri,11,0,corporation,sports,Male,3.75,7.5
6053,156,MOBILE WEB,20,Tue,7,0,movie,drama,Female,3.75,7.5
6054,64,MOBILE WEB,30,Wed,11,0,drink,sports,Male,3.75,7.5
6055,223,MOBILE WEB,20,Tue,17,0,health_food,entertainment,Female,3.75,7.5
6056,166,PC WEB,40,Thu,13,0,food,information,Male,0,3.75
6057,172,PC WEB,40,Thu,16,1,drink,entertainment,Female,11.25,15
6058,252,MOBILE WEB,30,Thu,20,0,food,entertainment,Female,3.75,7.5
6059,213,MOBILE WEB,30,Wed,14,0,drink,sports,Male,3.75,7.5
6060,163,MOBILE WEB,40,Sun,16,0,drink,drama,Female,7.5,11.25
6061,152,MOBILE WEB,50,Sat,12,0,corporation,sports,Male,11.25,15
6062,188,MOBILE WEB,30,Thu,8,0,drink,entertainment,Female,3.75,7.5
6063,181,PC WEB,20,Wed,20,0,health_food,entertainment,Female,3.75,7.5
6064,62,MOBILE WEB,40,Mon,21,0,drink,sports,Male,3.75,7.5
6065,168,PC WEB,20,Fri,15,0,medicine,entertainment,Female,3.75,7.5
6066,233,MOBILE WEB,10,Thu,22,0,pet,music,Female,3.75,7.5
6067,150,MOBILE WEB,40,Mon,0,0,electronics,entertainment,Female,3.75,7.5
6068,329,MOBILE WEB,20,Sun,13,0,pet,entertainment,Female,3.75,7.5
6069,116,MOBILE WEB,50,Sat,20,1,drink,sports,Male,11.25,15
6070,197,MOBILE APP,10,Thu,11,0,health_food,entertainment,Female,0,3.75
6071,221,MOBILE WEB,30,Sun,19,0,health_food,current_affairs,Male,3.75,7.5
6072,291,MOBILE WEB,10,Tue,2,0,woman,entertainment,Male,0,3.75
6073,211,MOBILE WEB,10,Sun,16,1,food,drama,Female,11.25,15
6074,104,MOBILE WEB,30,Sun,19,1,finance,sports,Male,11.25,15
6075,174,MOBILE WEB,40,Sat,18,0,woman,drama,Female,3.75,7.5
6076,89,PC WEB,50,Mon,16,0,drink,sports,Male,3.75,7.5
6077,170,MOBILE WEB,40,Mon,9,0,food,entertainment,Female,7.5,11.25
6078,184,MOBILE APP,10,Thu,9,0,medicine,drama,Female,3.75,7.5
6079,162,MOBILE WEB,30,Sun,17,0,government,music,Female,7.5,11.25
6080,188,MOBILE WEB,20,Tue,17,0,movie,drama,Female,3.75,7.5
6081,216,MOBILE WEB,30,Tue,10,0,food,entertainment,Female,7.5,11.25
6082,118,MOBILE WEB,40,Fri,20,0,corporation,sports,Male,3.75,7.5
6083,202,MOBILE WEB,20,Sun,17,0,health_food,drama,Female,3.75,7.5
6084,627,MOBILE WEB,40,Sat,18,1,drink,sports,Male,11.25,15
6085,65,MOBILE WEB,10,Sun,10,1,drink,sports,Male,11.25,15
6086,207,MOBILE WEB,50,Tue,11,0,pet,information,Female,0,3.75
6087,72,PC WEB,40,Wed,12,0,corporation,sports,Male,7.5,11.25
6088,182,MOBILE WEB,40,Fri,9,0,pet,drama,Female,7.5,11.25
6089,61,MOBILE WEB,40,Sun,12,1,drink,sports,Male,11.25,15
6090,116,MOBILE WEB,50,Sat,8,0,electronics,drama,Male,7.5,11.25
6091,107,MOBILE WEB,40,Tue,21,1,drink,sports,Male,11.25,15
6092,232,MOBILE WEB,40,Sat,9,0,drink,sports,Male,3.75,7.5
6093,212,MOBILE APP,10,Fri,2,0,government,drama,Female,3.75,7.5
6094,335,MOBILE APP,10,Mon,2,0,pet,entertainment,Female,3.75,7.5
6095,163,MOBILE WEB,10,Mon,23,0,drink,entertainment,Female,3.75,7.5
6096,136,MOBILE WEB,10,Fri,11,0,drink,drama,Female,7.5,11.25
6097,74,MOBILE WEB,30,Fri,16,1,corporation,sports,Male,11.25,15
6098,135,MOBILE WEB,50,Sat,21,0,drink,entertainment,Male,3.75,7.5
6099,67,MOBILE WEB,50,Tue,14,1,drink,sports,Male,11.25,15
6100,80,MOBILE WEB,50,Sun,14,0,health_food,drama,Female,3.75,7.5
6101,137,MOBILE WEB,40,Mon,23,0,drink,drama,Female,3.75,7.5
6102,126,MOBILE WEB,30,Wed,18,0,corporation,entertainment,Male,7.5,11.25
6103,160,PC WEB,30,Mon,10,1,food,entertainment,Female,11.25,15
6104,61,MOBILE WEB,30,Wed,11,0,drink,sports,Male,3.75,7.5
6105,288,MOBILE WEB,40,Sat,13,0,drink,drama,Male,3.75,7.5
6106,143,MOBILE WEB,20,Wed,2,0,pet,entertainment,Male,3.75,7.5
6107,223,MOBILE WEB,30,Sat,0,1,health_food,drama,Male,11.25,15
6108,108,MOBILE WEB,30,Fri,14,1,food,drama,Female,11.25,15
6109,176,MOBILE WEB,40,Sat,15,0,electronics,entertainment,Female,3.75,7.5
6110,277,MOBILE WEB,10,Sat,1,0,health_food,entertainment,Female,7.5,11.25
6111,131,MOBILE WEB,40,Tue,16,0,health_food,drama,Male,3.75,7.5
6112,181,MOBILE WEB,30,Mon,9,1,health_food,entertainment,Female,11.25,15
6113,81,MOBILE WEB,40,Tue,12,0,corporation,sports,Male,3.75,7.5
6114,237,MOBILE WEB,60,Sat,17,1,drink,sports,Male,11.25,15
6115,150,MOBILE WEB,50,Sat,2,1,movie,entertainment,Female,11.25,15
6116,148,MOBILE APP,20,Mon,4,0,medicine,entertainment,Female,0,3.75
6117,81,MOBILE WEB,30,Mon,19,0,movie,entertainment,Female,3.75,7.5
6118,96,MOBILE WEB,40,Sat,23,0,electronics,entertainment,Female,7.5,11.25
6119,110,MOBILE WEB,50,Sat,19,0,education,entertainment,Female,3.75,7.5
6120,91,PC WEB,30,Thu,16,0,corporation,sports,Male,0,3.75
6121,154,MOBILE WEB,50,Mon,22,1,food,entertainment,Female,11.25,15
6122,73,MOBILE WEB,10,Wed,18,1,drink,sports,Male,11.25,15
6123,374,MOBILE WEB,30,Wed,21,0,health_food,music,Male,3.75,7.5
6124,114,MOBILE WEB,20,Mon,23,0,food,drama,Male,3.75,7.5
6125,45,MOBILE WEB,30,Sun,9,0,food,drama,Female,3.75,7.5
6126,282,MOBILE APP,20,Sat,20,0,food,entertainment,Male,3.75,7.5
6127,164,MOBILE WEB,30,Tue,7,1,health_food,drama,Female,11.25,15
6128,80,PC WEB,60,Tue,13,0,finance,sports,Male,3.75,7.5
6129,211,MOBILE WEB,60,Sun,9,1,health_food,music,Female,11.25,15
6130,72,PC WEB,50,Wed,13,0,corporation,sports,Male,3.75,7.5
6131,237,MOBILE WEB,60,Sun,9,0,corporation,sports,Male,0,3.75
6132,65,MOBILE WEB,20,Tue,11,0,drink,sports,Male,3.75,7.5
6133,212,MOBILE WEB,50,Sat,19,0,drink,entertainment,Female,3.75,7.5
6134,168,MOBILE WEB,20,Sat,0,0,health_food,entertainment,Female,3.75,7.5
6135,60,MOBILE WEB,50,Sun,21,0,food,entertainment,Male,3.75,7.5
6136,213,MOBILE APP,20,Mon,11,0,drink,entertainment,Female,3.75,7.5
6137,410,MOBILE WEB,40,Fri,8,1,pet,music,Male,11.25,15
6138,256,MOBILE WEB,20,Sat,19,0,medicine,entertainment,Male,3.75,7.5
6139,150,MOBILE WEB,40,Tue,10,0,government,drama,Female,7.5,11.25
6140,64,MOBILE WEB,20,Tue,12,0,corporation,sports,Male,3.75,7.5
6141,67,MOBILE WEB,40,Sun,13,0,health_food,sports,Male,3.75,7.5
6142,201,MOBILE APP,10,Thu,23,0,government,drama,Female,11.25,15
6143,100,PC WEB,20,Tue,16,1,health_food,information,Female,11.25,15
6144,340,MOBILE WEB,50,Mon,8,0,health_food,drama,Male,7.5,11.25
6145,200,PC WEB,20,Fri,0,0,corporation,entertainment,Male,0,3.75
6146,152,MOBILE WEB,30,Mon,2,0,electronics,information,Male,3.75,7.5
6147,152,MOBILE WEB,30,Mon,8,0,pet,entertainment,Female,3.75,7.5
6148,205,MOBILE WEB,40,Mon,20,1,drink,entertainment,Female,11.25,15
6149,185,MOBILE WEB,20,Tue,22,0,movie,entertainment,Female,3.75,7.5
6150,627,MOBILE WEB,40,Sat,16,1,drink,sports,Male,11.25,15
6151,211,MOBILE WEB,30,Sat,0,0,electronics,drama,Female,7.5,11.25
6152,145,MOBILE WEB,10,Tue,4,0,food,entertainment,Female,3.75,7.5
6153,85,MOBILE WEB,60,Sun,14,0,corporation,sports,Male,3.75,7.5
6154,123,MOBILE WEB,20,Fri,8,0,food,entertainment,Female,3.75,7.5
6155,144,MOBILE WEB,20,Tue,0,0,food,entertainment,Female,7.5,11.25
6156,180,MOBILE WEB,30,Wed,11,0,movie,entertainment,Female,3.75,7.5
6157,81,MOBILE WEB,50,Fri,2,0,food,drama,Female,3.75,7.5
6158,64,MOBILE WEB,50,Tue,13,0,drink,sports,Male,3.75,7.5
6159,85,MOBILE WEB,20,Fri,10,0,drink,sports,Female,0,3.75
6160,74,MOBILE WEB,40,Fri,17,0,corporation,sports,Male,3.75,7.5
6161,124,MOBILE WEB,40,Sat,13,0,health_food,entertainment,Female,3.75,7.5
6162,122,MOBILE WEB,30,Mon,18,0,health_food,entertainment,Female,3.75,7.5
6163,190,MOBILE WEB,20,Sat,8,0,drink,entertainment,Female,3.75,7.5
6164,61,MOBILE WEB,20,Sun,11,1,drink,sports,Male,11.25,15
6165,136,MOBILE WEB,40,Wed,7,0,government,entertainment,Female,3.75,7.5
6166,101,MOBILE WEB,30,Sat,12,0,corporation,sports,Male,3.75,7.5
6167,169,MOBILE WEB,10,Sun,10,0,health_food,entertainment,Female,7.5,11.25
6168,67,PC WEB,40,Tue,15,1,drink,sports,Male,11.25,15
6169,130,MOBILE WEB,40,Mon,22,0,drink,drama,Female,3.75,7.5
6170,122,PC WEB,40,Tue,11,0,corporation,sports,Male,0,3.75
6171,159,MOBILE WEB,30,Fri,19,0,drink,sports,Male,3.75,7.5
6172,122,PC WEB,20,Mon,19,0,pet,entertainment,Male,0,3.75
6173,201,MOBILE WEB,40,Sun,13,0,health_food,entertainment,Female,3.75,7.5
6174,178,MOBILE WEB,20,Sun,18,0,movie,entertainment,Female,3.75,7.5
6175,202,MOBILE WEB,20,Mon,11,0,electronics,entertainment,Female,3.75,7.5
6176,160,MOBILE APP,40,Sun,7,0,medicine,entertainment,Male,3.75,7.5
6177,213,MOBILE WEB,40,Wed,11,0,pet,sports,Male,3.75,7.5
6178,179,MOBILE WEB,10,Sun,22,0,food,drama,Female,11.25,15
6179,159,MOBILE WEB,40,Fri,21,0,movie,entertainment,Female,0,3.75
6180,67,PC WEB,30,Tue,15,0,drink,sports,Male,3.75,7.5
6181,179,MOBILE WEB,30,Sat,1,0,movie,entertainment,Female,3.75,7.5
6182,118,MOBILE WEB,40,Fri,20,0,corporation,sports,Male,3.75,7.5
6183,206,MOBILE WEB,30,Thu,16,0,drink,sports,Male,3.75,7.5
6184,205,MOBILE WEB,20,Sat,17,0,drink,sports,Female,0,3.75
6185,158,MOBILE WEB,40,Sat,0,0,movie,entertainment,Female,3.75,7.5
6186,81,PC WEB,30,Mon,11,1,drink,sports,Male,11.25,15
6187,140,MOBILE WEB,40,Thu,0,0,electronics,drama,Male,7.5,11.25
6188,167,MOBILE WEB,30,Mon,22,0,government,drama,Female,3.75,7.5
6189,688,PC WEB,40,Mon,14,0,drink,sports,Male,3.75,7.5
6190,123,PC WEB,20,Sat,18,0,woman,music,Female,0,3.75
6191,127,PC WEB,40,Thu,16,1,drink,entertainment,Female,11.25,15
6192,138,PC WEB,50,Fri,18,1,food,entertainment,Female,11.25,15
6193,380,MOBILE WEB,50,Tue,13,0,corporation,sports,Male,0,3.75
6194,101,MOBILE WEB,40,Sat,13,0,drink,sports,Male,3.75,7.5
6195,185,MOBILE WEB,50,Wed,9,0,health_food,entertainment,Female,3.75,7.5
6196,144,MOBILE WEB,30,Mon,18,0,movie,drama,Female,3.75,7.5
6197,196,MOBILE WEB,50,Thu,17,0,education,entertainment,Female,3.75,7.5
6198,786,MOBILE WEB,40,Sat,18,1,drink,sports,Male,11.25,15
6199,75,MOBILE WEB,50,Mon,22,0,drink,sports,Male,11.25,15
6200,110,MOBILE WEB,30,Mon,1,1,pet,drama,Female,11.25,15
6201,101,MOBILE WEB,40,Sat,13,0,food,sports,Male,3.75,7.5
6202,155,MOBILE WEB,40,Fri,21,0,food,entertainment,Female,7.5,11.25
6203,129,MOBILE WEB,20,Sat,3,0,health_food,entertainment,Female,3.75,7.5
6204,232,MOBILE WEB,30,Sun,9,0,education,entertainment,Female,3.75,7.5
6205,106,PC WEB,60,Mon,11,0,drink,sports,Male,3.75,7.5
6206,193,MOBILE WEB,30,Mon,2,0,health_food,entertainment,Male,11.25,15
6207,110,PC WEB,30,Sun,18,0,food,entertainment,Male,3.75,7.5
6208,80,MOBILE WEB,40,Thu,8,1,drink,drama,Female,11.25,15
6209,694,MOBILE WEB,40,Tue,12,1,woman,sports,Male,11.25,15
6210,261,MOBILE WEB,20,Thu,23,0,food,drama,Female,11.25,15
6211,186,MOBILE WEB,40,Sun,9,0,movie,entertainment,Male,3.75,7.5
6212,126,MOBILE WEB,40,Thu,23,0,health_food,drama,Female,3.75,7.5
6213,119,MOBILE WEB,20,Thu,11,0,woman,entertainment,Female,3.75,7.5
6214,125,MOBILE WEB,20,Sun,15,0,government,drama,Female,3.75,7.5
6215,126,MOBILE WEB,30,Sun,20,0,health_food,entertainment,Male,3.75,7.5
6216,80,MOBILE WEB,40,Fri,13,0,drink,sports,Male,3.75,7.5
6217,167,MOBILE APP,20,Sat,15,0,health_food,entertainment,Female,0,3.75
6218,197,PC WEB,20,Thu,14,0,education,entertainment,Female,0,3.75
6219,189,MOBILE WEB,10,Tue,22,0,government,entertainment,Male,3.75,7.5
6220,117,MOBILE WEB,30,Thu,23,1,drink,entertainment,Female,11.25,15
6221,67,MOBILE WEB,20,Tue,20,1,drink,sports,Male,11.25,15
6222,62,MOBILE WEB,40,Thu,16,0,corporation,sports,Male,11.25,15
6223,89,MOBILE WEB,30,Tue,23,0,food,information,Female,3.75,7.5
6224,100,MOBILE WEB,30,Mon,20,0,movie,entertainment,Male,3.75,7.5
6225,63,PC WEB,40,Mon,14,0,finance,sports,Male,0,3.75
6226,156,MOBILE WEB,60,Tue,8,0,food,entertainment,Male,3.75,7.5
6227,280,MOBILE WEB,20,Mon,8,0,medicine,drama,Male,3.75,7.5
6228,155,MOBILE WEB,40,Wed,7,1,food,entertainment,Female,11.25,15
6229,101,MOBILE WEB,40,Thu,23,1,health_food,drama,Female,11.25,15
6230,110,MOBILE WEB,30,Sat,13,0,drink,drama,Female,7.5,11.25
6231,202,MOBILE WEB,20,Sat,21,0,health_food,entertainment,Female,11.25,15
6232,83,MOBILE WEB,40,Thu,15,0,corporation,sports,Male,3.75,7.5
6233,77,MOBILE WEB,40,Sat,12,0,drink,sports,Male,3.75,7.5
6234,101,MOBILE APP,20,Mon,1,0,movie,entertainment,Female,3.75,7.5
6235,155,MOBILE WEB,30,Sun,20,0,food,entertainment,Female,3.75,7.5
6236,239,MOBILE WEB,20,Sat,1,0,drink,music,Female,7.5,11.25
6237,87,MOBILE WEB,50,Wed,2,1,corporation,entertainment,Female,11.25,15
6238,88,MOBILE WEB,50,Sat,13,0,drink,sports,Male,3.75,7.5
6239,797,PC WEB,30,Wed,14,1,drink,sports,Male,11.25,15
6240,116,MOBILE WEB,30,Mon,19,1,drink,sports,Male,11.25,15
6241,653,MOBILE WEB,30,Mon,16,0,food,entertainment,Female,0,3.75
6242,347,PC WEB,60,Sat,18,1,drink,sports,Male,11.25,15
6243,98,PC WEB,40,Mon,21,0,movie,entertainment,Male,3.75,7.5
6244,105,MOBILE WEB,50,Sun,9,1,drink,sports,Male,11.25,15
6245,62,MOBILE WEB,40,Fri,7,1,drink,sports,Male,11.25,15
6246,165,MOBILE WEB,10,Fri,23,0,education,entertainment,Female,3.75,7.5
6247,137,MOBILE WEB,30,Mon,7,0,education,entertainment,Male,7.5,11.25
6248,128,MOBILE WEB,30,Fri,19,1,drink,sports,Male,11.25,15
6249,195,MOBILE APP,20,Wed,10,0,corporation,entertainment,Female,0,3.75
6250,175,PC WEB,40,Wed,8,1,health_food,entertainment,Female,11.25,15
6251,71,MOBILE WEB,40,Thu,15,0,corporation,sports,Male,3.75,7.5
6252,177,MOBILE WEB,40,Wed,15,0,corporation,sports,Male,3.75,7.5
6253,204,MOBILE APP,10,Sat,1,0,health_food,entertainment,Female,3.75,7.5
6254,60,MOBILE WEB,30,Sat,10,1,drink,sports,Male,11.25,15
6255,229,MOBILE WEB,10,Mon,1,1,health_food,entertainment,Female,11.25,15
6256,77,MOBILE WEB,20,Sun,14,1,drink,sports,Male,11.25,15
6257,151,MOBILE WEB,30,Mon,12,0,electronics,entertainment,Male,3.75,7.5
6258,154,MOBILE WEB,20,Mon,2,0,food,entertainment,Female,3.75,7.5
6259,129,MOBILE APP,20,Sun,22,0,education,entertainment,Female,7.5,11.25
6260,205,MOBILE WEB,40,Sat,15,1,drink,sports,Male,11.25,15
6261,99,MOBILE WEB,40,Thu,19,0,food,sports,Male,3.75,7.5
6262,76,MOBILE WEB,40,Thu,23,0,food,drama,Female,3.75,7.5
6263,232,MOBILE WEB,10,Mon,23,1,drink,entertainment,Female,11.25,15
6264,158,MOBILE WEB,40,Fri,22,0,drink,entertainment,Male,0,3.75
6265,189,MOBILE WEB,20,Sat,14,0,health_food,entertainment,Female,0,3.75
6266,182,MOBILE WEB,40,Fri,23,1,food,drama,Male,11.25,15
6267,145,MOBILE WEB,20,Thu,16,1,movie,music,Male,11.25,15
6268,151,MOBILE WEB,20,Fri,1,0,medicine,entertainment,Male,3.75,7.5
6269,105,MOBILE WEB,20,Sat,23,0,drink,drama,Female,3.75,7.5
6270,146,MOBILE WEB,10,Sat,14,0,education,drama,Male,7.5,11.25
6271,160,MOBILE WEB,30,Sun,11,0,medicine,entertainment,Female,11.25,15
6272,120,PC WEB,60,Thu,21,1,movie,entertainment,Female,11.25,15
6273,180,MOBILE WEB,40,Wed,18,0,health_food,entertainment,Female,3.75,7.5
6274,104,MOBILE WEB,40,Thu,8,1,drink,drama,Female,11.25,15
6275,119,PC WEB,20,Thu,11,0,woman,entertainment,Female,3.75,7.5
6276,80,MOBILE WEB,40,Tue,13,0,corporation,sports,Male,3.75,7.5
6277,172,MOBILE WEB,20,Fri,17,0,health_food,information,Male,3.75,7.5
6278,100,MOBILE WEB,50,Tue,12,0,corporation,sports,Male,3.75,7.5
6279,88,MOBILE WEB,40,Sat,13,0,drink,sports,Male,3.75,7.5
6280,196,MOBILE WEB,30,Wed,21,0,drink,entertainment,Male,7.5,11.25
6281,87,MOBILE WEB,20,Mon,10,0,health_food,entertainment,Female,3.75,7.5
6282,100,MOBILE WEB,40,Sat,16,1,drink,sports,Male,11.25,15
6283,80,MOBILE WEB,30,Fri,10,0,corporation,sports,Male,3.75,7.5
6284,101,MOBILE WEB,40,Sat,12,0,drink,sports,Male,3.75,7.5
6285,116,MOBILE WEB,50,Thu,8,0,drink,sports,Male,3.75,7.5
6286,685,MOBILE WEB,40,Sun,20,1,drink,sports,Male,11.25,15
6287,131,MOBILE WEB,20,Wed,18,1,drink,sports,Male,11.25,15
6288,169,MOBILE WEB,50,Wed,7,1,food,drama,Female,11.25,15
6289,505,MOBILE APP,20,Mon,23,0,food,entertainment,Female,3.75,7.5
6290,627,MOBILE WEB,40,Sat,17,1,drink,sports,Male,11.25,15
6291,175,MOBILE WEB,20,Tue,23,0,food,entertainment,Female,3.75,7.5
6292,149,PC WEB,50,Mon,14,1,man,entertainment,Female,11.25,15
6293,198,MOBILE WEB,40,Sat,20,0,movie,entertainment,Female,0,3.75
6294,215,MOBILE WEB,30,Sat,8,0,health_food,music,Female,11.25,15
6295,93,MOBILE WEB,20,Sun,12,0,corporation,sports,Male,3.75,7.5
6296,73,MOBILE WEB,40,Sat,22,0,drink,music,Male,0,3.75
6297,188,PC WEB,50,Mon,12,0,medicine,drama,Female,3.75,7.5
6298,148,MOBILE WEB,50,Fri,21,1,movie,entertainment,Female,11.25,15
6299,60,MOBILE WEB,20,Sat,13,1,drink,sports,Male,11.25,15
6300,253,MOBILE APP,10,Fri,12,0,education,drama,Female,7.5,11.25
6301,90,MOBILE WEB,20,Mon,19,0,education,drama,Female,3.75,7.5
6302,115,MOBILE WEB,30,Tue,13,0,movie,entertainment,Female,11.25,15
6303,174,MOBILE WEB,50,Thu,7,0,medicine,entertainment,Male,3.75,7.5
6304,116,MOBILE WEB,30,Mon,19,0,drink,sports,Male,3.75,7.5
6305,65,MOBILE WEB,40,Sun,15,0,health_food,sports,Male,3.75,7.5
6306,74,MOBILE WEB,10,Fri,16,1,drink,sports,Male,11.25,15
6307,172,MOBILE WEB,10,Fri,0,0,health_food,drama,Female,11.25,15
6308,103,MOBILE WEB,30,Fri,9,0,drink,sports,Male,3.75,7.5
6309,170,MOBILE WEB,30,Thu,12,0,food,entertainment,Female,3.75,7.5
6310,104,MOBILE WEB,20,Sun,16,0,drink,drama,Female,0,3.75
6311,142,MOBILE WEB,30,Thu,23,0,government,drama,Female,7.5,11.25
6312,72,MOBILE WEB,40,Sat,13,1,health_food,sports,Male,11.25,15
6313,95,MOBILE WEB,50,Mon,10,0,corporation,sports,Male,3.75,7.5
6314,125,PC WEB,40,Mon,20,0,drink,sports,Male,3.75,7.5
6315,90,MOBILE WEB,30,Sat,19,0,corporation,sports,Male,3.75,7.5
6316,211,MOBILE WEB,40,Tue,21,0,drink,sports,Male,7.5,11.25
6317,67,MOBILE WEB,40,Tue,15,1,drink,sports,Male,11.25,15
6318,151,MOBILE WEB,20,Thu,11,0,drink,entertainment,Female,3.75,7.5
6319,163,MOBILE WEB,20,Mon,22,0,drink,entertainment,Female,3.75,7.5
6320,128,MOBILE WEB,40,Mon,1,1,food,entertainment,Male,11.25,15
6321,180,MOBILE WEB,50,Wed,13,0,health_food,entertainment,Female,7.5,11.25
6322,102,PC WEB,20,Sat,9,0,education,entertainment,Female,7.5,11.25
6323,709,MOBILE WEB,40,Sun,4,0,corporation,sports,Male,3.75,7.5
6324,64,MOBILE WEB,30,Wed,9,0,corporation,sports,Male,3.75,7.5
6325,108,MOBILE WEB,50,Mon,7,0,health_food,entertainment,Male,0,3.75
6326,134,MOBILE WEB,10,Mon,18,0,health_food,entertainment,Female,3.75,7.5
6327,88,MOBILE WEB,40,Sat,13,0,food,sports,Male,0,3.75
6328,194,MOBILE WEB,30,Mon,9,0,drink,entertainment,Female,3.75,7.5
6329,206,MOBILE WEB,20,Sat,14,0,corporation,sports,Female,3.75,7.5
6330,228,MOBILE WEB,50,Thu,20,0,food,entertainment,Female,3.75,7.5
6331,211,PC WEB,30,Thu,14,1,health_food,drama,Female,11.25,15
6332,597,MOBILE WEB,60,Sat,16,0,corporation,sports,Male,0,3.75
6333,99,MOBILE WEB,30,Thu,12,0,corporation,sports,Male,3.75,7.5
6334,201,MOBILE WEB,10,Tue,16,0,food,entertainment,Female,3.75,7.5
6335,223,MOBILE WEB,30,Fri,22,0,health_food,music,Female,3.75,7.5
6336,181,PC WEB,30,Wed,11,0,education,entertainment,Female,3.75,7.5
6337,61,MOBILE WEB,30,Sat,2,1,food,entertainment,Female,11.25,15
6338,187,PC WEB,40,Fri,10,1,movie,entertainment,Male,11.25,15
6339,152,MOBILE WEB,30,Mon,23,0,drink,entertainment,Female,11.25,15
6340,335,MOBILE WEB,40,Thu,22,0,food,entertainment,Female,3.75,7.5
6341,143,MOBILE WEB,30,Tue,21,0,drink,entertainment,Female,3.75,7.5
6342,206,MOBILE WEB,30,Sun,3,1,health_food,drama,Female,11.25,15
6343,214,MOBILE WEB,20,Sat,2,0,health_food,entertainment,Female,3.75,7.5
6344,81,MOBILE WEB,30,Wed,8,0,corporation,entertainment,Male,0,3.75
6345,72,PC WEB,50,Wed,13,0,corporation,sports,Male,3.75,7.5
6346,152,MOBILE WEB,20,Mon,23,0,drink,entertainment,Female,3.75,7.5
6347,139,MOBILE WEB,20,Tue,16,0,food,entertainment,Female,3.75,7.5
6348,176,MOBILE WEB,50,Sun,9,0,government,drama,Female,3.75,7.5
6349,117,MOBILE WEB,40,Mon,11,0,food,entertainment,Female,0,3.75
6350,217,PC WEB,20,Thu,14,0,medicine,entertainment,Female,11.25,15
6351,83,MOBILE WEB,30,Thu,15,0,health_food,sports,Male,7.5,11.25
6352,627,MOBILE WEB,40,Sat,17,1,drink,sports,Male,11.25,15
6353,237,MOBILE WEB,40,Sat,19,1,drink,sports,Male,11.25,15
6354,170,MOBILE WEB,40,Mon,8,0,corporation,sports,Male,0,3.75
6355,116,MOBILE WEB,60,Sat,14,1,finance,sports,Male,11.25,15
6356,202,MOBILE WEB,40,Fri,7,0,medicine,entertainment,Female,3.75,7.5
6357,61,PC WEB,20,Fri,3,1,drink,sports,Male,11.25,15
6358,201,MOBILE WEB,30,Thu,23,1,medicine,drama,Female,11.25,15
6359,164,MOBILE WEB,40,Tue,23,0,health_food,entertainment,Male,3.75,7.5
6360,155,MOBILE WEB,20,Sun,18,0,movie,entertainment,Female,7.5,11.25
6361,155,MOBILE APP,20,Thu,19,0,food,entertainment,Female,0,3.75
6362,81,MOBILE WEB,30,Tue,14,0,drink,sports,Male,3.75,7.5
6363,102,MOBILE WEB,20,Sun,13,0,government,drama,Male,7.5,11.25
6364,207,MOBILE WEB,20,Sun,17,0,movie,music,Female,7.5,11.25
6365,180,MOBILE WEB,30,Mon,13,0,movie,entertainment,Female,3.75,7.5
6366,115,PC WEB,30,Wed,11,1,drink,sports,Female,11.25,15
6367,160,MOBILE WEB,40,Sat,11,0,food,entertainment,Female,7.5,11.25
6368,226,MOBILE WEB,20,Fri,23,1,health_food,drama,Male,11.25,15
6369,390,MOBILE WEB,30,Sat,12,0,food,entertainment,Female,7.5,11.25
6370,81,MOBILE WEB,40,Fri,2,0,government,current_affairs,Female,3.75,7.5
6371,627,MOBILE WEB,40,Sat,17,1,drink,sports,Male,11.25,15
6372,239,MOBILE WEB,20,Thu,20,0,education,music,Female,3.75,7.5
6373,169,MOBILE WEB,30,Wed,13,0,food,entertainment,Female,7.5,11.25
6374,196,MOBILE WEB,40,Tue,7,0,food,entertainment,Male,3.75,7.5
6375,224,MOBILE WEB,30,Sun,15,0,corporation,sports,Male,7.5,11.25
6376,187,MOBILE WEB,20,Sat,0,0,woman,entertainment,Female,3.75,7.5
6377,73,PC WEB,30,Wed,14,0,drink,sports,Male,3.75,7.5
6378,70,MOBILE WEB,50,Sat,18,0,corporation,sports,Male,3.75,7.5
6379,92,MOBILE WEB,50,Mon,0,0,government,drama,Female,0,3.75
6380,101,MOBILE WEB,30,Sun,2,0,drink,drama,Female,3.75,7.5
6381,185,MOBILE WEB,20,Thu,23,1,food,drama,Female,11.25,15
6382,117,PC WEB,30,Thu,0,0,medicine,drama,Female,11.25,15
6383,252,MOBILE WEB,30,Tue,8,0,food,entertainment,Female,3.75,7.5
6384,63,PC WEB,50,Mon,13,0,drink,sports,Male,3.75,7.5
6385,786,MOBILE WEB,50,Sun,14,0,finance,sports,Female,3.75,7.5
6386,627,MOBILE WEB,30,Sat,17,1,drink,sports,Male,11.25,15
6387,175,MOBILE APP,20,Sun,12,0,food,drama,Female,7.5,11.25
6388,173,MOBILE WEB,30,Thu,19,0,health_food,information,Female,3.75,7.5
6389,73,MOBILE WEB,50,Mon,7,0,pet,sports,Male,3.75,7.5
6390,149,MOBILE WEB,40,Mon,3,0,health_food,entertainment,Female,3.75,7.5
6391,74,PC WEB,50,Wed,7,1,corporation,sports,Male,11.25,15
6392,627,MOBILE WEB,20,Sat,16,1,drink,sports,Male,11.25,15
6393,136,MOBILE WEB,30,Fri,8,1,movie,entertainment,Male,11.25,15
6394,126,MOBILE WEB,30,Wed,8,0,corporation,entertainment,Female,7.5,11.25
6395,145,MOBILE WEB,20,Sat,23,0,drink,entertainment,Female,3.75,7.5
6396,177,MOBILE WEB,30,Thu,17,0,government,entertainment,Female,3.75,7.5
6397,204,MOBILE WEB,10,Mon,7,0,education,entertainment,Female,3.75,7.5
6398,64,MOBILE WEB,30,Wed,11,0,corporation,sports,Male,3.75,7.5
6399,100,MOBILE WEB,20,Wed,9,1,drink,sports,Male,11.25,15
6400,238,MOBILE WEB,30,Mon,0,0,education,drama,Male,7.5,11.25
6401,138,PC WEB,60,Wed,20,0,drink,sports,Male,3.75,7.5
6402,178,MOBILE WEB,40,Sat,20,0,drink,music,Female,0,3.75
6403,154,MOBILE WEB,20,Sat,13,1,drink,sports,Male,11.25,15
6404,213,MOBILE WEB,40,Wed,12,0,drink,sports,Male,3.75,7.5
6405,347,MOBILE APP,10,Sat,19,0,drink,sports,Male,3.75,7.5
6406,81,MOBILE WEB,10,Fri,18,0,electronics,entertainment,Female,0,3.75
6407,180,MOBILE WEB,40,Wed,14,1,health_food,entertainment,Male,11.25,15
6408,154,MOBILE WEB,40,Fri,0,0,food,drama,Female,0,3.75
6409,102,MOBILE WEB,30,Sat,19,0,drink,music,Male,3.75,7.5
6410,140,MOBILE WEB,20,Mon,14,0,medicine,drama,Female,3.75,7.5
6411,72,MOBILE WEB,50,Thu,6,0,corporation,sports,Male,3.75,7.5
6412,81,PC WEB,50,Thu,16,0,pet,sports,Male,7.5,11.25
6413,237,MOBILE WEB,30,Sat,18,1,drink,sports,Male,11.25,15
6414,72,PC WEB,50,Wed,12,0,corporation,sports,Male,7.5,11.25
6415,65,MOBILE WEB,10,Tue,14,0,corporation,sports,Male,3.75,7.5
6416,101,MOBILE WEB,30,Sat,12,0,corporation,sports,Male,3.75,7.5
6417,233,MOBILE WEB,30,Thu,0,0,corporation,sports,Male,3.75,7.5
6418,60,MOBILE WEB,30,Sat,13,1,drink,sports,Male,11.25,15
6419,100,MOBILE WEB,10,Sat,15,0,corporation,sports,Male,3.75,7.5
6420,118,MOBILE WEB,30,Sun,19,0,health_food,drama,Female,3.75,7.5
6421,199,MOBILE WEB,30,Sun,15,0,food,entertainment,Female,7.5,11.25
6422,66,MOBILE WEB,50,Sun,15,0,government,sports,Male,0,3.75
6423,228,MOBILE WEB,50,Mon,10,0,electronics,entertainment,Female,7.5,11.25
6424,202,MOBILE WEB,30,Sat,2,0,drink,entertainment,Female,3.75,7.5
6425,193,MOBILE WEB,30,Sun,20,0,drink,entertainment,Female,3.75,7.5
6426,68,MOBILE WEB,30,Fri,12,0,drink,sports,Male,3.75,7.5
6427,127,MOBILE WEB,40,Thu,6,0,drink,drama,Male,3.75,7.5
6428,121,MOBILE WEB,40,Sun,14,1,drink,sports,Male,11.25,15
6429,122,MOBILE WEB,40,Tue,21,0,health_food,entertainment,Female,0,3.75
6430,171,MOBILE WEB,10,Tue,7,0,health_food,drama,Male,3.75,7.5
6431,741,MOBILE WEB,40,Sat,11,0,health_food,sports,Female,3.75,7.5
6432,62,MOBILE WEB,30,Fri,18,1,drink,sports,Male,11.25,15
6433,340,MOBILE WEB,20,Sun,23,0,medicine,drama,Female,3.75,7.5
6434,155,MOBILE WEB,40,Sun,14,1,health_food,entertainment,Female,11.25,15
6435,151,PC WEB,40,Fri,12,0,woman,entertainment,Male,3.75,7.5
6436,298,MOBILE WEB,30,Tue,17,0,pet,entertainment,Female,0,3.75
6437,173,PC WEB,50,Wed,13,0,drink,drama,Female,3.75,7.5
6438,125,PC WEB,40,Fri,16,1,drink,sports,Male,11.25,15
6439,69,PC WEB,30,Tue,14,0,corporation,sports,Male,7.5,11.25
6440,64,MOBILE WEB,50,Tue,14,0,drink,sports,Male,7.5,11.25
6441,101,MOBILE WEB,50,Sat,13,0,drink,sports,Female,3.75,7.5
6442,126,MOBILE WEB,50,Mon,11,0,movie,entertainment,Female,3.75,7.5
6443,64,MOBILE WEB,30,Tue,13,0,corporation,sports,Male,11.25,15
6444,300,MOBILE WEB,30,Sun,10,0,food,drama,Female,3.75,7.5
6445,97,MOBILE WEB,20,Fri,17,1,drink,sports,Male,11.25,15
6446,129,MOBILE WEB,30,Thu,22,0,health_food,drama,Female,3.75,7.5
6447,62,MOBILE WEB,20,Tue,15,0,corporation,sports,Male,3.75,7.5
6448,93,MOBILE WEB,20,Sun,13,1,movie,entertainment,Female,11.25,15
6449,258,MOBILE WEB,50,Sun,14,1,woman,music,Female,11.25,15
6450,167,MOBILE WEB,30,Mon,13,1,food,entertainment,Female,11.25,15
6451,83,MOBILE WEB,40,Thu,15,0,corporation,sports,Male,7.5,11.25
6452,201,MOBILE WEB,30,Fri,21,0,health_food,music,Female,3.75,7.5
6453,194,MOBILE WEB,20,Sun,0,0,education,entertainment,Female,7.5,11.25
6454,81,PC WEB,30,Mon,11,1,finance,sports,Male,11.25,15
6455,64,MOBILE WEB,40,Sat,19,0,health_food,music,Female,3.75,7.5
6456,162,MOBILE WEB,20,Sat,5,0,food,entertainment,Male,3.75,7.5
6457,84,MOBILE WEB,50,Wed,19,0,corporation,sports,Male,11.25,15
6458,189,MOBILE WEB,40,Sun,15,1,medicine,drama,Female,11.25,15
6459,87,MOBILE WEB,30,Sun,22,1,health_food,entertainment,Male,11.25,15
6460,164,MOBILE APP,10,Mon,23,0,health_food,entertainment,Female,3.75,7.5
6461,211,MOBILE WEB,30,Sun,0,0,pet,drama,Male,3.75,7.5
6462,203,MOBILE WEB,20,Fri,23,0,movie,entertainment,Female,7.5,11.25
6463,189,MOBILE WEB,20,Wed,11,1,medicine,drama,Male,11.25,15
6464,154,MOBILE WEB,20,Sat,13,1,drink,sports,Male,11.25,15
6465,112,MOBILE WEB,30,Sat,14,1,drink,sports,Male,11.25,15
6466,177,MOBILE WEB,20,Sat,19,0,food,entertainment,Male,7.5,11.25
6467,190,MOBILE WEB,30,Mon,20,0,drink,entertainment,Female,7.5,11.25
6468,208,MOBILE WEB,40,Thu,1,0,drink,drama,Female,3.75,7.5
6469,201,MOBILE WEB,20,Sun,20,0,corporation,sports,Male,3.75,7.5
6470,112,MOBILE WEB,30,Sat,16,1,drink,sports,Male,11.25,15
6471,115,MOBILE WEB,30,Fri,11,0,drink,sports,Male,7.5,11.25
6472,125,MOBILE WEB,40,Thu,7,0,health_food,information,Female,3.75,7.5
6473,225,MOBILE WEB,30,Fri,22,0,food,entertainment,Female,3.75,7.5
6474,168,MOBILE WEB,30,Sat,7,0,food,entertainment,Female,3.75,7.5
6475,118,MOBILE WEB,20,Fri,21,0,corporation,sports,Male,0,3.75
6476,109,MOBILE WEB,40,Sun,22,0,health_food,drama,Male,7.5,11.25
6477,72,MOBILE WEB,40,Wed,12,1,drink,sports,Male,11.25,15
6478,163,MOBILE WEB,40,Mon,22,0,drink,drama,Female,7.5,11.25
6479,116,PC WEB,30,Wed,16,0,drink,sports,Male,3.75,7.5
6480,163,PC WEB,30,Fri,15,0,drink,drama,Female,3.75,7.5
6481,747,MOBILE WEB,30,Sun,17,0,health_food,sports,Male,3.75,7.5
6482,86,MOBILE WEB,20,Fri,13,0,government,sports,Male,3.75,7.5
6483,61,MOBILE WEB,30,Tue,17,0,drink,sports,Male,3.75,7.5
6484,97,MOBILE WEB,30,Tue,12,0,corporation,sports,Male,3.75,7.5
6485,67,MOBILE WEB,40,Tue,16,1,drink,sports,Male,11.25,15
6486,237,MOBILE WEB,30,Sat,16,1,drink,sports,Male,11.25,15
6487,787,MOBILE WEB,40,Mon,18,0,drink,sports,Male,3.75,7.5
6488,225,MOBILE WEB,40,Sat,7,0,movie,entertainment,Female,11.25,15
6489,627,MOBILE WEB,30,Sat,15,1,drink,sports,Male,11.25,15
6490,217,MOBILE WEB,40,Mon,9,0,woman,entertainment,Female,0,3.75
6491,132,MOBILE WEB,60,Wed,15,0,pet,entertainment,Male,3.75,7.5
6492,67,MOBILE WEB,40,Tue,13,0,corporation,sports,Male,3.75,7.5
6493,116,MOBILE WEB,40,Mon,12,0,food,sports,Male,3.75,7.5
6494,178,MOBILE WEB,20,Sat,23,0,medicine,entertainment,Female,7.5,11.25
6495,202,MOBILE APP,20,Thu,21,0,education,entertainment,Female,3.75,7.5
6496,170,MOBILE WEB,60,Wed,8,0,food,entertainment,Female,3.75,7.5
6497,197,MOBILE WEB,20,Thu,9,0,movie,drama,Male,11.25,15
6498,165,MOBILE WEB,40,Sun,18,1,drink,entertainment,Female,11.25,15
6499,161,MOBILE WEB,30,Sat,10,0,corporation,sports,Female,3.75,7.5
6500,61,MOBILE WEB,20,Sun,11,1,finance,sports,Male,11.25,15
6501,84,MOBILE WEB,50,Sun,8,0,corporation,sports,Male,7.5,11.25
6502,100,MOBILE WEB,40,Sat,17,1,drink,sports,Male,11.25,15
6503,145,MOBILE WEB,30,Thu,14,0,drink,entertainment,Female,3.75,7.5
6504,109,PC WEB,10,Mon,12,1,electronics,entertainment,Female,11.25,15
6505,135,MOBILE WEB,30,Sun,2,0,health_food,drama,Female,3.75,7.5
6506,93,PC WEB,40,Thu,17,0,drink,sports,Male,3.75,7.5
6507,67,MOBILE WEB,40,Sun,10,0,corporation,sports,Male,3.75,7.5
6508,127,MOBILE WEB,40,Sat,3,0,food,entertainment,Female,0,3.75
6509,61,MOBILE WEB,20,Tue,17,0,corporation,sports,Male,3.75,7.5
6510,110,MOBILE WEB,30,Wed,7,0,woman,entertainment,Female,3.75,7.5
6511,91,MOBILE WEB,20,Sat,13,0,drink,entertainment,Female,3.75,7.5
6512,117,PC WEB,50,Mon,14,0,finance,sports,Male,3.75,7.5
6513,202,PC WEB,10,Sat,19,0,health_food,entertainment,Female,7.5,11.25
6514,106,MOBILE WEB,40,Mon,11,0,corporation,sports,Male,3.75,7.5
6515,152,MOBILE WEB,30,Fri,9,0,drink,entertainment,Female,3.75,7.5
6516,232,MOBILE APP,50,Sat,9,0,medicine,entertainment,Female,3.75,7.5
6517,139,MOBILE WEB,10,Sat,10,0,medicine,drama,Female,3.75,7.5
6518,118,MOBILE WEB,30,Thu,23,0,education,drama,Female,3.75,7.5
6519,101,MOBILE WEB,30,Sat,21,0,drink,sports,Male,3.75,7.5
6520,310,MOBILE WEB,60,Tue,18,0,government,music,Female,11.25,15
6521,136,MOBILE WEB,30,Wed,13,0,drink,entertainment,Female,3.75,7.5
6522,124,MOBILE WEB,30,Fri,8,0,food,entertainment,Female,3.75,7.5
6523,83,MOBILE WEB,50,Thu,19,0,health_food,sports,Male,3.75,7.5
6524,89,PC WEB,60,Mon,14,1,finance,sports,Male,11.25,15
6525,79,MOBILE WEB,40,Mon,7,0,drink,sports,Male,3.75,7.5
6526,206,MOBILE WEB,40,Tue,12,0,food,information,Female,3.75,7.5
6527,219,MOBILE WEB,40,Tue,18,1,food,entertainment,Female,11.25,15
6528,190,MOBILE WEB,30,Mon,15,1,food,entertainment,Female,11.25,15
6529,199,MOBILE WEB,30,Sun,22,0,movie,entertainment,Male,3.75,7.5
6530,103,PC WEB,30,Fri,12,1,corporation,sports,Female,11.25,15
6531,179,MOBILE WEB,40,Fri,23,0,drink,drama,Female,3.75,7.5
6532,126,MOBILE WEB,30,Mon,16,0,government,entertainment,Female,3.75,7.5
6533,67,MOBILE WEB,40,Tue,18,1,drink,sports,Male,11.25,15
6534,147,MOBILE WEB,40,Mon,21,0,medicine,entertainment,Female,0,3.75
6535,159,MOBILE WEB,50,Thu,23,0,food,entertainment,Female,3.75,7.5
6536,200,MOBILE WEB,10,Mon,0,0,education,drama,Male,7.5,11.25
6537,94,MOBILE WEB,40,Tue,22,0,corporation,entertainment,Female,7.5,11.25
6538,113,MOBILE WEB,40,Mon,23,0,government,drama,Female,3.75,7.5
6539,154,MOBILE WEB,40,Mon,7,0,movie,entertainment,Female,3.75,7.5
6540,138,MOBILE WEB,40,Sat,20,0,food,entertainment,Female,7.5,11.25
6541,60,MOBILE WEB,40,Thu,10,1,education,drama,Female,11.25,15
6542,184,MOBILE APP,20,Fri,0,0,drink,drama,Female,7.5,11.25
6543,202,MOBILE WEB,50,Fri,21,1,government,entertainment,Female,11.25,15
6544,164,MOBILE WEB,30,Sun,8,0,food,entertainment,Female,3.75,7.5
6545,316,MOBILE WEB,20,Fri,13,0,food,entertainment,Female,3.75,7.5
6546,174,MOBILE WEB,40,Sun,10,0,health_food,entertainment,Male,3.75,7.5
6547,68,MOBILE WEB,60,Tue,23,1,corporation,entertainment,Female,11.25,15
6548,171,MOBILE WEB,40,Mon,1,0,movie,drama,Female,7.5,11.25
6549,146,MOBILE WEB,40,Sun,11,0,education,entertainment,Female,3.75,7.5
6550,182,PC WEB,20,Thu,22,1,movie,drama,Female,11.25,15
6551,118,PC WEB,30,Fri,21,1,corporation,sports,Male,11.25,15
6552,78,PC WEB,40,Sat,14,0,corporation,sports,Male,3.75,7.5
6553,216,MOBILE WEB,40,Tue,11,1,food,entertainment,Female,11.25,15
6554,167,PC WEB,30,Wed,12,0,corporation,sports,Male,3.75,7.5
6555,164,MOBILE WEB,10,Sat,20,0,drink,entertainment,Male,3.75,7.5
6556,172,MOBILE WEB,20,Fri,7,1,drink,drama,Female,11.25,15
6557,124,MOBILE WEB,40,Thu,21,0,food,entertainment,Female,3.75,7.5
6558,350,MOBILE WEB,40,Thu,21,0,movie,music,Male,7.5,11.25
6559,174,MOBILE WEB,30,Tue,8,0,government,entertainment,Male,7.5,11.25
6560,68,PC WEB,50,Wed,12,0,corporation,sports,Male,0,3.75
6561,237,MOBILE WEB,20,Sat,18,1,drink,sports,Male,11.25,15
6562,124,MOBILE WEB,40,Sun,16,0,drink,entertainment,Female,3.75,7.5
6563,67,PC WEB,40,Tue,15,1,drink,sports,Male,11.25,15
6564,144,PC WEB,50,Thu,8,0,health_food,entertainment,Male,3.75,7.5
6565,223,MOBILE WEB,30,Tue,12,0,food,entertainment,Female,3.75,7.5
6566,92,MOBILE APP,20,Sun,18,0,education,drama,Female,0,3.75
6567,110,MOBILE WEB,40,Tue,22,0,corporation,entertainment,Female,0,3.75
6568,166,MOBILE WEB,40,Thu,1,0,electronics,entertainment,Male,11.25,15
6569,62,PC WEB,40,Fri,12,0,corporation,sports,Male,3.75,7.5
6570,88,MOBILE WEB,40,Sat,11,0,drink,sports,Male,3.75,7.5
6571,228,MOBILE WEB,10,Fri,19,0,movie,entertainment,Male,3.75,7.5
6572,196,MOBILE WEB,30,Wed,13,0,food,entertainment,Male,3.75,7.5
6573,309,MOBILE WEB,40,Sat,21,0,medicine,information,Female,3.75,7.5
6574,67,MOBILE WEB,60,Sun,11,0,drink,sports,Male,0,3.75
6575,72,MOBILE WEB,30,Wed,13,1,drink,sports,Female,11.25,15
6576,67,PC WEB,40,Tue,15,1,drink,sports,Male,11.25,15
6577,212,MOBILE WEB,30,Fri,20,0,food,drama,Female,3.75,7.5
6578,84,MOBILE WEB,50,Thu,12,0,drink,sports,Male,0,3.75
6579,71,MOBILE WEB,30,Mon,14,0,finance,sports,Male,3.75,7.5
6580,188,MOBILE WEB,30,Mon,1,0,movie,drama,Female,3.75,7.5
6581,93,MOBILE WEB,50,Sun,8,0,drink,sports,Male,0,3.75
6582,86,MOBILE WEB,40,Fri,13,0,corporation,sports,Male,7.5,11.25
6583,215,MOBILE WEB,10,Fri,19,0,food,music,Male,3.75,7.5
6584,201,MOBILE WEB,30,Wed,7,1,food,entertainment,Female,11.25,15
6585,150,MOBILE WEB,20,Mon,14,0,education,drama,Female,3.75,7.5
6586,237,MOBILE WEB,40,Sat,18,1,drink,sports,Male,11.25,15
6587,118,MOBILE WEB,50,Fri,22,0,corporation,sports,Male,3.75,7.5
6588,235,MOBILE WEB,50,Wed,7,0,government,entertainment,Male,0,3.75
6589,211,MOBILE WEB,40,Sun,13,1,drink,sports,Male,11.25,15
6590,309,MOBILE WEB,30,Thu,20,0,movie,entertainment,Female,3.75,7.5
6591,90,MOBILE WEB,30,Fri,15,0,health_food,entertainment,Male,3.75,7.5
6592,163,MOBILE WEB,40,Wed,0,0,medicine,drama,Male,0,3.75
6593,775,MOBILE WEB,20,Mon,19,0,pet,entertainment,Male,3.75,7.5
6594,152,MOBILE WEB,40,Sat,17,0,drink,entertainment,Female,3.75,7.5
6595,136,MOBILE WEB,40,Fri,20,0,education,drama,Female,3.75,7.5
6596,64,PC WEB,50,Wed,11,0,corporation,sports,Male,3.75,7.5
6597,61,MOBILE WEB,30,Wed,9,0,drink,sports,Male,3.75,7.5
6598,711,MOBILE WEB,50,Wed,21,0,drink,sports,Female,7.5,11.25
6599,160,MOBILE WEB,60,Thu,23,0,health_food,entertainment,Female,3.75,7.5
6600,135,MOBILE WEB,30,Mon,23,0,government,drama,Female,3.75,7.5
6601,206,MOBILE WEB,40,Thu,13,0,drink,sports,Male,3.75,7.5
6602,107,MOBILE WEB,40,Thu,7,0,drink,entertainment,Male,3.75,7.5
6603,144,MOBILE WEB,40,Thu,0,0,health_food,entertainment,Male,3.75,7.5
6604,138,MOBILE WEB,20,Wed,19,0,drink,sports,Female,0,3.75
6605,178,MOBILE WEB,60,Fri,14,1,electronics,drama,Female,11.25,15
6606,198,MOBILE WEB,30,Sun,17,0,health_food,entertainment,Female,3.75,7.5
6607,67,MOBILE WEB,40,Sun,18,0,drink,sports,Male,11.25,15
6608,188,MOBILE WEB,40,Thu,0,1,pet,entertainment,Female,11.25,15
6609,72,MOBILE WEB,50,Mon,9,0,drink,sports,Male,3.75,7.5
6610,65,MOBILE WEB,30,Sun,16,0,drink,sports,Male,3.75,7.5
6611,126,MOBILE WEB,30,Sat,15,0,drink,sports,Male,7.5,11.25
6612,230,MOBILE WEB,20,Tue,21,0,food,music,Female,3.75,7.5
6613,101,MOBILE WEB,30,Sat,14,0,food,sports,Male,3.75,7.5
6614,152,MOBILE WEB,30,Tue,13,0,health_food,entertainment,Female,3.75,7.5
6615,119,MOBILE WEB,40,Thu,16,0,food,entertainment,Female,3.75,7.5
6616,86,MOBILE WEB,50,Sat,8,0,corporation,sports,Male,3.75,7.5
6617,189,MOBILE WEB,40,Sat,1,1,government,entertainment,Female,11.25,15
6618,797,MOBILE WEB,40,Wed,16,1,corporation,sports,Male,11.25,15
6619,101,MOBILE WEB,30,Sat,12,0,drink,sports,Male,3.75,7.5
6620,219,MOBILE WEB,30,Fri,8,0,health_food,drama,Female,7.5,11.25
6621,102,MOBILE WEB,20,Tue,6,0,health_food,entertainment,Female,11.25,15
6622,206,MOBILE WEB,20,Thu,16,0,drink,sports,Male,7.5,11.25
6623,186,MOBILE WEB,30,Sat,17,0,health_food,entertainment,Female,3.75,7.5
6624,178,MOBILE WEB,20,Mon,1,1,government,entertainment,Male,11.25,15
6625,688,MOBILE WEB,50,Mon,14,0,finance,sports,Male,3.75,7.5
6626,155,PC WEB,40,Thu,8,0,movie,drama,Female,3.75,7.5
6627,101,MOBILE WEB,20,Sat,13,1,drink,sports,Male,11.25,15
6628,73,MOBILE WEB,40,Sun,19,0,corporation,sports,Male,0,3.75
6629,67,MOBILE WEB,20,Sun,8,0,medicine,entertainment,Female,3.75,7.5
6630,133,MOBILE WEB,20,Tue,14,1,drink,drama,Female,11.25,15
6631,117,MOBILE APP,10,Sun,4,0,health_food,drama,Female,3.75,7.5
6632,118,MOBILE WEB,20,Thu,0,0,drink,drama,Female,3.75,7.5
6633,93,MOBILE WEB,40,Sun,15,0,corporation,sports,Male,3.75,7.5
6634,64,MOBILE WEB,50,Wed,19,0,corporation,sports,Male,3.75,7.5
6635,205,MOBILE WEB,10,Tue,21,0,drink,entertainment,Female,3.75,7.5
6636,166,MOBILE WEB,40,Sun,20,0,food,entertainment,Female,7.5,11.25
6637,61,MOBILE WEB,50,Sat,14,0,corporation,sports,Male,3.75,7.5
6638,115,MOBILE WEB,50,Fri,16,0,corporation,sports,Male,3.75,7.5
6639,141,MOBILE WEB,50,Tue,0,0,food,entertainment,Female,11.25,15
6640,177,MOBILE WEB,50,Thu,19,0,health_food,entertainment,Female,3.75,7.5
6641,155,MOBILE WEB,20,Thu,2,0,electronics,entertainment,Female,3.75,7.5
6642,202,MOBILE WEB,30,Thu,19,1,food,entertainment,Female,11.25,15
6643,85,MOBILE WEB,40,Fri,12,1,corporation,sports,Male,11.25,15
6644,177,MOBILE WEB,40,Thu,17,0,food,entertainment,Female,0,3.75
6645,86,PC WEB,60,Sat,16,1,drink,sports,Male,11.25,15
6646,390,MOBILE APP,10,Sat,15,0,food,entertainment,Female,3.75,7.5
6647,61,MOBILE WEB,60,Thu,14,1,drink,sports,Male,11.25,15
6648,159,MOBILE WEB,30,Sat,22,0,government,music,Male,3.75,7.5
6649,177,MOBILE WEB,50,Wed,15,0,drink,sports,Male,7.5,11.25
6650,109,MOBILE WEB,20,Sun,15,1,drink,sports,Male,11.25,15
6651,72,MOBILE WEB,40,Wed,12,1,drink,sports,Male,11.25,15
6652,145,MOBILE WEB,40,Sun,19,0,movie,entertainment,Male,3.75,7.5
6653,101,MOBILE WEB,30,Sat,13,0,health_food,sports,Male,3.75,7.5
6654,189,MOBILE WEB,10,Sun,23,0,food,drama,Female,3.75,7.5
6655,597,MOBILE WEB,50,Sat,14,0,corporation,sports,Male,7.5,11.25
6656,113,MOBILE WEB,20,Sun,17,0,movie,entertainment,Female,3.75,7.5
6657,75,MOBILE WEB,30,Mon,20,0,health_food,current_affairs,Female,3.75,7.5
6658,81,MOBILE WEB,40,Tue,11,0,drink,sports,Male,3.75,7.5
6659,146,MOBILE WEB,10,Wed,6,0,health_food,entertainment,Male,0,3.75
6660,109,MOBILE WEB,30,Mon,16,0,health_food,entertainment,Female,3.75,7.5
6661,237,MOBILE WEB,30,Sat,17,1,drink,sports,Male,11.25,15
6662,800,MOBILE WEB,20,Sun,6,0,corporation,sports,Male,11.25,15
6663,89,PC WEB,40,Mon,17,0,drink,sports,Male,3.75,7.5
6664,269,MOBILE WEB,10,Sun,14,0,education,entertainment,Female,3.75,7.5
6665,128,MOBILE WEB,40,Fri,8,0,food,drama,Female,3.75,7.5
6666,215,MOBILE WEB,40,Thu,20,0,health_food,music,Female,3.75,7.5
6667,184,MOBILE APP,40,Thu,11,0,health_food,entertainment,Male,3.75,7.5
6668,256,MOBILE WEB,40,Tue,14,0,movie,entertainment,Female,3.75,7.5
6669,116,MOBILE WEB,30,Fri,14,0,drink,sports,Male,3.75,7.5
6670,187,MOBILE WEB,40,Fri,15,0,food,music,Female,3.75,7.5
6671,102,MOBILE WEB,50,Sat,13,0,corporation,sports,Male,3.75,7.5
6672,149,MOBILE WEB,50,Mon,15,1,man,entertainment,Female,11.25,15
6673,206,MOBILE WEB,40,Sat,12,1,drink,sports,Male,11.25,15
6674,148,MOBILE WEB,30,Sat,23,0,drink,entertainment,Male,3.75,7.5
6675,141,MOBILE WEB,30,Sun,8,1,health_food,entertainment,Female,11.25,15
6676,127,MOBILE WEB,10,Mon,22,0,drink,entertainment,Female,3.75,7.5
6677,149,MOBILE WEB,10,Wed,17,0,education,entertainment,Female,7.5,11.25
6678,213,MOBILE WEB,20,Wed,10,0,drink,sports,Male,3.75,7.5
6679,127,MOBILE WEB,30,Tue,21,1,drink,sports,Male,11.25,15
6680,232,MOBILE WEB,30,Sat,8,0,food,entertainment,Female,3.75,7.5
6681,72,MOBILE WEB,30,Fri,10,0,movie,drama,Female,3.75,7.5
6682,101,MOBILE WEB,30,Sun,22,0,drink,entertainment,Female,3.75,7.5
6683,127,MOBILE WEB,20,Tue,20,1,drink,sports,Male,11.25,15
6684,91,PC WEB,50,Thu,12,0,corporation,sports,Male,3.75,7.5
6685,96,MOBILE WEB,20,Wed,21,1,drink,sports,Male,11.25,15
6686,154,MOBILE WEB,20,Thu,14,0,electronics,entertainment,Male,3.75,7.5
6687,298,MOBILE WEB,40,Sat,14,0,movie,entertainment,Female,3.75,7.5
6688,69,PC WEB,30,Wed,15,1,drink,sports,Male,11.25,15
6689,129,MOBILE WEB,10,Fri,1,0,health_food,drama,Female,3.75,7.5
6690,160,PC WEB,50,Sun,14,1,food,entertainment,Female,11.25,15
6691,65,MOBILE WEB,20,Sun,16,0,corporation,sports,Male,3.75,7.5
6692,225,MOBILE WEB,40,Mon,14,0,education,drama,Female,7.5,11.25
6693,118,MOBILE WEB,40,Wed,6,0,corporation,sports,Male,3.75,7.5
6694,72,PC WEB,50,Tue,12,0,corporation,sports,Male,3.75,7.5
6695,165,MOBILE WEB,30,Mon,17,0,medicine,entertainment,Female,0,3.75
6696,532,MOBILE WEB,30,Sat,1,0,corporation,sports,Male,3.75,7.5
6697,164,PC WEB,30,Mon,18,0,health_food,entertainment,Female,0,3.75
6698,129,MOBILE WEB,30,Mon,0,0,government,drama,Female,3.75,7.5
6699,216,MOBILE WEB,20,Thu,10,0,food,entertainment,Female,3.75,7.5
6700,149,MOBILE WEB,50,Mon,19,0,drink,entertainment,Female,3.75,7.5
6701,100,MOBILE WEB,40,Sat,16,1,drink,sports,Male,11.25,15
6702,161,MOBILE WEB,10,Wed,0,0,food,entertainment,Male,0,3.75
6703,126,MOBILE WEB,40,Wed,10,0,corporation,entertainment,Female,3.75,7.5
6704,151,MOBILE WEB,10,Sun,17,0,drink,entertainment,Female,3.75,7.5
6705,125,MOBILE APP,20,Fri,16,0,drink,entertainment,Male,7.5,11.25
6706,627,MOBILE WEB,30,Sat,18,0,corporation,sports,Male,0,3.75
6707,270,MOBILE WEB,50,Mon,13,1,education,music,Female,11.25,15
6708,189,PC WEB,30,Sat,19,1,drink,sports,Male,11.25,15
6709,800,MOBILE WEB,40,Sun,6,0,corporation,sports,Male,7.5,11.25
6710,228,MOBILE WEB,40,Sun,23,0,health_food,entertainment,Female,0,3.75
6711,127,MOBILE WEB,30,Thu,7,1,drink,drama,Female,11.25,15
6712,157,MOBILE WEB,10,Mon,13,1,medicine,entertainment,Female,11.25,15
6713,101,MOBILE WEB,20,Fri,0,1,health_food,drama,Female,11.25,15
6714,176,MOBILE WEB,30,Mon,19,0,drink,entertainment,Female,11.25,15
6715,93,PC WEB,60,Mon,9,1,corporation,sports,Male,11.25,15
6716,221,MOBILE WEB,40,Wed,9,0,food,drama,Female,3.75,7.5
6717,101,MOBILE WEB,40,Sat,12,0,corporation,sports,Male,7.5,11.25
6718,120,MOBILE WEB,40,Tue,18,0,drink,sports,Male,0,3.75
6719,382,MOBILE WEB,20,Sun,14,0,drink,music,Male,0,3.75
6720,60,MOBILE WEB,20,Fri,17,0,drink,entertainment,Male,0,3.75
6721,97,MOBILE WEB,60,Wed,19,1,corporation,sports,Male,11.25,15
6722,226,MOBILE WEB,30,Sat,23,1,movie,drama,Female,11.25,15
6723,116,MOBILE WEB,40,Wed,15,0,drink,sports,Male,7.5,11.25
6724,273,MOBILE WEB,30,Wed,9,0,education,entertainment,Female,3.75,7.5
6725,173,MOBILE WEB,20,Wed,11,1,pet,entertainment,Female,11.25,15
6726,216,MOBILE WEB,40,Tue,18,0,food,entertainment,Female,3.75,7.5
6727,171,MOBILE WEB,30,Sun,12,0,corporation,sports,Male,3.75,7.5
6728,69,MOBILE WEB,50,Wed,14,0,corporation,sports,Male,7.5,11.25
6729,116,MOBILE WEB,30,Thu,1,0,drink,sports,Male,7.5,11.25
6730,112,MOBILE WEB,40,Sat,15,1,finance,sports,Male,11.25,15
6731,100,PC WEB,50,Sat,16,1,drink,sports,Male,11.25,15
6732,173,MOBILE WEB,30,Wed,7,0,drink,drama,Female,3.75,7.5
6733,316,MOBILE WEB,20,Tue,10,0,drink,sports,Male,3.75,7.5
6734,173,MOBILE WEB,20,Tue,8,0,food,entertainment,Male,0,3.75
6735,182,MOBILE APP,20,Sat,13,0,food,entertainment,Female,3.75,7.5
6736,81,MOBILE WEB,40,Sat,23,0,electronics,entertainment,Male,7.5,11.25
6737,200,MOBILE WEB,50,Mon,22,0,drink,entertainment,Female,3.75,7.5
6738,99,MOBILE WEB,30,Thu,12,0,corporation,sports,Male,3.75,7.5
6739,168,MOBILE WEB,30,Sun,1,0,corporation,sports,Male,3.75,7.5
6740,67,MOBILE WEB,40,Tue,14,0,corporation,sports,Male,3.75,7.5
6741,597,MOBILE WEB,40,Sat,14,0,corporation,sports,Male,3.75,7.5
6742,153,PC WEB,30,Mon,12,0,pet,entertainment,Female,0,3.75
6743,726,MOBILE WEB,20,Sat,10,0,corporation,sports,Male,3.75,7.5
6744,99,MOBILE WEB,30,Thu,14,0,drink,sports,Male,3.75,7.5
6745,160,MOBILE WEB,40,Fri,20,0,electronics,drama,Female,3.75,7.5
6746,83,PC WEB,50,Sat,14,1,drink,sports,Male,11.25,15
6747,70,MOBILE WEB,40,Sat,19,0,drink,sports,Male,3.75,7.5
6748,202,MOBILE WEB,30,Fri,5,0,drink,drama,Male,3.75,7.5
6749,177,MOBILE WEB,40,Wed,15,0,drink,sports,Male,3.75,7.5
6750,164,MOBILE WEB,40,Tue,23,0,food,drama,Female,3.75,7.5
6751,141,MOBILE WEB,30,Fri,1,0,drink,entertainment,Female,3.75,7.5
6752,197,MOBILE WEB,50,Tue,9,1,government,entertainment,Female,11.25,15
6753,349,MOBILE WEB,60,Tue,8,0,corporation,sports,Male,3.75,7.5
6754,147,MOBILE WEB,40,Wed,0,0,food,drama,Female,3.75,7.5
6755,71,MOBILE WEB,30,Mon,12,0,health_food,entertainment,Female,3.75,7.5
6756,87,MOBILE WEB,30,Fri,13,0,corporation,entertainment,Female,0,3.75
6757,192,MOBILE WEB,30,Sat,21,0,drink,entertainment,Female,7.5,11.25
6758,86,PC WEB,20,Tue,14,0,health_food,entertainment,Male,3.75,7.5
6759,627,MOBILE WEB,50,Sat,18,0,corporation,sports,Male,0,3.75
6760,70,MOBILE WEB,40,Tue,17,0,drink,sports,Male,11.25,15
6761,72,PC WEB,30,Wed,21,0,corporation,sports,Male,3.75,7.5
6762,187,MOBILE WEB,50,Wed,1,0,woman,entertainment,Male,3.75,7.5
6763,162,MOBILE WEB,20,Wed,23,0,education,drama,Female,3.75,7.5
6764,72,MOBILE WEB,50,Thu,14,0,pet,sports,Male,0,3.75
6765,126,MOBILE WEB,30,Sat,2,1,health_food,drama,Female,11.25,15
6766,202,MOBILE WEB,10,Fri,18,0,drink,entertainment,Male,3.75,7.5
6767,112,MOBILE WEB,30,Sat,13,0,drink,sports,Male,3.75,7.5
6768,163,MOBILE WEB,10,Tue,13,1,education,entertainment,Female,11.25,15
6769,252,PC WEB,20,Thu,20,0,drink,music,Male,11.25,15
6770,102,MOBILE WEB,40,Sat,21,0,drink,music,Male,11.25,15
6771,101,MOBILE WEB,30,Sat,14,0,corporation,sports,Male,3.75,7.5
6772,153,MOBILE WEB,30,Sun,20,0,food,entertainment,Female,0,3.75
6773,112,MOBILE WEB,10,Sat,14,1,drink,sports,Male,11.25,15
6774,627,MOBILE WEB,50,Sat,15,0,corporation,sports,Male,11.25,15
6775,382,MOBILE WEB,20,Sat,20,0,food,music,Female,3.75,7.5
6776,627,MOBILE WEB,50,Sat,17,1,drink,sports,Male,11.25,15
6777,125,MOBILE WEB,20,Tue,0,0,corporation,sports,Male,3.75,7.5
6778,177,MOBILE WEB,40,Wed,15,0,corporation,sports,Male,7.5,11.25
6779,419,PC WEB,50,Tue,14,0,drink,sports,Male,3.75,7.5
6780,82,MOBILE WEB,30,Sun,13,0,food,drama,Female,7.5,11.25
6781,67,MOBILE WEB,30,Sun,10,0,drink,sports,Male,3.75,7.5
6782,154,MOBILE WEB,40,Sat,13,1,drink,sports,Male,11.25,15
6783,118,MOBILE WEB,20,Fri,21,0,corporation,sports,Male,3.75,7.5
6784,218,MOBILE WEB,40,Tue,10,1,food,entertainment,Female,11.25,15
6785,201,MOBILE WEB,30,Sun,16,0,corporation,sports,Male,3.75,7.5
6786,83,MOBILE WEB,40,Mon,23,0,drink,drama,Female,3.75,7.5
6787,323,MOBILE WEB,20,Thu,20,0,electronics,entertainment,Female,3.75,7.5
6788,67,MOBILE WEB,50,Tue,13,0,corporation,sports,Male,3.75,7.5
6789,232,MOBILE WEB,10,Sat,2,0,health_food,entertainment,Female,3.75,7.5
6790,302,MOBILE WEB,40,Wed,9,0,drink,drama,Female,11.25,15
6791,89,MOBILE WEB,50,Fri,12,0,food,sports,Male,3.75,7.5
6792,81,MOBILE WEB,40,Sun,22,0,drink,entertainment,Female,3.75,7.5
6793,231,MOBILE WEB,40,Sat,10,0,movie,information,Male,3.75,7.5
6794,96,MOBILE WEB,60,Wed,13,0,drink,sports,Male,0,3.75
6795,435,MOBILE WEB,30,Tue,12,0,drink,sports,Male,3.75,7.5
6796,232,MOBILE WEB,30,Sat,11,0,education,entertainment,Female,3.75,7.5
6797,212,MOBILE WEB,30,Mon,18,0,medicine,drama,Female,3.75,7.5
6798,127,MOBILE WEB,20,Thu,1,0,food,entertainment,Female,3.75,7.5
6799,271,PC WEB,20,Thu,19,0,health_food,entertainment,Male,3.75,7.5
6800,185,MOBILE APP,20,Sun,22,0,food,entertainment,Female,3.75,7.5
6801,61,MOBILE WEB,50,Wed,15,0,corporation,sports,Male,7.5,11.25
6802,100,MOBILE WEB,30,Tue,17,1,drink,sports,Male,11.25,15
6803,120,MOBILE WEB,40,Thu,23,0,health_food,entertainment,Male,3.75,7.5
6804,206,MOBILE WEB,40,Thu,14,0,food,sports,Male,3.75,7.5
6805,61,PC WEB,50,Thu,13,0,corporation,sports,Male,0,3.75
6806,167,MOBILE WEB,30,Fri,8,1,drink,information,Female,11.25,15
6807,173,MOBILE WEB,20,Mon,22,1,pet,drama,Female,11.25,15
6808,190,PC WEB,40,Fri,13,0,drink,entertainment,Male,3.75,7.5
6809,206,MOBILE WEB,40,Sun,6,0,corporation,sports,Male,3.75,7.5
6810,65,MOBILE WEB,30,Sat,13,0,health_food,sports,Male,3.75,7.5
6811,179,MOBILE WEB,20,Mon,22,1,food,drama,Female,11.25,15
6812,255,MOBILE WEB,10,Sat,9,0,movie,entertainment,Female,3.75,7.5
6813,67,MOBILE WEB,50,Sun,12,0,food,sports,Male,11.25,15
6814,226,MOBILE WEB,40,Wed,20,0,drink,entertainment,Female,3.75,7.5
6815,97,MOBILE WEB,30,Wed,16,0,drink,sports,Male,3.75,7.5
6816,236,MOBILE APP,20,Fri,11,1,food,music,Male,11.25,15
6817,165,MOBILE WEB,30,Sat,19,0,medicine,entertainment,Female,11.25,15
6818,190,MOBILE WEB,30,Mon,1,0,health_food,entertainment,Female,0,3.75
6819,205,MOBILE WEB,30,Sat,14,1,finance,sports,Female,11.25,15
6820,313,MOBILE WEB,40,Tue,22,0,drink,sports,Male,11.25,15
6821,125,MOBILE WEB,30,Thu,22,0,food,drama,Female,0,3.75
6822,311,MOBILE WEB,20,Mon,21,1,health_food,music,Male,11.25,15
6823,165,MOBILE WEB,40,Sat,0,0,movie,entertainment,Male,3.75,7.5
6824,171,MOBILE WEB,30,Thu,12,0,drink,drama,Female,3.75,7.5
6825,149,MOBILE WEB,40,Fri,1,0,medicine,drama,Female,7.5,11.25
6826,142,MOBILE WEB,40,Sat,1,0,health_food,drama,Male,3.75,7.5
6827,116,MOBILE WEB,20,Mon,13,0,drink,sports,Male,7.5,11.25
6828,62,MOBILE WEB,40,Thu,15,0,corporation,sports,Male,3.75,7.5
6829,145,MOBILE WEB,30,Sun,22,0,government,entertainment,Male,3.75,7.5
6830,122,MOBILE WEB,30,Thu,22,0,food,drama,Female,3.75,7.5
6831,199,MOBILE WEB,30,Fri,12,0,pet,entertainment,Female,0,3.75
6832,627,MOBILE WEB,40,Sat,17,0,drink,sports,Male,3.75,7.5
6833,67,MOBILE WEB,40,Sun,15,0,corporation,sports,Male,7.5,11.25
6834,80,MOBILE WEB,30,Mon,1,0,food,entertainment,Female,3.75,7.5
6835,83,MOBILE WEB,40,Mon,11,0,movie,entertainment,Female,0,3.75
6836,254,MOBILE WEB,20,Thu,16,0,food,drama,Female,7.5,11.25
6837,202,MOBILE WEB,40,Sat,22,0,movie,music,Female,11.25,15
6838,347,MOBILE WEB,30,Sat,20,1,drink,sports,Male,11.25,15
6839,116,MOBILE WEB,50,Sat,17,0,corporation,sports,Male,3.75,7.5
6840,212,MOBILE WEB,20,Sat,15,0,corporation,sports,Male,3.75,7.5
6841,211,MOBILE WEB,30,Sun,17,0,drink,sports,Male,7.5,11.25
6842,130,MOBILE WEB,40,Fri,8,0,government,entertainment,Female,7.5,11.25
6843,224,MOBILE WEB,40,Fri,13,1,movie,entertainment,Female,11.25,15
6844,114,MOBILE WEB,40,Sun,19,0,health_food,current_affairs,Female,0,3.75
6845,237,MOBILE WEB,30,Sat,16,1,drink,sports,Male,11.25,15
6846,156,MOBILE WEB,10,Fri,0,0,pet,drama,Female,3.75,7.5
6847,72,MOBILE WEB,60,Wed,13,0,corporation,sports,Female,3.75,7.5
6848,165,MOBILE WEB,20,Sun,19,0,food,entertainment,Male,11.25,15
6849,72,MOBILE WEB,50,Sun,1,0,government,drama,Female,3.75,7.5
6850,244,MOBILE WEB,10,Mon,18,0,health_food,entertainment,Female,3.75,7.5
6851,123,MOBILE WEB,30,Fri,17,0,food,entertainment,Female,3.75,7.5
6852,116,MOBILE WEB,40,Sat,14,1,drink,sports,Male,11.25,15
6853,148,MOBILE WEB,20,Thu,17,0,drink,drama,Female,3.75,7.5
6854,230,MOBILE WEB,10,Wed,14,0,drink,entertainment,Male,3.75,7.5
6855,185,MOBILE WEB,30,Mon,23,0,electronics,drama,Female,3.75,7.5
6856,149,PC WEB,50,Mon,16,0,man,entertainment,Female,11.25,15
6857,119,MOBILE WEB,30,Wed,7,0,man,sports,Male,11.25,15
6858,340,MOBILE WEB,40,Mon,22,0,drink,drama,Female,3.75,7.5
6859,163,MOBILE WEB,30,Sun,8,0,health_food,entertainment,Female,3.75,7.5
6860,213,MOBILE WEB,40,Wed,11,0,drink,sports,Male,3.75,7.5
6861,198,MOBILE WEB,10,Tue,0,0,electronics,entertainment,Male,3.75,7.5
6862,150,MOBILE WEB,40,Fri,8,0,movie,entertainment,Female,7.5,11.25
6863,152,MOBILE APP,10,Tue,0,0,drink,entertainment,Female,3.75,7.5
6864,179,MOBILE WEB,40,Tue,0,0,food,drama,Female,3.75,7.5
6865,597,MOBILE WEB,30,Sat,12,1,drink,sports,Male,11.25,15
6866,101,MOBILE WEB,50,Mon,22,1,woman,drama,Female,11.25,15
6867,66,MOBILE WEB,40,Sat,13,1,drink,sports,Male,11.25,15
6868,107,MOBILE APP,20,Fri,18,0,food,drama,Female,7.5,11.25
6869,65,PC WEB,30,Sun,22,0,corporation,sports,Male,0,3.75
6870,614,MOBILE WEB,50,Thu,10,0,drink,sports,Male,0,3.75
6871,175,MOBILE WEB,30,Mon,0,0,movie,drama,Male,3.75,7.5
6872,150,MOBILE WEB,30,Thu,23,1,government,drama,Female,11.25,15
6873,159,MOBILE WEB,50,Sun,12,1,drink,sports,Male,11.25,15
6874,105,MOBILE WEB,20,Thu,20,0,health_food,entertainment,Female,11.25,15
6875,232,PC WEB,40,Sun,11,1,corporation,sports,Male,11.25,15
6876,138,MOBILE WEB,20,Mon,11,1,food,drama,Female,11.25,15
6877,786,MOBILE WEB,40,Sat,20,1,drink,sports,Male,11.25,15
6878,178,MOBILE APP,30,Sun,21,0,medicine,entertainment,Female,0,3.75
6879,70,MOBILE WEB,40,Sun,0,0,medicine,drama,Female,3.75,7.5
6880,597,MOBILE WEB,30,Sat,15,0,corporation,sports,Male,7.5,11.25
6881,196,MOBILE WEB,50,Tue,0,1,pet,entertainment,Female,11.25,15
6882,142,MOBILE APP,20,Mon,22,0,medicine,entertainment,Female,3.75,7.5
6883,65,MOBILE WEB,40,Tue,11,0,drink,sports,Male,7.5,11.25
6884,175,MOBILE WEB,20,Sun,7,0,health_food,drama,Female,3.75,7.5
6885,125,MOBILE WEB,50,Fri,6,0,food,drama,Female,3.75,7.5
6886,98,MOBILE WEB,40,Sat,19,0,food,music,Male,3.75,7.5
6887,162,PC WEB,20,Sat,18,1,food,entertainment,Female,11.25,15
6888,311,MOBILE WEB,40,Tue,12,1,movie,music,Male,11.25,15
6889,152,MOBILE WEB,40,Sat,13,0,drink,sports,Male,11.25,15
6890,80,MOBILE WEB,40,Fri,8,0,drink,sports,Male,3.75,7.5
6891,188,MOBILE WEB,10,Sun,23,1,drink,drama,Female,11.25,15
6892,74,MOBILE WEB,20,Fri,16,1,drink,sports,Male,11.25,15
6893,398,MOBILE WEB,40,Tue,12,0,corporation,sports,Female,3.75,7.5
6894,269,MOBILE WEB,40,Sun,0,0,movie,music,Female,3.75,7.5
6895,430,MOBILE WEB,50,Tue,13,0,drink,sports,Male,3.75,7.5
6896,61,PC WEB,50,Thu,13,0,corporation,sports,Male,3.75,7.5
6897,627,MOBILE WEB,40,Sat,16,1,corporation,sports,Male,11.25,15
6898,167,MOBILE WEB,20,Sat,8,0,pet,information,Female,7.5,11.25
6899,216,MOBILE WEB,30,Tue,8,0,food,entertainment,Female,7.5,11.25
6900,786,MOBILE WEB,30,Sat,15,0,corporation,sports,Male,3.75,7.5
6901,205,MOBILE WEB,40,Sat,16,1,drink,sports,Male,11.25,15
6902,159,MOBILE WEB,40,Thu,11,0,food,entertainment,Female,3.75,7.5
6903,179,MOBILE APP,20,Mon,0,1,food,entertainment,Male,11.25,15
6904,179,MOBILE WEB,60,Thu,9,0,drink,drama,Male,7.5,11.25
6905,84,MOBILE WEB,10,Sat,0,0,health_food,entertainment,Female,3.75,7.5
6906,184,MOBILE WEB,30,Thu,14,0,food,entertainment,Male,3.75,7.5
6907,197,MOBILE WEB,40,Sat,14,0,movie,entertainment,Female,3.75,7.5
6908,65,MOBILE WEB,20,Fri,15,0,pet,music,Female,3.75,7.5
6909,150,MOBILE WEB,20,Thu,21,0,health_food,entertainment,Male,3.75,7.5
6910,105,MOBILE WEB,40,Sun,9,0,corporation,sports,Male,3.75,7.5
6911,65,MOBILE WEB,40,Tue,13,0,corporation,sports,Male,3.75,7.5
6912,153,MOBILE WEB,40,Mon,20,0,food,entertainment,Male,3.75,7.5
6913,61,MOBILE WEB,30,Fri,6,0,corporation,sports,Male,3.75,7.5
6914,210,MOBILE WEB,40,Sun,0,0,movie,entertainment,Female,3.75,7.5
6915,211,MOBILE WEB,30,Fri,0,0,movie,drama,Female,3.75,7.5
6916,233,MOBILE WEB,10,Thu,22,0,health_food,music,Female,3.75,7.5
6917,97,MOBILE WEB,20,Sun,19,0,health_food,entertainment,Male,7.5,11.25
6918,105,MOBILE WEB,40,Wed,11,0,health_food,drama,Female,7.5,11.25
6919,112,MOBILE WEB,30,Sat,14,0,finance,sports,Male,7.5,11.25
6920,122,MOBILE WEB,40,Thu,8,0,pet,drama,Female,3.75,7.5
6921,597,MOBILE WEB,30,Sat,15,0,corporation,sports,Male,7.5,11.25
6922,181,MOBILE WEB,20,Wed,1,1,health_food,drama,Female,11.25,15
6923,83,MOBILE WEB,40,Sun,19,1,food,drama,Female,11.25,15
6924,112,MOBILE WEB,50,Sat,14,0,finance,sports,Male,3.75,7.5
6925,64,MOBILE WEB,50,Mon,22,0,movie,drama,Female,3.75,7.5
6926,219,MOBILE APP,20,Tue,18,0,health_food,entertainment,Female,3.75,7.5
6927,162,MOBILE WEB,20,Sat,8,0,health_food,entertainment,Female,3.75,7.5
6928,83,MOBILE WEB,50,Fri,12,0,drink,sports,Male,3.75,7.5
6929,62,MOBILE WEB,50,Sat,18,0,food,entertainment,Female,3.75,7.5
6930,79,MOBILE APP,10,Mon,2,0,food,drama,Female,3.75,7.5
6931,95,MOBILE WEB,20,Sat,15,1,movie,entertainment,Female,11.25,15
6932,112,MOBILE WEB,30,Sat,21,0,drink,sports,Male,3.75,7.5
6933,178,MOBILE WEB,30,Tue,18,0,education,drama,Female,7.5,11.25
6934,159,MOBILE WEB,50,Thu,18,0,food,entertainment,Female,3.75,7.5
6935,786,MOBILE WEB,30,Sat,17,1,drink,sports,Male,11.25,15
6936,116,MOBILE WEB,40,Sun,11,1,drink,sports,Male,11.25,15
6937,93,MOBILE WEB,30,Sun,11,0,medicine,entertainment,Male,11.25,15
6938,470,MOBILE WEB,20,Sat,15,0,drink,entertainment,Male,3.75,7.5
6939,627,MOBILE WEB,20,Sat,16,1,drink,sports,Male,11.25,15
6940,217,MOBILE APP,10,Fri,16,0,health_food,entertainment,Female,3.75,7.5
6941,119,MOBILE WEB,30,Fri,9,1,drink,sports,Male,11.25,15
6942,127,MOBILE WEB,40,Tue,19,1,drink,sports,Male,11.25,15
6943,175,MOBILE WEB,30,Mon,22,0,drink,drama,Female,0,3.75
6944,188,MOBILE WEB,30,Fri,7,0,woman,drama,Female,3.75,7.5
6945,89,PC WEB,40,Fri,12,0,corporation,sports,Male,3.75,7.5
6946,168,MOBILE APP,20,Mon,19,0,drink,entertainment,Male,3.75,7.5
6947,79,MOBILE WEB,30,Tue,18,0,drink,sports,Male,0,3.75
6948,140,MOBILE WEB,20,Wed,0,0,health_food,drama,Female,3.75,7.5
6949,316,MOBILE WEB,40,Fri,22,0,health_food,entertainment,Female,3.75,7.5
6950,105,MOBILE WEB,40,Sat,14,0,corporation,sports,Male,3.75,7.5
6951,212,MOBILE WEB,20,Thu,12,0,drink,sports,Male,3.75,7.5
6952,99,MOBILE APP,20,Wed,0,0,drink,entertainment,Female,3.75,7.5
6953,189,MOBILE WEB,30,Sun,17,0,drink,entertainment,Male,3.75,7.5
6954,148,MOBILE WEB,20,Thu,11,0,woman,drama,Female,3.75,7.5
6955,197,MOBILE WEB,40,Fri,8,0,drink,entertainment,Female,7.5,11.25
6956,430,MOBILE WEB,40,Sun,10,0,government,entertainment,Female,3.75,7.5
6957,190,MOBILE WEB,30,Sat,21,0,drink,entertainment,Female,7.5,11.25
6958,213,MOBILE WEB,30,Wed,11,0,drink,sports,Male,11.25,15
6959,68,MOBILE WEB,30,Sun,16,1,drink,sports,Male,11.25,15
6960,97,PC WEB,30,Tue,12,0,drink,sports,Male,7.5,11.25
6961,241,MOBILE WEB,20,Sat,17,1,drink,sports,Male,11.25,15
6962,75,MOBILE WEB,40,Sun,11,0,drink,sports,Male,3.75,7.5
6963,87,MOBILE WEB,40,Mon,17,0,pet,drama,Female,3.75,7.5
6964,272,MOBILE WEB,20,Sun,20,0,medicine,entertainment,Female,3.75,7.5
6965,168,MOBILE WEB,30,Tue,10,0,health_food,music,Female,3.75,7.5
6966,407,MOBILE WEB,40,Sat,23,0,food,music,Female,0,3.75
6967,225,MOBILE WEB,40,Tue,17,1,health_food,drama,Female,11.25,15
6968,103,MOBILE WEB,50,Sun,15,0,corporation,sports,Male,3.75,7.5
6969,127,MOBILE WEB,50,Tue,22,1,drink,sports,Male,11.25,15
6970,163,PC WEB,10,Thu,20,0,drink,entertainment,Female,3.75,7.5
6971,229,MOBILE WEB,10,Sat,22,0,pet,entertainment,Female,3.75,7.5
6972,142,MOBILE WEB,30,Thu,0,0,drink,entertainment,Female,11.25,15
6973,81,MOBILE WEB,40,Sat,10,1,drink,sports,Male,11.25,15
6974,746,MOBILE WEB,40,Fri,9,1,drink,sports,Male,11.25,15
6975,160,MOBILE WEB,40,Thu,21,1,movie,drama,Female,11.25,15
6976,115,MOBILE WEB,40,Sun,14,0,drink,drama,Male,3.75,7.5
6977,78,MOBILE WEB,40,Fri,20,0,electronics,entertainment,Female,3.75,7.5
6978,237,MOBILE WEB,50,Sat,19,1,drink,sports,Female,11.25,15
6979,83,MOBILE WEB,30,Fri,22,0,corporation,sports,Male,3.75,7.5
6980,91,MOBILE WEB,30,Sat,14,0,health_food,entertainment,Female,7.5,11.25
6981,179,MOBILE WEB,30,Fri,23,0,education,entertainment,Female,3.75,7.5
6982,129,MOBILE APP,10,Sat,15,0,pet,entertainment,Female,3.75,7.5
6983,849,MOBILE WEB,30,Sun,9,0,drink,sports,Male,3.75,7.5
6984,106,MOBILE WEB,30,Mon,11,0,corporation,sports,Male,3.75,7.5
6985,160,MOBILE WEB,40,Sun,20,0,government,entertainment,Male,11.25,15
6986,113,MOBILE WEB,50,Sun,0,0,food,entertainment,Female,3.75,7.5
6987,79,MOBILE WEB,10,Sat,13,0,corporation,sports,Male,3.75,7.5
6988,131,PC WEB,40,Sun,15,1,drink,sports,Male,11.25,15
6989,198,MOBILE WEB,30,Tue,0,0,woman,entertainment,Female,3.75,7.5
6990,75,MOBILE WEB,30,Mon,19,0,drink,sports,Male,3.75,7.5
6991,246,MOBILE APP,20,Tue,0,0,woman,entertainment,Female,3.75,7.5
6992,201,MOBILE WEB,10,Tue,15,1,health_food,entertainment,Female,11.25,15
6993,67,MOBILE WEB,40,Tue,14,0,corporation,sports,Male,3.75,7.5
6994,259,MOBILE WEB,20,Fri,17,0,pet,drama,Female,3.75,7.5
6995,627,MOBILE WEB,30,Sat,16,1,drink,sports,Male,11.25,15
6996,64,MOBILE WEB,40,Tue,13,0,government,sports,Male,7.5,11.25
6997,101,MOBILE WEB,30,Sat,13,0,drink,sports,Male,3.75,7.5
6998,62,MOBILE WEB,20,Tue,23,0,education,drama,Male,3.75,7.5
6999,218,MOBILE WEB,40,Sat,2,0,movie,entertainment,Female,3.75,7.5
7000,99,MOBILE WEB,30,Thu,12,0,drink,sports,Male,3.75,7.5
7001,208,MOBILE APP,50,Thu,0,0,education,entertainment,Male,3.75,7.5
7002,122,MOBILE WEB,30,Fri,4,0,movie,entertainment,Female,7.5,11.25
7003,711,PC WEB,40,Wed,17,1,drink,sports,Male,11.25,15
7004,152,MOBILE WEB,30,Sun,0,0,food,sports,Male,3.75,7.5
7005,72,PC WEB,30,Thu,17,1,corporation,sports,Male,11.25,15
7006,349,MOBILE WEB,40,Mon,20,0,drink,sports,Male,3.75,7.5
7007,87,MOBILE WEB,10,Sat,22,0,education,drama,Female,3.75,7.5
7008,186,MOBILE WEB,40,Sun,13,0,drink,sports,Male,3.75,7.5
7009,82,MOBILE WEB,20,Sun,2,0,government,drama,Female,3.75,7.5
7010,72,MOBILE WEB,30,Wed,12,0,corporation,sports,Male,3.75,7.5
7011,786,MOBILE WEB,30,Sat,16,1,drink,sports,Male,11.25,15
7012,149,MOBILE WEB,10,Sat,15,0,electronics,entertainment,Female,3.75,7.5
7013,207,MOBILE WEB,10,Thu,21,0,education,music,Female,3.75,7.5
7014,142,MOBILE WEB,30,Thu,9,1,movie,entertainment,Male,11.25,15
7015,118,MOBILE WEB,30,Fri,20,0,corporation,sports,Male,3.75,7.5
7016,171,MOBILE WEB,40,Sun,9,1,drink,sports,Male,11.25,15
7017,75,MOBILE WEB,30,Sun,12,0,health_food,entertainment,Female,7.5,11.25
7018,206,MOBILE WEB,30,Sat,8,0,government,entertainment,Female,7.5,11.25
7019,113,MOBILE WEB,10,Sun,11,0,movie,drama,Female,3.75,7.5
7020,158,MOBILE WEB,50,Wed,10,0,government,entertainment,Female,3.75,7.5
7021,184,MOBILE WEB,30,Thu,13,1,drink,entertainment,Female,11.25,15
7022,115,MOBILE APP,20,Thu,23,0,education,drama,Female,7.5,11.25
7023,182,MOBILE WEB,40,Fri,18,0,electronics,drama,Female,3.75,7.5
7024,152,MOBILE WEB,30,Mon,23,0,health_food,drama,Female,7.5,11.25
7025,84,MOBILE WEB,20,Sat,14,0,corporation,sports,Male,3.75,7.5
7026,688,MOBILE WEB,60,Sat,8,0,drink,sports,Male,0,3.75
7027,121,MOBILE WEB,40,Sun,21,0,corporation,sports,Male,3.75,7.5
7028,152,MOBILE WEB,50,Tue,7,1,medicine,entertainment,Female,11.25,15
7029,157,MOBILE WEB,10,Sat,1,0,food,entertainment,Female,3.75,7.5
7030,110,MOBILE WEB,40,Wed,12,0,drink,sports,Male,3.75,7.5
7031,221,MOBILE WEB,10,Sun,12,0,health_food,entertainment,Female,3.75,7.5
7032,155,MOBILE WEB,50,Wed,15,0,health_food,entertainment,Male,7.5,11.25
7033,193,MOBILE WEB,30,Mon,0,0,health_food,entertainment,Female,3.75,7.5
7034,205,MOBILE WEB,60,Sat,14,1,drink,sports,Male,11.25,15
7035,147,MOBILE WEB,30,Fri,0,0,health_food,entertainment,Female,3.75,7.5
7036,178,MOBILE WEB,20,Fri,23,0,food,entertainment,Female,3.75,7.5
7037,61,MOBILE WEB,50,Wed,20,0,drink,sports,Male,3.75,7.5
7038,167,MOBILE WEB,60,Sun,9,1,health_food,music,Male,11.25,15
7039,72,PC WEB,40,Wed,12,0,corporation,sports,Male,11.25,15
7040,84,MOBILE WEB,40,Sat,15,0,drink,sports,Male,3.75,7.5
7041,313,MOBILE WEB,30,Thu,19,0,food,sports,Male,3.75,7.5
7042,153,MOBILE WEB,20,Mon,9,0,food,entertainment,Male,3.75,7.5
7043,131,PC WEB,10,Sat,23,0,medicine,entertainment,Female,0,3.75
7044,93,MOBILE WEB,50,Wed,10,0,drink,sports,Male,3.75,7.5
7045,101,MOBILE WEB,50,Sat,12,0,drink,sports,Male,3.75,7.5
7046,255,MOBILE WEB,30,Mon,7,0,pet,drama,Male,11.25,15
7047,86,MOBILE WEB,50,Sat,19,0,education,entertainment,Female,0,3.75
7048,66,MOBILE WEB,20,Sun,16,0,drink,sports,Male,3.75,7.5
7049,147,MOBILE WEB,40,Sat,21,0,drink,entertainment,Male,3.75,7.5
7050,225,MOBILE WEB,30,Thu,9,0,food,entertainment,Male,0,3.75
7051,116,MOBILE WEB,50,Thu,23,0,corporation,sports,Male,7.5,11.25
7052,152,MOBILE WEB,10,Tue,0,0,government,entertainment,Female,3.75,7.5
7053,162,MOBILE WEB,40,Thu,16,0,movie,entertainment,Female,3.75,7.5
7054,128,PC WEB,30,Wed,18,0,drink,entertainment,Male,3.75,7.5
7055,206,MOBILE WEB,40,Thu,16,0,drink,sports,Male,3.75,7.5
7056,121,MOBILE WEB,20,Mon,0,1,movie,entertainment,Female,11.25,15
7057,217,MOBILE APP,20,Fri,18,0,food,music,Female,3.75,7.5
7058,64,PC WEB,40,Mon,12,1,drink,sports,Male,11.25,15
7059,64,MOBILE WEB,20,Thu,14,0,corporation,sports,Male,3.75,7.5
7060,627,MOBILE WEB,50,Sat,16,1,drink,sports,Male,11.25,15
7061,150,MOBILE WEB,40,Tue,8,0,government,drama,Female,3.75,7.5
7062,371,MOBILE APP,10,Sat,0,0,food,entertainment,Male,3.75,7.5
7063,350,MOBILE WEB,30,Sat,19,0,woman,music,Male,3.75,7.5
7064,102,MOBILE WEB,50,Sat,20,0,drink,music,Female,7.5,11.25
7065,64,MOBILE WEB,40,Tue,13,0,corporation,sports,Male,3.75,7.5
7066,116,MOBILE WEB,20,Sat,14,0,drink,sports,Male,0,3.75
7067,390,MOBILE WEB,10,Sat,9,0,health_food,entertainment,Female,3.75,7.5
7068,139,MOBILE WEB,40,Sat,10,0,drink,sports,Male,0,3.75
7069,126,MOBILE WEB,40,Sat,16,0,drink,sports,Male,3.75,7.5
7070,236,MOBILE WEB,40,Sat,18,0,food,music,Female,3.75,7.5
7071,73,MOBILE WEB,30,Fri,5,0,corporation,sports,Male,3.75,7.5
7072,183,MOBILE WEB,20,Mon,16,0,food,entertainment,Male,3.75,7.5
7073,237,MOBILE WEB,30,Fri,8,1,medicine,music,Male,11.25,15
7074,62,MOBILE WEB,50,Mon,13,0,corporation,sports,Male,3.75,7.5
7075,72,MOBILE WEB,60,Wed,15,0,corporation,sports,Male,0,3.75
7076,65,PC WEB,30,Tue,11,0,drink,sports,Male,7.5,11.25
7077,173,MOBILE WEB,40,Wed,8,0,electronics,entertainment,Female,3.75,7.5
7078,237,MOBILE WEB,40,Sat,21,0,drink,sports,Male,3.75,7.5
7079,214,MOBILE WEB,40,Wed,20,1,drink,sports,Male,11.25,15
7080,190,MOBILE WEB,50,Mon,20,0,drink,entertainment,Male,7.5,11.25
7081,135,MOBILE WEB,20,Tue,0,0,food,drama,Female,0,3.75
7082,627,MOBILE WEB,50,Sat,17,1,drink,sports,Male,11.25,15
7083,84,MOBILE WEB,30,Thu,11,0,drink,sports,Male,11.25,15
7084,101,MOBILE WEB,30,Sat,12,0,drink,sports,Male,3.75,7.5
7085,137,PC WEB,40,Wed,12,0,food,entertainment,Female,3.75,7.5
7086,150,MOBILE WEB,40,Tue,23,0,drink,entertainment,Female,3.75,7.5
7087,227,MOBILE WEB,30,Mon,12,0,health_food,entertainment,Female,3.75,7.5
7088,195,MOBILE WEB,30,Fri,23,0,pet,entertainment,Female,3.75,7.5
7089,100,PC WEB,30,Tue,16,1,corporation,sports,Female,11.25,15
7090,92,MOBILE WEB,40,Fri,15,0,drink,sports,Male,3.75,7.5
7091,176,MOBILE WEB,20,Sun,23,0,health_food,drama,Male,7.5,11.25
7092,597,MOBILE WEB,20,Sat,12,1,drink,sports,Male,11.25,15
7093,232,MOBILE WEB,10,Sat,23,0,education,entertainment,Female,3.75,7.5
7094,833,PC WEB,30,Wed,20,0,electronics,entertainment,Male,7.5,11.25
7095,237,MOBILE WEB,30,Sat,15,0,corporation,sports,Male,3.75,7.5
7096,133,MOBILE WEB,50,Mon,22,0,food,drama,Male,3.75,7.5
7097,144,MOBILE WEB,30,Fri,9,0,drink,entertainment,Female,3.75,7.5
7098,282,MOBILE WEB,10,Sun,23,0,drink,entertainment,Male,3.75,7.5
7099,242,MOBILE WEB,30,Tue,21,0,food,music,Female,3.75,7.5
7100,131,MOBILE WEB,50,Fri,15,0,food,entertainment,Female,3.75,7.5
7101,106,MOBILE WEB,30,Mon,0,0,medicine,drama,Male,3.75,7.5
7102,100,MOBILE WEB,50,Sat,16,1,drink,sports,Male,11.25,15
7103,118,MOBILE WEB,40,Fri,19,0,corporation,sports,Male,3.75,7.5
7104,205,MOBILE WEB,20,Wed,21,0,drink,entertainment,Female,7.5,11.25
7105,99,MOBILE WEB,50,Thu,12,0,corporation,sports,Male,0,3.75
7106,182,MOBILE WEB,40,Mon,7,0,food,entertainment,Male,3.75,7.5
7107,180,PC WEB,40,Thu,15,0,food,drama,Female,3.75,7.5
7108,148,MOBILE WEB,60,Fri,17,0,drink,drama,Female,7.5,11.25
7109,532,MOBILE APP,20,Fri,22,0,drink,sports,Male,0,3.75
7110,64,MOBILE WEB,30,Tue,16,0,drink,sports,Male,7.5,11.25
7111,164,MOBILE WEB,50,Sun,5,0,movie,entertainment,Female,3.75,7.5
7112,157,MOBILE WEB,30,Mon,0,0,health_food,entertainment,Female,3.75,7.5
7113,161,MOBILE WEB,30,Fri,13,0,drink,sports,Male,3.75,7.5
7114,77,MOBILE WEB,10,Fri,16,0,movie,entertainment,Female,3.75,7.5
7115,196,MOBILE WEB,30,Tue,7,0,health_food,entertainment,Female,0,3.75
7116,61,MOBILE WEB,30,Sun,11,1,drink,sports,Male,11.25,15
7117,219,MOBILE WEB,20,Tue,11,0,food,entertainment,Female,3.75,7.5
7118,64,MOBILE WEB,40,Tue,13,0,drink,sports,Male,3.75,7.5
7119,71,MOBILE WEB,10,Mon,1,0,education,drama,Male,3.75,7.5
7120,213,MOBILE WEB,40,Wed,11,0,drink,sports,Male,3.75,7.5
7121,97,MOBILE WEB,40,Wed,12,1,drink,sports,Male,11.25,15
7122,161,MOBILE WEB,20,Tue,23,0,food,drama,Female,7.5,11.25
7123,159,MOBILE WEB,60,Sun,12,1,food,drama,Male,11.25,15
7124,180,MOBILE WEB,40,Wed,17,0,woman,entertainment,Male,0,3.75
7125,207,MOBILE WEB,50,Fri,7,0,pet,entertainment,Female,3.75,7.5
7126,206,MOBILE WEB,60,Wed,8,0,movie,information,Female,3.75,7.5
7127,204,MOBILE WEB,40,Sat,21,0,food,entertainment,Female,3.75,7.5
7128,126,MOBILE WEB,20,Wed,0,0,health_food,entertainment,Female,3.75,7.5
7129,532,MOBILE WEB,50,Fri,14,0,drink,sports,Male,7.5,11.25
7130,147,MOBILE WEB,60,Mon,13,0,movie,entertainment,Female,7.5,11.25
7131,66,PC WEB,40,Fri,13,1,drink,sports,Male,11.25,15
7132,151,MOBILE WEB,50,Sun,19,1,health_food,music,Female,11.25,15
7133,61,MOBILE WEB,50,Thu,6,1,drink,sports,Male,11.25,15
7134,65,MOBILE WEB,10,Wed,18,0,drink,sports,Male,3.75,7.5
7135,220,MOBILE WEB,50,Thu,22,0,health_food,entertainment,Female,3.75,7.5
7136,132,PC WEB,20,Thu,23,0,health_food,drama,Female,3.75,7.5
7137,131,MOBILE WEB,30,Sun,19,0,movie,entertainment,Female,3.75,7.5
7138,105,MOBILE WEB,30,Tue,22,0,corporation,entertainment,Male,3.75,7.5
7139,93,MOBILE WEB,40,Thu,20,0,pet,entertainment,Female,0,3.75
7140,156,MOBILE APP,10,Mon,19,0,drink,entertainment,Female,3.75,7.5
7141,164,MOBILE WEB,30,Tue,22,0,health_food,drama,Female,11.25,15
7142,179,MOBILE WEB,40,Mon,20,0,government,drama,Female,3.75,7.5
7143,75,PC WEB,30,Tue,8,0,drink,sports,Male,3.75,7.5
7144,93,MOBILE WEB,40,Thu,12,0,corporation,sports,Male,3.75,7.5
7145,711,MOBILE WEB,40,Wed,21,1,drink,sports,Male,11.25,15
7146,107,MOBILE WEB,30,Sun,11,0,food,entertainment,Female,3.75,7.5
7147,89,MOBILE WEB,50,Thu,14,0,drink,sports,Male,0,3.75
7148,127,MOBILE WEB,30,Wed,19,1,drink,sports,Male,11.25,15
7149,132,MOBILE WEB,30,Sat,7,1,drink,sports,Male,11.25,15
7150,210,PC WEB,30,Mon,12,0,drink,sports,Male,3.75,7.5
7151,155,MOBILE WEB,50,Sat,21,0,drink,entertainment,Male,3.75,7.5
7152,171,MOBILE WEB,50,Fri,22,1,food,information,Female,11.25,15
7153,320,MOBILE WEB,40,Sun,13,0,medicine,entertainment,Male,11.25,15
7154,93,PC WEB,30,Thu,14,1,corporation,sports,Male,11.25,15
7155,345,MOBILE WEB,30,Sat,10,0,movie,entertainment,Female,3.75,7.5
7156,84,MOBILE WEB,40,Wed,19,1,corporation,sports,Male,11.25,15
7157,153,MOBILE WEB,10,Thu,2,0,health_food,entertainment,Female,3.75,7.5
7158,627,MOBILE WEB,40,Sat,16,1,drink,sports,Male,11.25,15
7159,181,MOBILE WEB,30,Tue,23,0,food,drama,Female,3.75,7.5
7160,277,MOBILE WEB,30,Sat,17,0,food,entertainment,Female,3.75,7.5
7161,74,MOBILE WEB,40,Fri,11,0,movie,sports,Male,0,3.75
7162,107,MOBILE WEB,20,Fri,16,0,health_food,drama,Female,0,3.75
7163,152,MOBILE WEB,50,Fri,21,0,health_food,entertainment,Female,7.5,11.25
7164,205,MOBILE WEB,40,Mon,23,1,drink,entertainment,Female,11.25,15
7165,112,MOBILE WEB,60,Sat,14,0,corporation,sports,Male,7.5,11.25
7166,142,MOBILE WEB,30,Fri,0,0,food,drama,Female,3.75,7.5
7167,199,MOBILE APP,10,Wed,13,1,health_food,entertainment,Female,11.25,15
7168,81,MOBILE APP,20,Fri,11,0,movie,entertainment,Female,3.75,7.5
7169,145,MOBILE WEB,40,Tue,17,1,drink,sports,Male,11.25,15
7170,139,MOBILE WEB,40,Fri,13,0,food,entertainment,Female,3.75,7.5
7171,104,MOBILE WEB,50,Wed,12,0,drink,sports,Male,7.5,11.25
7172,98,MOBILE WEB,40,Sat,12,1,drink,sports,Male,11.25,15
7173,119,MOBILE APP,10,Thu,22,0,pet,entertainment,Female,3.75,7.5
7174,104,MOBILE WEB,40,Mon,22,1,drink,entertainment,Female,11.25,15
7175,232,MOBILE WEB,50,Sat,8,0,health_food,entertainment,Female,3.75,7.5
7176,211,MOBILE WEB,30,Wed,10,0,drink,sports,Male,0,3.75
7177,227,MOBILE APP,10,Mon,1,0,drink,entertainment,Female,3.75,7.5
7178,96,PC WEB,40,Wed,16,1,drink,sports,Male,11.25,15
7179,64,MOBILE WEB,50,Fri,9,0,drink,sports,Male,7.5,11.25
7180,125,MOBILE WEB,40,Mon,19,0,drink,sports,Male,3.75,7.5
7181,153,MOBILE WEB,30,Mon,6,1,health_food,entertainment,Male,11.25,15
7182,144,MOBILE WEB,10,Sat,12,0,medicine,entertainment,Male,3.75,7.5
7183,194,PC WEB,40,Thu,11,0,movie,entertainment,Male,3.75,7.5
7184,65,MOBILE WEB,50,Tue,13,0,corporation,sports,Male,3.75,7.5
7185,166,MOBILE WEB,10,Sun,18,0,food,music,Female,3.75,7.5
7186,640,MOBILE WEB,60,Sun,10,1,drink,sports,Male,11.25,15
7187,152,MOBILE WEB,40,Sat,13,0,drink,sports,Male,3.75,7.5
7188,219,MOBILE WEB,50,Tue,1,1,food,entertainment,Female,11.25,15
7189,61,MOBILE WEB,30,Thu,1,0,corporation,sports,Male,3.75,7.5
7190,266,MOBILE APP,10,Mon,21,0,food,entertainment,Female,3.75,7.5
7191,142,MOBILE WEB,30,Wed,17,0,drink,entertainment,Female,0,3.75
7192,133,MOBILE WEB,40,Mon,22,0,drink,drama,Male,3.75,7.5
7193,196,MOBILE WEB,20,Wed,21,0,drink,entertainment,Female,3.75,7.5
7194,732,MOBILE WEB,40,Wed,16,0,drink,sports,Male,3.75,7.5
7195,62,MOBILE WEB,50,Mon,20,0,corporation,sports,Male,3.75,7.5
7196,316,MOBILE WEB,30,Mon,13,0,food,entertainment,Female,0,3.75
7197,72,MOBILE WEB,40,Sat,15,0,movie,current_affairs,Male,0,3.75
7198,126,MOBILE WEB,30,Wed,8,0,corporation,entertainment,Female,3.75,7.5
7199,96,MOBILE WEB,30,Thu,3,1,drink,sports,Male,11.25,15
7200,181,MOBILE WEB,40,Sun,20,0,drink,drama,Female,3.75,7.5
7201,118,MOBILE WEB,30,Sat,7,0,corporation,sports,Male,0,3.75
7202,96,MOBILE WEB,30,Sat,21,1,education,entertainment,Female,11.25,15
7203,318,MOBILE WEB,40,Sat,23,0,drink,music,Female,0,3.75
7204,627,MOBILE WEB,40,Sun,8,1,drink,sports,Male,11.25,15
7205,72,MOBILE WEB,30,Wed,14,0,corporation,sports,Male,3.75,7.5
7206,129,MOBILE WEB,20,Sat,1,0,medicine,entertainment,Female,3.75,7.5
7207,176,MOBILE APP,20,Sat,19,0,education,entertainment,Female,0,3.75
7208,174,MOBILE WEB,50,Tue,22,0,health_food,drama,Female,7.5,11.25
7209,155,MOBILE WEB,30,Sun,22,1,drink,entertainment,Female,11.25,15
7210,204,MOBILE WEB,30,Sat,7,1,food,drama,Female,11.25,15
7211,161,PC WEB,20,Thu,21,0,corporation,sports,Male,0,3.75
7212,62,MOBILE WEB,50,Thu,14,0,corporation,sports,Male,7.5,11.25
7213,128,MOBILE WEB,30,Thu,20,1,food,drama,Female,11.25,15
7214,88,MOBILE WEB,40,Sat,14,0,drink,sports,Male,3.75,7.5
7215,101,MOBILE WEB,30,Wed,23,0,education,drama,Female,3.75,7.5
7216,137,MOBILE WEB,10,Sat,19,0,health_food,entertainment,Female,3.75,7.5
7217,101,MOBILE WEB,30,Sat,12,1,drink,sports,Male,11.25,15
7218,146,MOBILE WEB,20,Sat,14,0,food,drama,Female,3.75,7.5
7219,64,MOBILE WEB,30,Fri,14,0,drink,sports,Male,3.75,7.5
7220,597,MOBILE WEB,40,Sun,6,0,corporation,sports,Male,3.75,7.5
7221,159,MOBILE WEB,20,Tue,20,0,woman,entertainment,Female,7.5,11.25
7222,71,MOBILE WEB,50,Thu,14,0,drink,sports,Male,3.75,7.5
7223,152,MOBILE APP,10,Tue,9,0,drink,entertainment,Female,3.75,7.5
7224,64,MOBILE WEB,30,Wed,17,0,drink,sports,Male,3.75,7.5
7225,94,MOBILE WEB,40,Sat,9,1,drink,entertainment,Female,11.25,15
7226,109,PC WEB,50,Tue,8,0,medicine,entertainment,Male,3.75,7.5
7227,154,MOBILE WEB,40,Sat,13,1,drink,sports,Male,11.25,15
7228,116,MOBILE APP,40,Wed,19,1,corporation,sports,Male,11.25,15
7229,157,PC WEB,50,Mon,12,1,food,entertainment,Female,11.25,15
7230,164,MOBILE WEB,20,Sat,14,0,drink,entertainment,Female,3.75,7.5
7231,72,MOBILE WEB,60,Mon,9,1,corporation,sports,Male,11.25,15
7232,74,MOBILE WEB,20,Fri,15,1,drink,sports,Female,11.25,15
7233,177,MOBILE WEB,40,Wed,15,0,drink,sports,Male,3.75,7.5
7234,96,MOBILE WEB,40,Wed,19,1,drink,sports,Male,11.25,15
7235,132,MOBILE WEB,30,Fri,9,1,pet,entertainment,Female,11.25,15
7236,627,MOBILE WEB,40,Sat,17,0,corporation,sports,Male,7.5,11.25
7237,174,MOBILE WEB,40,Fri,11,0,food,entertainment,Male,7.5,11.25
7238,97,MOBILE WEB,40,Thu,8,0,corporation,sports,Male,3.75,7.5
7239,122,MOBILE WEB,30,Mon,19,0,health_food,entertainment,Female,3.75,7.5
7240,203,MOBILE APP,10,Sat,19,0,health_food,entertainment,Female,3.75,7.5
7241,108,MOBILE WEB,40,Sun,14,0,government,entertainment,Male,11.25,15
7242,126,MOBILE WEB,40,Tue,21,0,pet,entertainment,Female,0,3.75
7243,187,MOBILE WEB,20,Sat,13,1,drink,entertainment,Female,11.25,15
7244,185,MOBILE WEB,30,Thu,14,0,movie,entertainment,Male,7.5,11.25
7245,110,MOBILE WEB,40,Fri,14,0,drink,sports,Male,3.75,7.5
7246,141,MOBILE WEB,50,Sat,17,0,drink,sports,Male,3.75,7.5
7247,158,MOBILE WEB,30,Sat,18,0,drink,entertainment,Female,7.5,11.25
7248,145,MOBILE WEB,10,Thu,12,0,education,entertainment,Female,3.75,7.5
7249,61,PC WEB,40,Wed,13,1,movie,sports,Male,11.25,15
7250,83,PC WEB,30,Thu,15,0,drink,sports,Male,3.75,7.5
7251,164,MOBILE WEB,30,Mon,0,0,medicine,entertainment,Male,3.75,7.5
7252,67,MOBILE WEB,10,Sat,15,0,drink,kids,Female,7.5,11.25
7253,152,MOBILE WEB,10,Fri,1,0,drink,drama,Male,7.5,11.25
7254,212,MOBILE WEB,20,Thu,23,0,health_food,drama,Female,3.75,7.5
7255,221,PC WEB,30,Sat,8,1,movie,drama,Female,11.25,15
7256,162,MOBILE WEB,20,Tue,10,0,medicine,drama,Female,3.75,7.5
7257,102,MOBILE WEB,30,Thu,23,0,government,drama,Female,3.75,7.5
7258,171,MOBILE WEB,40,Sun,17,0,government,entertainment,Female,3.75,7.5
7259,81,MOBILE WEB,30,Tue,11,0,corporation,sports,Male,3.75,7.5
7260,192,MOBILE WEB,30,Wed,21,0,health_food,music,Female,0,3.75
7261,223,MOBILE WEB,40,Sat,14,0,education,drama,Female,3.75,7.5
7262,62,PC WEB,30,Fri,14,0,corporation,sports,Male,7.5,11.25
7263,213,MOBILE WEB,20,Wed,12,1,drink,sports,Male,11.25,15
7264,66,PC WEB,30,Thu,10,0,corporation,sports,Male,3.75,7.5
7265,216,MOBILE WEB,30,Mon,19,0,food,entertainment,Female,11.25,15
7266,119,MOBILE APP,20,Fri,23,0,food,entertainment,Female,0,3.75
7267,157,MOBILE WEB,20,Sat,10,0,pet,entertainment,Female,3.75,7.5
7268,72,PC WEB,30,Wed,13,0,corporation,sports,Male,11.25,15
7269,121,MOBILE WEB,60,Sun,14,0,drink,sports,Female,3.75,7.5
7270,185,MOBILE APP,10,Wed,12,0,food,entertainment,Female,3.75,7.5
7271,694,MOBILE WEB,50,Tue,12,0,corporation,sports,Male,0,3.75
7272,212,MOBILE WEB,40,Fri,0,0,education,drama,Female,3.75,7.5
7273,63,MOBILE WEB,40,Mon,14,0,finance,sports,Female,7.5,11.25
7274,99,MOBILE WEB,40,Thu,12,0,corporation,sports,Male,3.75,7.5
7275,167,MOBILE WEB,10,Sat,22,0,woman,drama,Female,3.75,7.5
7276,161,MOBILE WEB,40,Sun,0,0,drink,entertainment,Female,3.75,7.5
7277,83,PC WEB,40,Thu,15,0,drink,sports,Male,3.75,7.5
7278,128,MOBILE WEB,40,Mon,18,1,health_food,entertainment,Female,11.25,15
7279,165,MOBILE WEB,40,Wed,7,0,food,drama,Female,3.75,7.5
7280,241,MOBILE WEB,10,Mon,20,0,drink,entertainment,Female,3.75,7.5
7281,289,MOBILE WEB,40,Sat,8,0,food,drama,Female,0,3.75
7282,289,MOBILE WEB,30,Thu,11,0,government,entertainment,Male,3.75,7.5
7283,213,MOBILE WEB,20,Wed,11,0,drink,sports,Male,3.75,7.5
7284,202,MOBILE WEB,50,Sun,8,0,medicine,entertainment,Female,3.75,7.5
7285,80,MOBILE WEB,20,Sat,13,0,movie,entertainment,Female,7.5,11.25
7286,78,MOBILE WEB,30,Sat,16,0,corporation,sports,Male,3.75,7.5
7287,390,MOBILE WEB,30,Sat,11,0,drink,entertainment,Female,0,3.75
7288,162,MOBILE WEB,30,Sat,18,0,drink,entertainment,Female,3.75,7.5
7289,152,MOBILE WEB,20,Wed,18,1,drink,entertainment,Female,11.25,15
7290,175,MOBILE WEB,20,Sun,3,0,medicine,entertainment,Female,3.75,7.5
7291,64,PC WEB,40,Tue,12,0,drink,sports,Male,3.75,7.5
7292,88,PC WEB,40,Sat,14,0,drink,sports,Male,7.5,11.25
7293,91,MOBILE WEB,30,Fri,18,1,drink,sports,Male,11.25,15
7294,229,MOBILE WEB,20,Mon,0,1,food,drama,Female,11.25,15
7295,206,MOBILE APP,20,Wed,13,0,government,entertainment,Female,3.75,7.5
7296,96,MOBILE WEB,30,Wed,13,0,drink,sports,Male,11.25,15
7297,91,MOBILE WEB,60,Wed,12,1,drink,sports,Male,11.25,15
7298,67,PC WEB,40,Sat,12,1,corporation,sports,Male,11.25,15
7299,241,MOBILE WEB,40,Sat,18,1,drink,sports,Male,11.25,15
7300,180,MOBILE WEB,20,Sun,21,0,health_food,entertainment,Female,3.75,7.5
7301,252,MOBILE WEB,20,Sat,16,0,food,entertainment,Female,0,3.75
7302,100,MOBILE WEB,30,Tue,12,0,corporation,sports,Male,3.75,7.5
7303,308,MOBILE WEB,20,Sun,1,0,finance,drama,Female,3.75,7.5
7304,128,MOBILE WEB,50,Sun,1,0,health_food,drama,Female,3.75,7.5
7305,84,MOBILE WEB,20,Fri,12,0,food,entertainment,Female,3.75,7.5
7306,106,MOBILE WEB,20,Mon,11,0,corporation,sports,Male,3.75,7.5
7307,66,MOBILE WEB,30,Mon,7,0,drink,sports,Male,3.75,7.5
7308,168,MOBILE APP,10,Mon,22,0,food,entertainment,Female,3.75,7.5
7309,179,PC WEB,50,Sun,14,1,drink,sports,Male,11.25,15
7310,169,MOBILE WEB,30,Thu,11,0,drink,entertainment,Male,3.75,7.5
7311,127,MOBILE WEB,40,Tue,23,0,drink,sports,Male,0,3.75
7312,163,PC WEB,30,Mon,19,0,drink,music,Male,3.75,7.5
7313,180,MOBILE WEB,40,Tue,23,0,food,entertainment,Male,3.75,7.5
7314,172,MOBILE WEB,40,Thu,18,0,food,entertainment,Female,0,3.75
7315,175,MOBILE WEB,40,Mon,12,1,food,entertainment,Female,11.25,15
7316,195,MOBILE WEB,40,Mon,11,0,food,entertainment,Female,3.75,7.5
7317,68,MOBILE WEB,60,Wed,12,0,drink,sports,Male,0,3.75
7318,65,PC WEB,50,Tue,11,0,drink,sports,Male,3.75,7.5
7319,177,MOBILE WEB,60,Mon,17,0,food,entertainment,Male,3.75,7.5
7320,121,MOBILE WEB,40,Wed,10,0,pet,drama,Female,3.75,7.5
7321,833,MOBILE APP,20,Mon,11,0,movie,entertainment,Female,3.75,7.5
7322,709,PC WEB,20,Sat,20,0,drink,sports,Female,3.75,7.5
7323,142,MOBILE WEB,40,Wed,10,0,woman,sports,Male,3.75,7.5
7324,732,MOBILE WEB,40,Thu,8,0,drink,sports,Male,3.75,7.5
7325,786,MOBILE WEB,30,Sat,20,0,corporation,sports,Male,3.75,7.5
7326,79,MOBILE WEB,30,Sat,14,0,electronics,entertainment,Female,3.75,7.5
7327,107,MOBILE WEB,40,Tue,21,1,drink,sports,Male,11.25,15
7328,85,MOBILE WEB,20,Fri,0,0,corporation,entertainment,Female,0,3.75
7329,185,MOBILE WEB,30,Fri,8,0,drink,entertainment,Male,3.75,7.5
7330,154,MOBILE WEB,50,Sat,14,1,drink,sports,Male,11.25,15
7331,500,MOBILE APP,20,Fri,17,0,drink,sports,Male,0,3.75
7332,137,PC WEB,10,Thu,16,0,movie,entertainment,Female,11.25,15
7333,166,MOBILE WEB,20,Fri,19,0,government,entertainment,Male,0,3.75
7334,81,MOBILE WEB,40,Sat,22,0,drink,drama,Male,3.75,7.5
7335,64,MOBILE WEB,50,Tue,17,0,corporation,sports,Male,3.75,7.5
7336,398,MOBILE WEB,40,Tue,16,0,corporation,sports,Male,3.75,7.5
7337,118,MOBILE WEB,30,Fri,22,0,corporation,sports,Male,3.75,7.5
7338,65,MOBILE WEB,10,Tue,11,0,drink,sports,Male,3.75,7.5
7339,127,MOBILE WEB,40,Sun,1,0,movie,drama,Male,11.25,15
7340,188,MOBILE WEB,20,Sat,1,0,movie,entertainment,Male,3.75,7.5
7341,197,MOBILE WEB,40,Sun,23,0,electronics,music,Male,3.75,7.5
7342,72,MOBILE WEB,40,Wed,12,1,drink,sports,Male,11.25,15
7343,720,PC WEB,50,Mon,13,1,drink,sports,Male,11.25,15
7344,340,MOBILE WEB,40,Mon,0,0,education,drama,Female,7.5,11.25
7345,200,MOBILE APP,20,Thu,21,0,drink,entertainment,Female,3.75,7.5
7346,158,MOBILE WEB,20,Fri,21,0,woman,entertainment,Female,3.75,7.5
7347,187,MOBILE WEB,50,Fri,0,0,medicine,drama,Female,3.75,7.5
7348,84,MOBILE WEB,30,Thu,12,0,corporation,sports,Male,11.25,15
7349,209,MOBILE WEB,20,Mon,20,0,drink,drama,Female,3.75,7.5
7350,171,MOBILE WEB,30,Sun,9,0,drink,sports,Male,0,3.75
7351,131,MOBILE WEB,20,Sat,15,0,food,entertainment,Female,7.5,11.25
7352,72,MOBILE WEB,30,Wed,15,1,drink,sports,Male,11.25,15
7353,144,MOBILE WEB,30,Mon,15,0,medicine,entertainment,Male,3.75,7.5
7354,143,MOBILE WEB,20,Fri,11,0,food,sports,Male,7.5,11.25
7355,349,MOBILE WEB,50,Tue,13,0,corporation,sports,Male,3.75,7.5
7356,165,MOBILE WEB,30,Sun,22,0,woman,entertainment,Female,3.75,7.5
7357,181,MOBILE WEB,40,Fri,7,0,medicine,drama,Male,3.75,7.5
7358,188,PC WEB,30,Fri,11,0,corporation,entertainment,Female,0,3.75
7359,314,MOBILE WEB,30,Fri,22,0,drink,entertainment,Female,0,3.75
7360,127,MOBILE WEB,20,Tue,22,1,drink,sports,Male,11.25,15
7361,77,MOBILE WEB,60,Sun,8,0,drink,sports,Male,3.75,7.5
7362,205,MOBILE WEB,60,Sat,14,0,drink,sports,Male,0,3.75
7363,127,MOBILE WEB,20,Wed,10,1,drink,sports,Male,11.25,15
7364,167,PC WEB,40,Wed,10,0,drink,sports,Male,0,3.75
7365,763,MOBILE WEB,30,Wed,6,0,drink,sports,Male,3.75,7.5
7366,141,MOBILE WEB,20,Sun,13,0,government,entertainment,Female,11.25,15
7367,96,MOBILE WEB,60,Wed,16,0,corporation,sports,Female,0,3.75
7368,184,MOBILE WEB,40,Fri,7,1,food,entertainment,Female,11.25,15
7369,74,MOBILE WEB,30,Fri,16,1,drink,sports,Male,11.25,15
7370,68,MOBILE WEB,40,Tue,9,0,corporation,sports,Male,0,3.75
7371,61,MOBILE WEB,30,Thu,6,0,corporation,sports,Male,3.75,7.5
7372,160,PC WEB,40,Mon,7,0,movie,entertainment,Male,3.75,7.5
7373,146,PC WEB,10,Tue,16,0,health_food,entertainment,Female,3.75,7.5
7374,80,MOBILE APP,10,Sat,18,0,food,entertainment,Female,3.75,7.5
7375,62,MOBILE WEB,50,Tue,16,1,drink,sports,Male,11.25,15
7376,61,MOBILE WEB,30,Sun,12,1,drink,sports,Male,11.25,15
7377,118,MOBILE WEB,30,Sat,21,0,education,entertainment,Male,0,3.75
7378,64,MOBILE WEB,50,Mon,8,1,drink,sports,Male,11.25,15
7379,118,MOBILE WEB,20,Fri,19,0,corporation,sports,Male,3.75,7.5
7380,131,MOBILE WEB,30,Sun,22,0,drink,drama,Female,3.75,7.5
7381,178,MOBILE WEB,20,Fri,12,0,health_food,entertainment,Female,0,3.75
7382,110,MOBILE WEB,20,Wed,18,0,food,sports,Male,3.75,7.5
7383,185,MOBILE WEB,30,Thu,23,0,education,drama,Female,7.5,11.25
7384,116,PC WEB,40,Tue,9,0,drink,sports,Male,7.5,11.25
7385,95,MOBILE WEB,50,Sun,11,0,pet,entertainment,Female,7.5,11.25
7386,213,PC WEB,50,Wed,10,1,drink,sports,Male,11.25,15
7387,100,MOBILE WEB,50,Tue,21,1,drink,sports,Male,11.25,15
7388,101,MOBILE WEB,40,Sat,13,0,corporation,sports,Male,3.75,7.5
7389,82,MOBILE WEB,30,Mon,12,0,food,drama,Female,7.5,11.25
7390,100,MOBILE WEB,60,Sat,16,1,drink,sports,Female,11.25,15
7391,226,MOBILE WEB,20,Thu,0,0,food,drama,Female,3.75,7.5
7392,170,PC WEB,50,Tue,12,0,food,current_affairs,Female,11.25,15
7393,99,MOBILE WEB,30,Fri,23,0,education,entertainment,Female,3.75,7.5
7394,210,MOBILE WEB,40,Mon,10,1,corporation,sports,Male,11.25,15
7395,720,PC WEB,50,Mon,18,1,drink,sports,Male,11.25,15
7396,72,MOBILE WEB,20,Wed,12,0,corporation,sports,Male,7.5,11.25
7397,711,MOBILE WEB,50,Wed,17,1,drink,sports,Male,11.25,15
7398,213,MOBILE WEB,40,Thu,20,0,drink,music,Female,11.25,15
7399,61,MOBILE WEB,30,Wed,10,0,corporation,sports,Male,3.75,7.5
7400,135,MOBILE WEB,10,Tue,10,0,food,entertainment,Male,3.75,7.5
7401,184,MOBILE WEB,10,Sat,15,0,food,entertainment,Female,3.75,7.5
7402,188,MOBILE WEB,20,Sun,23,0,education,drama,Female,0,3.75
7403,213,PC WEB,40,Wed,13,0,drink,sports,Female,3.75,7.5
7404,87,MOBILE WEB,40,Mon,22,0,drink,drama,Female,3.75,7.5
7405,160,MOBILE WEB,20,Thu,22,0,corporation,entertainment,Male,11.25,15
7406,122,MOBILE WEB,20,Sat,22,0,movie,drama,Female,3.75,7.5
7407,145,MOBILE WEB,30,Tue,0,0,food,entertainment,Female,3.75,7.5
7408,79,MOBILE WEB,40,Sun,10,0,health_food,entertainment,Female,7.5,11.25
7409,81,MOBILE WEB,20,Sun,22,0,health_food,entertainment,Male,3.75,7.5
7410,61,MOBILE WEB,40,Sun,12,1,drink,sports,Male,11.25,15
7411,215,MOBILE WEB,40,Tue,19,1,drink,sports,Male,11.25,15
7412,627,MOBILE WEB,30,Sat,20,1,corporation,sports,Male,11.25,15
7413,179,MOBILE WEB,50,Fri,23,1,woman,drama,Female,11.25,15
7414,176,PC WEB,30,Tue,13,0,movie,drama,Female,0,3.75
7415,205,MOBILE WEB,20,Mon,19,0,food,music,Female,3.75,7.5
7416,153,MOBILE WEB,40,Tue,0,0,food,entertainment,Female,7.5,11.25
7417,109,MOBILE WEB,30,Tue,0,0,woman,current_affairs,Female,3.75,7.5
7418,237,MOBILE WEB,50,Fri,11,0,electronics,music,Female,3.75,7.5
7419,146,PC WEB,40,Thu,13,1,health_food,entertainment,Female,11.25,15
7420,99,MOBILE APP,10,Wed,2,0,corporation,entertainment,Female,3.75,7.5
7421,115,MOBILE WEB,10,Tue,22,0,government,entertainment,Female,11.25,15
7422,161,MOBILE WEB,20,Tue,23,0,food,entertainment,Female,3.75,7.5
7423,127,MOBILE WEB,30,Wed,20,0,medicine,entertainment,Male,11.25,15
7424,627,MOBILE WEB,40,Sat,17,0,drink,sports,Male,7.5,11.25
7425,213,MOBILE WEB,40,Wed,11,0,drink,sports,Male,3.75,7.5
7426,627,MOBILE WEB,30,Sat,19,1,drink,sports,Female,11.25,15
7427,61,PC WEB,40,Thu,20,0,corporation,sports,Male,11.25,15
7428,213,MOBILE WEB,40,Wed,12,0,drink,sports,Male,3.75,7.5
7429,181,MOBILE WEB,10,Tue,17,0,medicine,entertainment,Female,11.25,15
7430,188,MOBILE WEB,30,Sun,23,0,education,drama,Female,3.75,7.5
7431,191,MOBILE APP,40,Tue,10,0,drink,drama,Female,7.5,11.25
7432,91,PC WEB,40,Thu,9,1,movie,drama,Female,11.25,15
7433,747,MOBILE WEB,40,Thu,21,0,food,sports,Male,3.75,7.5
7434,164,PC WEB,40,Fri,12,0,drink,sports,Male,3.75,7.5
7435,127,MOBILE WEB,10,Tue,21,1,drink,sports,Male,11.25,15
7436,120,MOBILE WEB,30,Mon,20,0,drink,entertainment,Female,3.75,7.5
7437,85,MOBILE WEB,30,Thu,22,0,food,drama,Female,0,3.75
7438,787,MOBILE WEB,30,Mon,19,0,drink,sports,Male,3.75,7.5
7439,62,MOBILE WEB,60,Thu,14,0,drink,sports,Male,3.75,7.5
7440,61,MOBILE WEB,40,Thu,8,1,drink,sports,Male,11.25,15
7441,138,MOBILE WEB,30,Tue,10,1,medicine,drama,Female,11.25,15
7442,224,MOBILE WEB,20,Sat,17,0,health_food,entertainment,Male,0,3.75
7443,150,MOBILE WEB,40,Tue,10,0,food,entertainment,Female,3.75,7.5
7444,254,MOBILE WEB,50,Sun,6,0,medicine,drama,Female,3.75,7.5
7445,200,MOBILE WEB,50,Fri,22,0,electronics,entertainment,Male,11.25,15
7446,229,MOBILE WEB,20,Thu,8,0,drink,music,Female,3.75,7.5
7447,98,MOBILE WEB,40,Sat,12,1,drink,sports,Male,11.25,15
7448,115,MOBILE APP,10,Sat,0,0,food,entertainment,Female,3.75,7.5
7449,141,MOBILE WEB,30,Mon,18,0,drink,entertainment,Female,11.25,15
7450,165,MOBILE WEB,10,Sat,0,0,food,information,Female,0,3.75
7451,92,MOBILE WEB,10,Sun,22,0,corporation,sports,Male,7.5,11.25
7452,288,PC WEB,20,Sat,18,1,movie,entertainment,Male,11.25,15
7453,74,MOBILE WEB,30,Fri,16,0,corporation,sports,Male,3.75,7.5
7454,179,MOBILE WEB,20,Mon,23,0,drink,drama,Female,3.75,7.5
7455,61,MOBILE WEB,40,Tue,20,0,corporation,sports,Male,3.75,7.5
7456,125,MOBILE WEB,50,Mon,20,0,drink,sports,Male,0,3.75
7457,141,MOBILE WEB,20,Sat,13,0,drink,music,Male,3.75,7.5
7458,117,PC WEB,10,Sun,16,0,drink,entertainment,Female,3.75,7.5
7459,158,MOBILE WEB,20,Sat,21,0,education,entertainment,Male,3.75,7.5
7460,180,MOBILE WEB,20,Wed,1,0,pet,entertainment,Female,3.75,7.5
7461,71,MOBILE WEB,10,Mon,19,0,drink,sports,Male,11.25,15
7462,84,MOBILE WEB,20,Sat,17,0,drink,sports,Male,3.75,7.5
7463,67,MOBILE WEB,30,Sun,10,0,corporation,sports,Male,3.75,7.5
7464,255,MOBILE WEB,20,Sat,0,0,medicine,entertainment,Female,7.5,11.25
7465,157,PC WEB,50,Mon,15,0,movie,entertainment,Male,11.25,15
7466,180,MOBILE WEB,20,Mon,0,0,medicine,drama,Female,11.25,15
7467,149,MOBILE WEB,10,Mon,17,1,movie,entertainment,Female,11.25,15
7468,193,MOBILE WEB,40,Mon,22,0,food,entertainment,Female,3.75,7.5
7469,87,MOBILE WEB,30,Mon,13,0,food,drama,Female,3.75,7.5
7470,158,MOBILE WEB,40,Sun,18,0,drink,drama,Female,3.75,7.5
7471,72,MOBILE WEB,30,Wed,13,0,corporation,sports,Male,3.75,7.5
7472,83,MOBILE WEB,40,Mon,19,0,health_food,drama,Female,3.75,7.5
7473,161,MOBILE WEB,30,Wed,9,0,drink,information,Female,3.75,7.5
7474,67,MOBILE WEB,30,Tue,10,0,corporation,sports,Male,3.75,7.5
7475,116,MOBILE WEB,50,Sat,20,1,corporation,sports,Male,11.25,15
7476,289,MOBILE WEB,20,Mon,8,0,medicine,drama,Female,3.75,7.5
7477,206,PC WEB,50,Fri,8,0,health_food,entertainment,Male,7.5,11.25
7478,152,MOBILE WEB,20,Mon,7,0,education,drama,Female,3.75,7.5
7479,195,MOBILE WEB,30,Mon,22,1,drink,entertainment,Male,11.25,15
7480,73,MOBILE WEB,20,Sat,7,0,medicine,entertainment,Female,3.75,7.5
7481,328,MOBILE WEB,30,Sun,1,0,health_food,music,Male,3.75,7.5
7482,137,MOBILE WEB,30,Wed,10,0,medicine,entertainment,Female,0,3.75
7483,152,MOBILE WEB,10,Fri,22,0,education,entertainment,Female,3.75,7.5
7484,126,MOBILE WEB,30,Sat,17,1,food,sports,Male,11.25,15
7485,195,MOBILE WEB,30,Fri,17,0,food,entertainment,Female,0,3.75
7486,142,MOBILE WEB,20,Sat,11,0,food,entertainment,Female,3.75,7.5
7487,688,PC WEB,30,Mon,17,0,drink,sports,Male,7.5,11.25
7488,97,MOBILE WEB,50,Tue,11,0,finance,sports,Male,3.75,7.5
7489,67,MOBILE WEB,30,Tue,18,1,drink,sports,Male,11.25,15
7490,142,MOBILE WEB,30,Tue,9,0,drink,drama,Female,3.75,7.5
7491,126,MOBILE WEB,40,Mon,12,0,food,entertainment,Female,3.75,7.5
7492,127,MOBILE WEB,30,Sun,8,1,drink,sports,Male,11.25,15
7493,89,MOBILE WEB,30,Sat,10,0,drink,sports,Male,3.75,7.5
7494,71,MOBILE WEB,50,Thu,14,0,drink,sports,Male,3.75,7.5
7495,145,MOBILE WEB,30,Fri,10,0,corporation,sports,Male,3.75,7.5
7496,82,MOBILE WEB,20,Mon,1,0,health_food,drama,Female,3.75,7.5
7497,67,MOBILE WEB,30,Tue,13,0,corporation,sports,Male,3.75,7.5
7498,118,MOBILE WEB,40,Tue,14,0,corporation,sports,Male,3.75,7.5
7499,168,MOBILE WEB,20,Sun,14,0,pet,entertainment,Female,3.75,7.5
7500,78,MOBILE WEB,50,Mon,8,0,corporation,sports,Male,3.75,7.5
7501,77,MOBILE WEB,30,Fri,12,0,movie,entertainment,Female,3.75,7.5
7502,142,MOBILE WEB,30,Wed,18,0,health_food,entertainment,Female,3.75,7.5
7503,265,MOBILE WEB,40,Mon,18,1,drink,drama,Female,11.25,15
7504,188,PC WEB,30,Thu,15,0,drink,entertainment,Male,0,3.75
7505,72,MOBILE WEB,40,Wed,12,1,drink,sports,Male,11.25,15
7506,118,MOBILE WEB,30,Fri,21,0,corporation,sports,Male,3.75,7.5
7507,64,MOBILE WEB,30,Fri,7,0,drink,sports,Male,3.75,7.5
7508,249,MOBILE WEB,30,Sat,20,0,health_food,information,Female,0,3.75
7509,215,MOBILE WEB,30,Fri,14,0,food,music,Female,7.5,11.25
7510,131,MOBILE WEB,20,Wed,8,0,food,current_affairs,Female,3.75,7.5
7511,147,MOBILE WEB,40,Sun,22,0,drink,entertainment,Male,3.75,7.5
7512,125,MOBILE WEB,20,Thu,0,0,medicine,drama,Female,3.75,7.5
7513,67,PC WEB,40,Tue,13,1,finance,sports,Male,11.25,15
7514,216,MOBILE WEB,40,Tue,7,0,government,sports,Male,3.75,7.5
7515,153,MOBILE APP,30,Mon,11,0,movie,entertainment,Male,3.75,7.5
7516,180,MOBILE WEB,40,Sun,23,0,drink,sports,Male,3.75,7.5
7517,135,MOBILE WEB,30,Fri,16,0,movie,entertainment,Female,3.75,7.5
7518,255,MOBILE WEB,30,Mon,7,0,medicine,drama,Female,3.75,7.5
7519,67,PC WEB,20,Tue,13,0,corporation,sports,Male,11.25,15
7520,126,MOBILE WEB,30,Sat,18,0,drink,sports,Male,3.75,7.5
7521,97,MOBILE WEB,40,Tue,11,0,finance,sports,Male,3.75,7.5
7522,176,MOBILE WEB,30,Fri,13,0,drink,sports,Male,3.75,7.5
7523,206,MOBILE WEB,30,Thu,19,0,government,sports,Male,3.75,7.5
7524,80,MOBILE WEB,20,Fri,10,0,corporation,sports,Male,3.75,7.5
7525,176,MOBILE WEB,20,Fri,15,0,drink,sports,Male,11.25,15
7526,64,PC WEB,50,Tue,11,0,drink,sports,Male,3.75,7.5
7527,120,MOBILE WEB,10,Wed,15,0,health_food,drama,Female,3.75,7.5
7528,72,MOBILE WEB,20,Sat,22,0,food,drama,Female,3.75,7.5
7529,137,MOBILE WEB,60,Sat,21,0,food,drama,Female,7.5,11.25
7530,239,MOBILE WEB,30,Sun,15,0,education,entertainment,Female,3.75,7.5
7531,101,MOBILE WEB,30,Thu,22,0,health_food,drama,Female,3.75,7.5
7532,72,MOBILE WEB,50,Wed,14,1,drink,sports,Male,11.25,15
7533,268,MOBILE WEB,30,Thu,10,0,food,drama,Female,3.75,7.5
7534,226,MOBILE WEB,40,Sun,9,0,government,drama,Female,7.5,11.25
7535,237,PC WEB,30,Fri,17,1,electronics,music,Female,11.25,15
7536,154,MOBILE WEB,50,Mon,2,0,health_food,entertainment,Male,7.5,11.25
7537,194,PC WEB,30,Tue,23,0,drink,entertainment,Female,3.75,7.5
7538,72,MOBILE WEB,60,Wed,17,1,drink,sports,Male,11.25,15
7539,171,MOBILE WEB,10,Sat,18,0,medicine,entertainment,Female,3.75,7.5
7540,141,MOBILE WEB,10,Sat,20,0,drink,entertainment,Female,3.75,7.5
7541,96,MOBILE WEB,30,Wed,18,1,drink,sports,Female,11.25,15
7542,79,MOBILE WEB,40,Mon,7,0,drink,sports,Male,3.75,7.5
7543,142,MOBILE WEB,30,Mon,23,0,drink,drama,Female,3.75,7.5
7544,187,MOBILE APP,10,Fri,17,0,health_food,entertainment,Female,3.75,7.5
7545,72,MOBILE WEB,20,Wed,14,1,corporation,sports,Male,11.25,15
7546,116,MOBILE WEB,50,Sat,17,0,drink,sports,Male,0,3.75
7547,67,MOBILE WEB,40,Sun,10,0,drink,sports,Male,3.75,7.5
7548,218,PC WEB,30,Wed,18,0,corporation,sports,Male,0,3.75
7549,185,MOBILE WEB,50,Sat,8,0,medicine,entertainment,Female,3.75,7.5
7550,150,MOBILE WEB,30,Sat,16,0,health_food,information,Female,0,3.75
7551,168,MOBILE WEB,40,Fri,18,0,food,entertainment,Male,3.75,7.5
7552,121,MOBILE WEB,40,Sun,8,1,health_food,entertainment,Female,11.25,15
7553,277,MOBILE WEB,50,Thu,18,0,food,entertainment,Female,0,3.75
7554,72,MOBILE WEB,40,Wed,15,1,drink,sports,Male,11.25,15
7555,180,MOBILE APP,50,Sun,11,0,drink,sports,Female,3.75,7.5
7556,101,MOBILE WEB,30,Sat,14,0,drink,sports,Male,3.75,7.5
7557,97,MOBILE WEB,40,Tue,12,0,corporation,sports,Male,3.75,7.5
7558,177,MOBILE WEB,40,Wed,16,0,drink,sports,Male,3.75,7.5
7559,177,PC WEB,40,Mon,11,0,drink,sports,Male,3.75,7.5
7560,237,MOBILE WEB,30,Sat,16,1,drink,sports,Male,11.25,15
7561,205,MOBILE WEB,10,Sat,19,0,education,entertainment,Female,7.5,11.25
7562,205,MOBILE WEB,50,Sat,14,1,drink,sports,Male,11.25,15
7563,138,PC WEB,40,Mon,16,0,movie,entertainment,Male,3.75,7.5
7564,173,MOBILE WEB,40,Sat,8,0,government,entertainment,Female,0,3.75
7565,122,MOBILE WEB,40,Tue,12,0,corporation,sports,Male,3.75,7.5
7566,149,MOBILE WEB,20,Sun,15,0,education,drama,Female,0,3.75
7567,398,MOBILE WEB,40,Sat,8,0,movie,entertainment,Male,7.5,11.25
7568,101,MOBILE WEB,30,Sat,22,0,drink,sports,Male,3.75,7.5
7569,332,MOBILE WEB,30,Sat,19,0,health_food,music,Female,3.75,7.5
7570,627,MOBILE WEB,50,Sat,17,1,drink,sports,Male,11.25,15
7571,118,MOBILE WEB,30,Fri,21,0,corporation,sports,Male,3.75,7.5
7572,67,MOBILE WEB,10,Sat,9,1,drink,sports,Male,11.25,15
7573,72,MOBILE WEB,40,Mon,9,0,corporation,sports,Male,3.75,7.5
7574,786,PC WEB,40,Sat,17,1,drink,sports,Male,11.25,15
7575,68,MOBILE WEB,40,Sat,10,0,drink,sports,Male,0,3.75
7576,160,MOBILE WEB,30,Sun,0,0,education,entertainment,Female,3.75,7.5
7577,81,MOBILE WEB,40,Mon,8,0,health_food,entertainment,Female,0,3.75
7578,288,PC WEB,40,Sun,11,0,government,drama,Female,7.5,11.25
7579,183,MOBILE WEB,40,Fri,20,0,health_food,entertainment,Male,0,3.75
7580,232,MOBILE WEB,30,Sat,8,0,health_food,entertainment,Female,7.5,11.25
7581,136,MOBILE WEB,30,Tue,12,0,medicine,entertainment,Female,3.75,7.5
7582,74,MOBILE WEB,20,Fri,17,0,corporation,sports,Male,3.75,7.5
7583,74,MOBILE WEB,30,Fri,17,1,drink,sports,Male,11.25,15
7584,107,MOBILE WEB,50,Tue,17,1,drink,sports,Male,11.25,15
7585,145,MOBILE WEB,20,Fri,21,0,government,entertainment,Female,3.75,7.5
7586,228,MOBILE WEB,10,Thu,19,0,health_food,entertainment,Female,3.75,7.5
7587,129,MOBILE WEB,40,Sun,19,0,food,drama,Female,3.75,7.5
7588,95,MOBILE WEB,30,Sun,14,1,government,drama,Female,11.25,15
7589,126,MOBILE WEB,30,Sat,15,0,government,sports,Male,3.75,7.5
7590,72,PC WEB,40,Wed,13,0,corporation,sports,Male,11.25,15
7591,115,MOBILE WEB,30,Mon,16,0,food,information,Male,3.75,7.5
7592,196,MOBILE WEB,20,Wed,21,0,food,entertainment,Female,7.5,11.25
7593,136,MOBILE APP,40,Thu,20,0,education,drama,Female,7.5,11.25
7594,115,MOBILE WEB,40,Wed,12,0,drink,sports,Male,3.75,7.5
7595,116,MOBILE WEB,20,Sat,17,1,drink,sports,Male,11.25,15
7596,214,MOBILE APP,50,Sun,10,1,drink,sports,Male,11.25,15
7597,150,MOBILE WEB,40,Sun,20,0,movie,entertainment,Male,7.5,11.25
7598,123,MOBILE WEB,40,Sat,23,0,woman,information,Female,0,3.75
7599,116,MOBILE WEB,20,Sat,21,0,corporation,sports,Female,3.75,7.5
7600,177,MOBILE WEB,40,Thu,10,1,pet,entertainment,Female,11.25,15
7601,796,MOBILE WEB,20,Wed,19,0,drink,sports,Male,3.75,7.5
7602,88,MOBILE WEB,10,Tue,22,0,corporation,entertainment,Male,11.25,15
7603,86,MOBILE WEB,30,Wed,14,0,drink,sports,Male,3.75,7.5
7604,127,MOBILE WEB,40,Tue,23,1,drink,sports,Male,11.25,15
7605,60,MOBILE WEB,20,Wed,19,1,drink,sports,Male,11.25,15
7606,112,MOBILE WEB,40,Sat,14,1,drink,sports,Male,11.25,15
7607,222,MOBILE WEB,10,Mon,10,0,food,entertainment,Female,3.75,7.5
7608,178,MOBILE WEB,30,Wed,13,0,food,entertainment,Female,7.5,11.25
7609,65,MOBILE WEB,40,Wed,16,0,drink,sports,Male,3.75,7.5
7610,382,MOBILE WEB,40,Sun,0,0,health_food,music,Male,3.75,7.5
7611,175,MOBILE WEB,30,Thu,21,0,electronics,entertainment,Female,3.75,7.5
7612,233,PC WEB,60,Sat,10,0,medicine,entertainment,Male,0,3.75
7613,98,MOBILE WEB,40,Fri,22,0,education,entertainment,Female,11.25,15
7614,180,MOBILE WEB,50,Mon,19,0,drink,entertainment,Female,3.75,7.5
7615,106,MOBILE WEB,40,Wed,18,0,drink,sports,Male,3.75,7.5
7616,116,MOBILE WEB,60,Thu,9,0,drink,sports,Male,3.75,7.5
7617,64,MOBILE WEB,30,Sun,0,0,medicine,drama,Female,3.75,7.5
7618,123,MOBILE WEB,20,Thu,16,0,health_food,entertainment,Male,3.75,7.5
7619,280,MOBILE WEB,30,Mon,18,0,food,drama,Female,11.25,15
7620,196,MOBILE WEB,40,Tue,16,0,food,entertainment,Female,3.75,7.5
7621,98,MOBILE WEB,30,Tue,8,0,movie,drama,Male,3.75,7.5
7622,93,MOBILE WEB,20,Wed,1,0,corporation,entertainment,Female,3.75,7.5
7623,694,PC WEB,40,Tue,14,0,drink,sports,Male,3.75,7.5
7624,181,MOBILE WEB,20,Sat,12,0,movie,entertainment,Female,3.75,7.5
7625,123,MOBILE WEB,20,Thu,21,0,food,drama,Female,3.75,7.5
7626,129,MOBILE WEB,30,Fri,6,0,drink,drama,Male,11.25,15
7627,67,MOBILE WEB,40,Tue,13,0,corporation,sports,Male,3.75,7.5
7628,177,PC WEB,40,Wed,15,0,drink,sports,Male,11.25,15
7629,77,MOBILE APP,20,Sun,10,0,food,drama,Female,3.75,7.5
7630,185,MOBILE WEB,20,Sun,15,0,drink,entertainment,Male,3.75,7.5
7631,84,MOBILE WEB,30,Wed,19,0,corporation,sports,Male,3.75,7.5
7632,196,MOBILE WEB,40,Tue,9,1,food,entertainment,Female,11.25,15
7633,118,MOBILE WEB,50,Fri,22,0,corporation,sports,Male,3.75,7.5
7634,500,MOBILE WEB,40,Fri,18,0,drink,sports,Male,0,3.75
7635,173,MOBILE WEB,30,Fri,23,1,drink,drama,Female,11.25,15
7636,61,MOBILE WEB,50,Wed,12,0,drink,sports,Male,3.75,7.5
7637,136,PC WEB,60,Tue,17,1,health_food,drama,Male,11.25,15
7638,419,MOBILE WEB,50,Tue,10,0,corporation,sports,Male,3.75,7.5
7639,233,MOBILE APP,20,Mon,9,0,education,entertainment,Female,3.75,7.5
7640,180,MOBILE WEB,20,Wed,15,0,health_food,entertainment,Male,0,3.75
7641,88,PC WEB,30,Sat,16,0,corporation,sports,Male,3.75,7.5
7642,101,MOBILE WEB,20,Sat,14,0,drink,sports,Male,3.75,7.5
7643,121,MOBILE WEB,40,Sun,13,1,drink,sports,Female,11.25,15
7644,182,MOBILE WEB,20,Mon,22,1,health_food,entertainment,Male,11.25,15
7645,223,MOBILE WEB,20,Sat,8,0,pet,drama,Male,3.75,7.5
7646,145,MOBILE WEB,40,Mon,19,0,health_food,entertainment,Female,3.75,7.5
7647,215,MOBILE WEB,20,Sat,14,0,government,entertainment,Male,11.25,15
7648,115,MOBILE WEB,60,Sun,21,0,food,entertainment,Female,11.25,15
7649,566,MOBILE WEB,20,Mon,8,0,food,entertainment,Female,3.75,7.5
7650,178,MOBILE WEB,30,Mon,23,0,food,entertainment,Female,0,3.75
7651,65,MOBILE WEB,40,Tue,11,0,drink,sports,Male,3.75,7.5
7652,64,MOBILE WEB,30,Wed,20,0,corporation,sports,Male,3.75,7.5
7653,121,MOBILE WEB,50,Sun,15,1,drink,sports,Male,11.25,15
7654,171,MOBILE WEB,30,Sun,9,1,drink,sports,Male,11.25,15
7655,228,MOBILE WEB,40,Sun,23,0,drink,entertainment,Female,3.75,7.5
7656,116,MOBILE WEB,30,Thu,8,0,drink,sports,Male,3.75,7.5
7657,274,MOBILE WEB,30,Mon,19,0,movie,entertainment,Male,11.25,15
7658,218,MOBILE WEB,40,Thu,18,0,education,drama,Male,3.75,7.5
7659,153,MOBILE WEB,20,Sun,13,0,woman,drama,Male,11.25,15
7660,149,MOBILE WEB,30,Tue,23,0,drink,entertainment,Female,3.75,7.5
7661,112,MOBILE WEB,40,Sun,18,0,food,drama,Female,3.75,7.5
7662,100,MOBILE WEB,30,Tue,13,0,food,entertainment,Female,0,3.75
7663,188,MOBILE WEB,30,Sun,22,0,education,drama,Male,3.75,7.5
7664,165,MOBILE WEB,30,Sat,12,0,drink,sports,Male,3.75,7.5
7665,158,MOBILE WEB,30,Fri,19,0,drink,entertainment,Female,3.75,7.5
7666,627,MOBILE WEB,30,Sun,0,0,corporation,sports,Male,3.75,7.5
7667,189,MOBILE WEB,40,Sat,9,1,drink,drama,Male,11.25,15
7668,104,MOBILE WEB,30,Wed,13,0,drink,sports,Male,7.5,11.25
7669,140,MOBILE WEB,50,Tue,15,0,government,entertainment,Female,3.75,7.5
7670,154,MOBILE APP,10,Sat,10,0,food,drama,Female,3.75,7.5
7671,271,MOBILE WEB,40,Thu,23,0,food,drama,Female,3.75,7.5
7672,223,MOBILE APP,20,Tue,13,0,health_food,entertainment,Female,11.25,15
7673,61,MOBILE WEB,10,Wed,10,0,corporation,sports,Female,7.5,11.25
7674,158,MOBILE WEB,30,Thu,15,0,pet,drama,Female,3.75,7.5
7675,185,MOBILE WEB,40,Wed,7,0,food,entertainment,Female,3.75,7.5
7676,93,MOBILE WEB,50,Sun,8,1,drink,sports,Male,11.25,15
7677,121,MOBILE WEB,10,Sun,15,1,drink,sports,Male,11.25,15
7678,127,MOBILE WEB,40,Tue,21,1,drink,sports,Male,11.25,15
7679,70,MOBILE WEB,30,Sat,21,0,drink,sports,Male,3.75,7.5
7680,73,MOBILE WEB,50,Tue,15,0,food,sports,Male,3.75,7.5
7681,111,MOBILE APP,20,Wed,1,0,health_food,entertainment,Female,3.75,7.5
7682,214,MOBILE WEB,10,Thu,23,0,government,entertainment,Male,3.75,7.5
7683,187,MOBILE WEB,30,Mon,10,0,electronics,entertainment,Male,3.75,7.5
7684,84,PC WEB,40,Thu,12,0,drink,sports,Male,3.75,7.5
7685,67,MOBILE WEB,20,Tue,22,1,drink,sports,Male,11.25,15
7686,71,PC WEB,40,Thu,15,0,drink,sports,Female,7.5,11.25
7687,64,MOBILE WEB,40,Fri,7,0,corporation,sports,Male,3.75,7.5
7688,159,MOBILE WEB,40,Thu,19,0,food,entertainment,Male,7.5,11.25
7689,119,MOBILE WEB,30,Mon,22,0,drink,entertainment,Female,3.75,7.5
7690,107,MOBILE WEB,40,Fri,22,0,finance,drama,Female,3.75,7.5
7691,61,MOBILE WEB,50,Sun,11,1,drink,sports,Male,11.25,15
7692,104,MOBILE WEB,30,Tue,22,0,food,entertainment,Male,3.75,7.5
7693,187,MOBILE WEB,20,Wed,7,0,health_food,drama,Female,3.75,7.5
7694,196,MOBILE WEB,20,Sun,15,0,pet,music,Female,3.75,7.5
7695,206,MOBILE APP,40,Mon,0,0,government,entertainment,Female,3.75,7.5
7696,205,MOBILE WEB,20,Tue,9,0,food,drama,Female,3.75,7.5
7697,71,MOBILE WEB,50,Mon,14,0,finance,sports,Male,3.75,7.5
7698,206,MOBILE WEB,20,Mon,23,0,pet,information,Female,3.75,7.5
7699,164,MOBILE WEB,30,Fri,20,0,drink,sports,Male,3.75,7.5
7700,63,MOBILE WEB,40,Mon,6,0,corporation,sports,Male,3.75,7.5
7701,373,MOBILE APP,10,Sat,12,0,drink,entertainment,Female,0,3.75
7702,176,MOBILE WEB,20,Fri,16,0,drink,sports,Male,7.5,11.25
7703,79,MOBILE APP,10,Wed,21,0,medicine,entertainment,Female,3.75,7.5
7704,169,MOBILE WEB,30,Sat,9,0,drink,entertainment,Female,3.75,7.5
7705,468,MOBILE WEB,20,Mon,14,0,woman,information,Female,3.75,7.5
7706,183,MOBILE WEB,20,Mon,12,1,health_food,entertainment,Female,11.25,15
7707,161,PC WEB,10,Sun,14,0,food,entertainment,Female,3.75,7.5
7708,235,MOBILE WEB,30,Sat,10,0,food,entertainment,Female,3.75,7.5
7709,67,MOBILE WEB,40,Tue,13,0,corporation,sports,Male,3.75,7.5
7710,145,PC WEB,40,Tue,9,1,health_food,drama,Female,11.25,15
7711,70,MOBILE WEB,40,Mon,19,0,drink,drama,Female,3.75,7.5
7712,532,MOBILE WEB,30,Fri,13,0,drink,sports,Male,3.75,7.5
7713,64,MOBILE WEB,60,Tue,12,0,corporation,sports,Male,3.75,7.5
7714,289,MOBILE WEB,30,Mon,7,0,health_food,entertainment,Male,3.75,7.5
7715,100,MOBILE WEB,30,Wed,12,0,medicine,entertainment,Female,3.75,7.5
7716,145,MOBILE WEB,30,Sun,11,0,health_food,entertainment,Male,7.5,11.25
7717,128,MOBILE WEB,40,Sun,20,0,health_food,entertainment,Female,0,3.75
7718,115,MOBILE WEB,10,Wed,1,0,drink,entertainment,Female,0,3.75
7719,145,MOBILE WEB,20,Sun,21,0,movie,drama,Female,3.75,7.5
7720,180,MOBILE WEB,30,Wed,10,1,food,entertainment,Female,11.25,15
7721,163,MOBILE WEB,40,Tue,19,0,health_food,entertainment,Female,3.75,7.5
7722,111,PC WEB,60,Wed,13,1,electronics,drama,Male,11.25,15
7723,72,MOBILE WEB,30,Wed,21,1,drink,sports,Male,11.25,15
7724,118,MOBILE WEB,40,Wed,12,1,drink,sports,Male,11.25,15
7725,627,MOBILE WEB,40,Sat,17,1,drink,sports,Male,11.25,15
7726,180,MOBILE WEB,30,Mon,9,1,food,entertainment,Male,11.25,15
7727,127,MOBILE WEB,20,Wed,10,1,drink,sports,Male,11.25,15
7728,178,MOBILE WEB,10,Thu,22,0,food,entertainment,Female,3.75,7.5
7729,347,MOBILE WEB,40,Sun,14,0,food,entertainment,Female,3.75,7.5
7730,126,MOBILE WEB,30,Wed,7,0,corporation,entertainment,Male,3.75,7.5
7731,94,PC WEB,50,Fri,18,0,education,drama,Male,3.75,7.5
7732,68,MOBILE WEB,30,Tue,12,0,corporation,sports,Male,11.25,15
7733,96,MOBILE WEB,30,Thu,11,1,drink,sports,Male,11.25,15
7734,164,MOBILE WEB,20,Sat,0,1,health_food,entertainment,Female,11.25,15
7735,85,MOBILE WEB,40,Sat,20,0,health_food,drama,Female,3.75,7.5
7736,257,MOBILE WEB,30,Thu,0,0,man,entertainment,Female,11.25,15
7737,94,MOBILE WEB,20,Fri,19,0,food,drama,Female,3.75,7.5
7738,72,MOBILE WEB,40,Wed,13,1,drink,sports,Female,11.25,15
7739,143,MOBILE WEB,20,Sat,10,0,drink,sports,Male,3.75,7.5
7740,131,MOBILE WEB,20,Sun,22,1,education,entertainment,Female,11.25,15
7741,216,PC WEB,30,Tue,8,0,corporation,sports,Male,11.25,15
7742,82,MOBILE WEB,40,Sun,8,1,medicine,drama,Female,11.25,15
7743,217,MOBILE WEB,40,Sat,14,0,food,drama,Female,3.75,7.5
7744,67,MOBILE WEB,40,Tue,15,1,drink,sports,Male,11.25,15
7745,125,MOBILE WEB,30,Fri,9,0,corporation,sports,Male,3.75,7.5
7746,153,MOBILE WEB,50,Mon,22,0,government,entertainment,Female,0,3.75
7747,81,MOBILE WEB,40,Sun,22,0,movie,entertainment,Female,7.5,11.25
7748,525,MOBILE WEB,20,Sun,11,0,drink,sports,Female,0,3.75
7749,77,PC WEB,40,Fri,11,0,medicine,entertainment,Female,3.75,7.5
7750,68,MOBILE WEB,40,Tue,16,0,food,current_affairs,Female,3.75,7.5
7751,130,MOBILE WEB,30,Sun,9,1,pet,drama,Female,11.25,15
7752,101,MOBILE WEB,40,Sat,12,0,corporation,sports,Male,3.75,7.5
7753,205,PC WEB,10,Thu,0,1,drink,entertainment,Female,11.25,15
7754,82,PC WEB,50,Wed,11,0,drink,entertainment,Female,0,3.75
7755,96,MOBILE WEB,50,Wed,22,1,drink,sports,Male,11.25,15
7756,162,MOBILE WEB,20,Sat,11,0,food,entertainment,Female,3.75,7.5
7757,65,PC WEB,40,Tue,11,0,drink,sports,Female,3.75,7.5
7758,64,MOBILE WEB,40,Fri,8,0,health_food,sports,Male,3.75,7.5
7759,123,PC WEB,30,Fri,13,1,food,entertainment,Female,11.25,15
7760,180,MOBILE WEB,30,Sun,9,0,drink,sports,Male,3.75,7.5
7761,83,MOBILE WEB,10,Sun,16,0,woman,entertainment,Female,3.75,7.5
7762,237,MOBILE WEB,50,Sat,16,1,drink,sports,Male,11.25,15
7763,79,MOBILE WEB,40,Mon,6,0,corporation,sports,Male,3.75,7.5
7764,210,MOBILE WEB,40,Thu,11,0,food,drama,Female,3.75,7.5
7765,234,PC WEB,40,Tue,14,0,government,drama,Male,3.75,7.5
7766,213,MOBILE WEB,40,Wed,12,0,food,sports,Male,11.25,15
7767,100,PC WEB,60,Fri,9,1,drink,sports,Male,11.25,15
7768,232,MOBILE APP,20,Sat,10,0,medicine,entertainment,Female,7.5,11.25
7769,158,MOBILE WEB,10,Tue,23,0,food,drama,Female,7.5,11.25
7770,65,PC WEB,30,Tue,11,0,drink,sports,Male,3.75,7.5
7771,65,MOBILE WEB,30,Tue,13,0,corporation,sports,Male,3.75,7.5
7772,264,MOBILE APP,20,Mon,23,0,movie,entertainment,Male,3.75,7.5
7773,164,MOBILE WEB,40,Wed,9,0,pet,entertainment,Female,7.5,11.25
7774,176,MOBILE WEB,10,Sun,12,0,pet,entertainment,Male,3.75,7.5
7775,145,MOBILE WEB,40,Fri,9,0,corporation,sports,Female,3.75,7.5
7776,153,MOBILE WEB,30,Thu,14,0,movie,entertainment,Female,3.75,7.5
7777,141,MOBILE WEB,30,Thu,20,1,government,drama,Female,11.25,15
7778,160,MOBILE WEB,20,Sat,11,0,food,entertainment,Female,3.75,7.5
7779,219,PC WEB,20,Fri,18,0,woman,drama,Female,0,3.75
7780,86,MOBILE WEB,60,Mon,22,0,food,drama,Female,3.75,7.5
7781,66,MOBILE WEB,30,Sun,23,0,drink,sports,Male,11.25,15
7782,100,MOBILE WEB,40,Sat,21,0,corporation,sports,Male,3.75,7.5
7783,178,MOBILE WEB,30,Mon,20,0,education,drama,Male,3.75,7.5
7784,182,MOBILE WEB,40,Mon,22,0,drink,entertainment,Female,3.75,7.5
7785,213,MOBILE WEB,20,Wed,10,0,drink,sports,Male,3.75,7.5
7786,206,MOBILE WEB,60,Sat,16,1,corporation,sports,Female,11.25,15
7787,143,MOBILE WEB,20,Sun,23,0,health_food,entertainment,Female,11.25,15
7788,203,MOBILE WEB,20,Tue,15,0,drink,entertainment,Female,7.5,11.25
7789,162,MOBILE WEB,30,Sat,17,0,food,entertainment,Female,3.75,7.5
7790,232,MOBILE WEB,50,Sat,22,0,food,entertainment,Female,3.75,7.5
7791,196,MOBILE WEB,40,Fri,12,1,movie,entertainment,Male,11.25,15
7792,104,PC WEB,40,Wed,17,1,corporation,sports,Male,11.25,15
7793,688,PC WEB,20,Mon,12,0,drink,sports,Male,3.75,7.5
7794,65,PC WEB,30,Tue,11,0,drink,sports,Male,3.75,7.5
7795,150,MOBILE WEB,30,Fri,22,0,drink,information,Female,3.75,7.5
7796,147,MOBILE WEB,40,Sun,22,0,health_food,drama,Female,3.75,7.5
7797,171,MOBILE WEB,20,Sat,9,0,food,entertainment,Female,3.75,7.5
7798,159,MOBILE WEB,30,Tue,13,0,government,entertainment,Female,3.75,7.5
7799,128,MOBILE WEB,50,Mon,17,0,health_food,entertainment,Female,0,3.75
7800,191,MOBILE WEB,40,Mon,12,1,electronics,entertainment,Female,11.25,15
7801,169,MOBILE WEB,20,Sun,20,0,health_food,entertainment,Female,3.75,7.5
7802,786,MOBILE WEB,50,Sat,18,1,drink,sports,Male,11.25,15
7803,230,MOBILE WEB,10,Tue,21,0,health_food,entertainment,Female,3.75,7.5
7804,347,MOBILE WEB,40,Sat,19,1,drink,sports,Male,11.25,15
7805,189,MOBILE WEB,10,Thu,18,0,government,drama,Female,0,3.75
7806,160,MOBILE WEB,20,Wed,9,0,drink,entertainment,Male,3.75,7.5
7807,207,PC WEB,10,Wed,22,1,drink,entertainment,Female,11.25,15
7808,142,MOBILE WEB,40,Tue,16,0,health_food,drama,Female,3.75,7.5
7809,75,MOBILE WEB,50,Fri,10,0,corporation,sports,Male,3.75,7.5
7810,216,MOBILE WEB,30,Tue,8,0,health_food,entertainment,Female,3.75,7.5
7811,123,MOBILE WEB,20,Sun,13,0,food,entertainment,Female,3.75,7.5
7812,849,MOBILE WEB,50,Sat,16,0,health_food,sports,Male,3.75,7.5
7813,60,MOBILE WEB,40,Thu,13,0,health_food,entertainment,Female,3.75,7.5
7814,129,MOBILE WEB,20,Sat,18,0,electronics,kids,Female,3.75,7.5
7815,172,MOBILE WEB,30,Tue,8,0,movie,entertainment,Female,11.25,15
7816,85,MOBILE WEB,20,Fri,1,0,food,drama,Female,3.75,7.5
7817,178,MOBILE WEB,30,Sun,9,0,movie,drama,Female,3.75,7.5
7818,126,MOBILE WEB,20,Thu,22,0,movie,information,Female,3.75,7.5
7819,93,PC WEB,40,Fri,8,1,corporation,sports,Female,11.25,15
7820,78,MOBILE WEB,40,Thu,23,1,electronics,entertainment,Female,11.25,15
7821,133,MOBILE WEB,20,Sun,17,0,health_food,entertainment,Female,0,3.75
7822,160,MOBILE WEB,30,Sat,2,0,health_food,entertainment,Female,7.5,11.25
7823,204,MOBILE WEB,30,Mon,20,0,drink,entertainment,Female,7.5,11.25
7824,116,MOBILE WEB,20,Mon,19,0,drink,sports,Female,0,3.75
7825,67,MOBILE WEB,40,Tue,12,0,corporation,sports,Male,3.75,7.5
7826,232,MOBILE WEB,20,Sat,8,1,medicine,entertainment,Female,11.25,15
7827,153,MOBILE WEB,50,Fri,6,0,drink,entertainment,Female,3.75,7.5
7828,144,MOBILE WEB,40,Thu,9,0,food,entertainment,Male,3.75,7.5
7829,61,MOBILE WEB,50,Sun,12,0,corporation,sports,Male,3.75,7.5
7830,119,MOBILE WEB,20,Fri,16,0,corporation,sports,Male,3.75,7.5
7831,371,PC WEB,40,Tue,13,0,corporation,sports,Male,3.75,7.5
7832,170,PC WEB,40,Mon,10,0,corporation,sports,Male,3.75,7.5
7833,220,PC WEB,20,Sat,18,0,health_food,music,Female,0,3.75
7834,212,MOBILE WEB,20,Mon,23,0,corporation,sports,Male,3.75,7.5
7835,123,MOBILE WEB,50,Fri,17,0,food,entertainment,Male,11.25,15
7836,70,MOBILE WEB,40,Sat,6,1,drink,entertainment,Female,11.25,15
7837,126,MOBILE APP,60,Mon,11,0,food,entertainment,Female,3.75,7.5
7838,62,MOBILE WEB,30,Tue,13,0,corporation,sports,Male,3.75,7.5
7839,175,MOBILE WEB,40,Sat,22,1,food,drama,Female,11.25,15
7840,72,MOBILE WEB,30,Wed,14,0,corporation,sports,Male,3.75,7.5
7841,219,MOBILE WEB,30,Tue,0,0,food,entertainment,Female,3.75,7.5
7842,137,MOBILE WEB,20,Sun,20,0,health_food,entertainment,Female,3.75,7.5
7843,60,MOBILE WEB,30,Sat,13,1,drink,sports,Male,11.25,15
7844,347,MOBILE WEB,40,Sat,16,1,drink,sports,Male,11.25,15
7845,141,MOBILE WEB,50,Sun,13,0,corporation,sports,Male,0,3.75
7846,146,MOBILE WEB,40,Mon,11,0,medicine,drama,Female,3.75,7.5
7847,85,PC WEB,60,Fri,9,0,drink,sports,Female,3.75,7.5
7848,118,PC WEB,40,Wed,15,0,corporation,entertainment,Female,3.75,7.5
7849,134,MOBILE WEB,20,Sun,13,0,education,drama,Female,7.5,11.25
7850,68,MOBILE WEB,50,Fri,12,0,drink,sports,Female,3.75,7.5
7851,109,MOBILE WEB,40,Fri,13,1,corporation,sports,Male,11.25,15
7852,167,MOBILE APP,20,Sun,10,0,health_food,entertainment,Female,3.75,7.5
7853,116,MOBILE WEB,40,Fri,7,0,food,sports,Male,3.75,7.5
7854,197,MOBILE WEB,30,Sat,10,0,medicine,entertainment,Female,0,3.75
7855,175,MOBILE WEB,20,Sun,22,1,drink,drama,Female,11.25,15
7856,260,MOBILE WEB,20,Mon,1,0,medicine,drama,Female,3.75,7.5
7857,160,MOBILE WEB,50,Sat,0,0,health_food,entertainment,Female,0,3.75
7858,130,MOBILE WEB,40,Wed,1,1,health_food,drama,Female,11.25,15
7859,144,MOBILE WEB,20,Sat,14,0,drink,entertainment,Female,11.25,15
7860,278,MOBILE WEB,10,Mon,23,0,drink,entertainment,Male,3.75,7.5
7861,786,MOBILE WEB,40,Sat,16,1,drink,sports,Male,11.25,15
7862,64,MOBILE WEB,20,Tue,14,0,corporation,sports,Male,3.75,7.5
7863,141,MOBILE WEB,40,Sat,16,1,drink,sports,Male,11.25,15
7864,213,MOBILE APP,10,Fri,0,0,drink,music,Female,3.75,7.5
7865,112,MOBILE WEB,10,Sat,14,0,education,entertainment,Female,0,3.75
7866,74,MOBILE WEB,50,Fri,17,0,corporation,sports,Male,3.75,7.5
7867,166,MOBILE WEB,30,Fri,17,0,food,entertainment,Male,3.75,7.5
7868,218,MOBILE WEB,10,Mon,22,0,food,information,Female,3.75,7.5
7869,101,MOBILE WEB,40,Sat,14,0,corporation,sports,Male,3.75,7.5
7870,430,PC WEB,50,Tue,12,0,drink,sports,Male,3.75,7.5
7871,61,MOBILE WEB,50,Sun,13,1,drink,sports,Male,11.25,15
7872,183,MOBILE WEB,40,Wed,1,1,food,entertainment,Female,11.25,15
7873,284,MOBILE WEB,20,Sun,18,0,food,entertainment,Male,7.5,11.25
7874,152,MOBILE WEB,30,Mon,23,0,drink,drama,Male,3.75,7.5
7875,130,MOBILE WEB,30,Fri,8,0,electronics,entertainment,Female,11.25,15
7876,155,PC WEB,40,Tue,22,0,education,entertainment,Female,3.75,7.5
7877,154,MOBILE WEB,50,Sat,23,0,movie,entertainment,Female,3.75,7.5
7878,597,MOBILE WEB,50,Sun,10,1,corporation,sports,Male,11.25,15
7879,164,MOBILE WEB,30,Fri,11,0,food,sports,Male,3.75,7.5
7880,271,MOBILE WEB,30,Sat,16,1,medicine,drama,Female,11.25,15
7881,78,MOBILE APP,10,Fri,19,1,health_food,entertainment,Female,11.25,15
7882,133,MOBILE WEB,20,Sat,23,0,woman,entertainment,Male,3.75,7.5
7883,199,MOBILE WEB,20,Sun,3,0,food,music,Female,3.75,7.5
7884,72,MOBILE WEB,50,Wed,13,0,education,drama,Female,7.5,11.25
7885,156,MOBILE WEB,30,Fri,0,0,food,drama,Female,3.75,7.5
7886,125,MOBILE WEB,30,Mon,21,0,drink,sports,Male,3.75,7.5
7887,74,MOBILE WEB,10,Fri,15,0,corporation,sports,Male,3.75,7.5
7888,112,MOBILE WEB,60,Sat,17,0,corporation,sports,Male,11.25,15
7889,182,MOBILE WEB,30,Thu,19,0,movie,drama,Female,3.75,7.5
7890,352,MOBILE WEB,20,Sat,17,0,health_food,entertainment,Female,3.75,7.5
7891,62,MOBILE WEB,40,Fri,17,1,drink,sports,Male,11.25,15
7892,105,MOBILE WEB,40,Sun,16,0,corporation,sports,Male,11.25,15
7893,65,MOBILE WEB,30,Tue,14,0,health_food,sports,Male,3.75,7.5
7894,144,MOBILE WEB,30,Sat,1,0,medicine,entertainment,Female,3.75,7.5
7895,142,MOBILE WEB,30,Fri,19,0,electronics,entertainment,Female,11.25,15
7896,97,MOBILE WEB,40,Tue,12,0,electronics,sports,Male,3.75,7.5
7897,64,MOBILE WEB,20,Mon,10,0,corporation,sports,Female,3.75,7.5
7898,65,MOBILE WEB,40,Mon,0,0,food,drama,Female,3.75,7.5
7899,98,MOBILE WEB,40,Sat,12,0,corporation,sports,Male,0,3.75
7900,201,MOBILE WEB,30,Fri,19,0,education,drama,Female,11.25,15
7901,152,MOBILE WEB,40,Sat,14,0,corporation,sports,Male,3.75,7.5
7902,79,PC WEB,40,Mon,12,0,drink,sports,Male,3.75,7.5
7903,216,MOBILE WEB,10,Sun,20,1,health_food,music,Female,11.25,15
7904,145,MOBILE WEB,40,Mon,23,0,food,entertainment,Female,3.75,7.5
7905,119,MOBILE WEB,30,Fri,19,0,drink,sports,Male,3.75,7.5
7906,65,MOBILE WEB,40,Tue,12,0,food,sports,Male,3.75,7.5
7907,168,MOBILE WEB,30,Fri,1,0,government,drama,Female,3.75,7.5
7908,532,PC WEB,40,Fri,16,0,drink,sports,Male,7.5,11.25
7909,172,MOBILE WEB,30,Tue,10,0,health_food,entertainment,Female,3.75,7.5
7910,67,PC WEB,40,Thu,16,0,corporation,sports,Male,3.75,7.5
7911,261,MOBILE WEB,30,Mon,0,0,movie,drama,Female,0,3.75
7912,169,MOBILE WEB,10,Sat,23,0,electronics,drama,Female,3.75,7.5
7913,64,MOBILE WEB,40,Wed,10,0,corporation,sports,Male,7.5,11.25
7914,83,MOBILE WEB,40,Thu,15,0,corporation,sports,Male,11.25,15
7915,345,PC WEB,30,Tue,15,1,drink,sports,Male,11.25,15
7916,174,MOBILE WEB,40,Sat,9,0,electronics,music,Male,3.75,7.5
7917,130,MOBILE WEB,40,Mon,20,0,drink,drama,Female,0,3.75
7918,143,MOBILE WEB,20,Wed,11,0,corporation,entertainment,Male,3.75,7.5
7919,71,MOBILE WEB,40,Tue,18,0,food,current_affairs,Female,3.75,7.5
7920,206,MOBILE WEB,40,Thu,20,0,health_food,drama,Female,11.25,15
7921,196,MOBILE WEB,40,Tue,10,0,health_food,entertainment,Female,3.75,7.5
7922,166,MOBILE WEB,40,Tue,9,0,movie,drama,Female,3.75,7.5
7923,205,MOBILE WEB,40,Sat,16,1,corporation,sports,Male,11.25,15
7924,67,MOBILE WEB,30,Mon,14,0,finance,sports,Male,7.5,11.25
7925,106,MOBILE APP,20,Thu,21,0,health_food,entertainment,Female,3.75,7.5
7926,73,MOBILE WEB,60,Thu,11,1,drink,sports,Male,11.25,15
7927,212,PC WEB,50,Mon,9,0,corporation,sports,Male,3.75,7.5
7928,219,MOBILE APP,10,Tue,20,0,food,entertainment,Female,3.75,7.5
7929,204,MOBILE WEB,20,Sat,7,0,education,entertainment,Female,11.25,15
7930,102,MOBILE WEB,30,Sat,20,1,drink,music,Male,11.25,15
7931,175,MOBILE APP,20,Sun,2,0,education,drama,Female,3.75,7.5
7932,176,MOBILE WEB,20,Fri,0,0,food,drama,Female,3.75,7.5
7933,208,MOBILE WEB,50,Sat,12,0,food,entertainment,Female,3.75,7.5
7934,91,MOBILE WEB,20,Fri,13,0,drink,sports,Male,3.75,7.5
7935,532,MOBILE WEB,30,Fri,15,0,drink,sports,Male,3.75,7.5
7936,180,MOBILE WEB,40,Sat,9,1,health_food,entertainment,Female,11.25,15
7937,228,MOBILE WEB,20,Tue,15,1,drink,entertainment,Female,11.25,15
7938,281,MOBILE WEB,20,Fri,22,0,health_food,drama,Female,0,3.75
7939,171,PC WEB,20,Sun,16,0,corporation,sports,Male,0,3.75
7940,72,MOBILE WEB,30,Wed,21,1,drink,sports,Male,11.25,15
7941,216,MOBILE WEB,30,Tue,8,0,health_food,entertainment,Female,7.5,11.25
7942,164,MOBILE WEB,20,Tue,0,0,government,drama,Female,3.75,7.5
7943,129,MOBILE WEB,20,Mon,14,0,government,drama,Female,0,3.75
7944,237,MOBILE WEB,40,Sat,16,1,drink,sports,Female,11.25,15
7945,65,PC WEB,30,Tue,11,0,drink,sports,Male,3.75,7.5
7946,238,PC WEB,50,Tue,16,0,drink,sports,Male,3.75,7.5
7947,88,MOBILE WEB,30,Sat,13,0,drink,sports,Male,3.75,7.5
7948,210,MOBILE APP,10,Sun,20,0,food,entertainment,Female,7.5,11.25
7949,99,MOBILE WEB,30,Thu,13,0,food,sports,Male,3.75,7.5
7950,192,MOBILE WEB,40,Wed,20,1,medicine,entertainment,Female,11.25,15
7951,167,MOBILE WEB,30,Sun,15,1,drink,information,Male,11.25,15
7952,67,MOBILE WEB,40,Tue,14,0,corporation,sports,Male,11.25,15
7953,132,MOBILE WEB,20,Tue,0,0,education,entertainment,Male,3.75,7.5
7954,200,MOBILE WEB,40,Sun,19,0,government,entertainment,Female,7.5,11.25
7955,164,PC WEB,40,Fri,11,0,pet,sports,Male,3.75,7.5
7956,112,MOBILE WEB,30,Wed,12,0,health_food,entertainment,Male,11.25,15
7957,100,MOBILE WEB,40,Fri,3,0,corporation,entertainment,Female,11.25,15
7958,92,MOBILE WEB,30,Fri,0,0,drink,entertainment,Female,3.75,7.5
7959,276,MOBILE WEB,50,Mon,9,0,health_food,entertainment,Female,3.75,7.5
7960,94,MOBILE WEB,30,Thu,23,1,health_food,drama,Female,11.25,15
7961,188,MOBILE WEB,10,Tue,6,0,food,entertainment,Female,11.25,15
7962,97,MOBILE WEB,50,Tue,12,0,corporation,sports,Male,3.75,7.5
7963,64,MOBILE WEB,30,Mon,14,0,finance,sports,Male,3.75,7.5
7964,211,MOBILE WEB,40,Sat,20,0,government,music,Female,0,3.75
7965,98,MOBILE WEB,30,Sat,12,0,drink,sports,Male,7.5,11.25
7966,88,MOBILE WEB,20,Sun,0,0,health_food,entertainment,Female,3.75,7.5
7967,151,MOBILE WEB,40,Fri,6,0,food,drama,Female,7.5,11.25
7968,170,MOBILE WEB,40,Thu,9,0,food,entertainment,Female,3.75,7.5
7969,80,MOBILE WEB,40,Fri,9,0,drink,sports,Male,3.75,7.5
7970,68,MOBILE WEB,10,Wed,20,1,corporation,entertainment,Female,11.25,15
7971,311,MOBILE WEB,30,Fri,10,1,food,entertainment,Male,11.25,15
7972,250,PC WEB,20,Tue,20,1,movie,drama,Male,11.25,15
7973,101,PC WEB,40,Sat,15,0,corporation,sports,Male,3.75,7.5
7974,101,MOBILE WEB,40,Mon,17,0,food,entertainment,Female,3.75,7.5
7975,64,MOBILE WEB,40,Tue,12,0,corporation,sports,Male,3.75,7.5
7976,152,MOBILE WEB,40,Mon,20,1,drink,drama,Female,11.25,15
7977,61,MOBILE APP,30,Sun,13,1,finance,sports,Male,11.25,15
7978,125,MOBILE WEB,20,Mon,20,0,drink,sports,Male,0,3.75
7979,126,MOBILE WEB,30,Sat,15,0,drink,sports,Male,3.75,7.5
7980,64,MOBILE WEB,50,Tue,16,0,drink,sports,Male,3.75,7.5
7981,181,PC WEB,40,Thu,14,0,government,information,Female,7.5,11.25
7982,125,MOBILE WEB,30,Thu,20,0,movie,sports,Male,3.75,7.5
7983,103,MOBILE WEB,40,Sat,13,0,food,entertainment,Female,3.75,7.5
7984,82,MOBILE WEB,20,Mon,22,0,health_food,entertainment,Female,3.75,7.5
7985,94,MOBILE WEB,30,Fri,0,0,drink,entertainment,Female,11.25,15
7986,152,MOBILE WEB,30,Mon,21,0,food,entertainment,Female,3.75,7.5
7987,340,MOBILE WEB,30,Mon,12,0,medicine,drama,Female,0,3.75
7988,212,MOBILE WEB,40,Tue,18,0,electronics,entertainment,Female,3.75,7.5
7989,311,MOBILE WEB,40,Sat,20,0,food,music,Female,3.75,7.5
7990,188,MOBILE WEB,30,Thu,21,1,health_food,entertainment,Male,11.25,15
7991,226,PC WEB,40,Tue,22,1,drink,entertainment,Female,11.25,15
7992,253,MOBILE WEB,20,Sat,11,1,government,entertainment,Female,11.25,15
7993,64,MOBILE WEB,40,Fri,6,0,drink,sports,Male,3.75,7.5
7994,179,MOBILE APP,10,Tue,14,0,health_food,entertainment,Female,7.5,11.25
7995,133,MOBILE WEB,40,Wed,11,0,drink,sports,Male,3.75,7.5
7996,61,MOBILE WEB,50,Fri,12,0,drink,sports,Female,3.75,7.5
7997,116,MOBILE WEB,50,Sat,14,1,finance,sports,Male,11.25,15
7998,93,MOBILE WEB,40,Thu,14,0,corporation,sports,Male,3.75,7.5
7999,182,PC WEB,60,Thu,19,1,government,drama,Male,11.25,15
8000,213,MOBILE WEB,30,Wed,10,0,food,sports,Male,3.75,7.5
8001,153,MOBILE WEB,30,Sun,11,1,health_food,entertainment,Female,11.25,15
8002,85,MOBILE WEB,30,Tue,14,0,drink,entertainment,Female,3.75,7.5
8003,205,PC WEB,40,Fri,22,0,woman,sports,Female,3.75,7.5
8004,124,MOBILE WEB,30,Sat,13,0,food,entertainment,Female,3.75,7.5
8005,90,MOBILE WEB,30,Mon,6,0,health_food,drama,Male,7.5,11.25
8006,141,MOBILE WEB,40,Sat,8,0,government,entertainment,Female,0,3.75
8007,211,MOBILE WEB,40,Sun,14,0,government,drama,Female,3.75,7.5
8008,250,MOBILE WEB,50,Mon,20,0,movie,drama,Female,0,3.75
8009,179,MOBILE WEB,30,Tue,20,0,drink,entertainment,Male,7.5,11.25
8010,116,MOBILE WEB,30,Thu,0,0,drink,sports,Male,3.75,7.5
8011,182,MOBILE WEB,40,Wed,16,1,food,entertainment,Female,11.25,15
8012,147,MOBILE WEB,40,Fri,21,1,health_food,entertainment,Female,11.25,15
8013,108,MOBILE WEB,20,Mon,1,0,electronics,entertainment,Female,7.5,11.25
8014,144,MOBILE WEB,10,Sun,7,0,medicine,entertainment,Female,3.75,7.5
8015,94,MOBILE WEB,20,Thu,23,1,drink,drama,Female,11.25,15
8016,104,MOBILE WEB,20,Sat,23,0,drink,drama,Female,3.75,7.5
8017,128,PC WEB,20,Thu,20,0,movie,drama,Female,3.75,7.5
8018,786,MOBILE WEB,40,Sun,3,0,corporation,sports,Male,3.75,7.5
8019,203,MOBILE WEB,50,Fri,0,1,movie,drama,Female,11.25,15
8020,627,MOBILE WEB,40,Sun,12,1,drink,sports,Male,11.25,15
8021,180,MOBILE WEB,30,Wed,13,0,pet,entertainment,Female,3.75,7.5
8022,199,MOBILE WEB,30,Sat,9,1,food,drama,Female,11.25,15
8023,204,MOBILE APP,20,Sat,17,0,food,entertainment,Male,7.5,11.25
8024,726,MOBILE WEB,30,Sat,8,1,drink,sports,Male,11.25,15
8025,127,MOBILE WEB,40,Tue,21,1,drink,sports,Male,11.25,15
8026,126,MOBILE WEB,30,Sat,16,0,drink,sports,Male,11.25,15
8027,164,MOBILE WEB,60,Fri,14,1,drink,sports,Male,11.25,15
8028,232,MOBILE WEB,30,Mon,22,0,drink,entertainment,Female,3.75,7.5
8029,157,PC WEB,20,Sun,11,1,food,entertainment,Female,11.25,15
8030,203,MOBILE APP,40,Wed,15,0,food,entertainment,Female,0,3.75
8031,145,MOBILE WEB,30,Wed,9,0,health_food,drama,Female,11.25,15
8032,148,MOBILE WEB,30,Sun,11,0,corporation,sports,Male,0,3.75
8033,118,MOBILE WEB,40,Fri,19,0,corporation,sports,Male,0,3.75
8034,153,MOBILE WEB,40,Mon,20,1,food,entertainment,Female,11.25,15
8035,216,MOBILE WEB,30,Tue,0,0,health_food,entertainment,Female,0,3.75
8036,164,MOBILE APP,20,Sun,6,0,medicine,entertainment,Male,3.75,7.5
8037,186,MOBILE WEB,30,Mon,7,0,health_food,entertainment,Female,3.75,7.5
8038,138,MOBILE WEB,20,Sat,17,0,drink,sports,Male,3.75,7.5
8039,796,MOBILE WEB,40,Wed,20,0,drink,sports,Male,3.75,7.5
8040,172,MOBILE WEB,40,Fri,22,0,health_food,entertainment,Female,7.5,11.25
8041,152,MOBILE WEB,40,Sat,16,0,government,entertainment,Female,3.75,7.5
8042,63,PC WEB,40,Fri,11,0,drink,sports,Male,3.75,7.5
8043,74,MOBILE WEB,20,Thu,4,0,drink,drama,Female,11.25,15
8044,88,MOBILE WEB,10,Sat,15,0,drink,sports,Male,3.75,7.5
8045,152,MOBILE WEB,40,Sat,20,0,drink,sports,Male,3.75,7.5
8046,519,PC WEB,40,Mon,22,0,drink,sports,Male,3.75,7.5
8047,105,MOBILE WEB,40,Sat,22,0,drink,entertainment,Female,3.75,7.5
8048,199,MOBILE WEB,40,Thu,19,0,education,drama,Female,0,3.75
8049,64,MOBILE WEB,20,Fri,7,0,drink,sports,Male,3.75,7.5
8050,161,MOBILE WEB,30,Sun,17,1,corporation,sports,Male,11.25,15
8051,128,MOBILE WEB,40,Tue,13,0,health_food,entertainment,Female,3.75,7.5
8052,208,MOBILE WEB,10,Sat,23,0,government,drama,Female,3.75,7.5
8053,132,MOBILE WEB,30,Sun,18,1,food,entertainment,Female,11.25,15
8054,97,MOBILE WEB,50,Wed,17,0,drink,sports,Male,3.75,7.5
8055,355,MOBILE APP,20,Tue,22,0,education,sports,Female,3.75,7.5
8056,61,MOBILE WEB,30,Sun,12,1,corporation,sports,Male,11.25,15
8057,688,MOBILE WEB,40,Sat,9,0,drink,sports,Male,0,3.75
8058,163,MOBILE WEB,30,Sun,13,0,food,entertainment,Female,0,3.75
8059,74,MOBILE WEB,40,Fri,17,0,corporation,sports,Male,3.75,7.5
8060,294,MOBILE WEB,10,Thu,22,0,food,entertainment,Male,3.75,7.5
8061,64,PC WEB,10,Tue,8,0,drink,entertainment,Female,0,3.75
8062,119,MOBILE WEB,30,Fri,13,0,medicine,entertainment,Female,0,3.75
8063,796,PC WEB,40,Wed,20,0,drink,sports,Male,3.75,7.5
8064,154,MOBILE WEB,40,Mon,19,0,government,entertainment,Female,3.75,7.5
8065,216,MOBILE APP,30,Sat,0,0,food,entertainment,Male,11.25,15
8066,532,MOBILE WEB,20,Fri,13,0,drink,sports,Male,3.75,7.5
8067,115,MOBILE WEB,10,Fri,0,0,movie,entertainment,Female,3.75,7.5
8068,128,MOBILE WEB,40,Fri,8,1,drink,sports,Male,11.25,15
8069,127,MOBILE WEB,30,Wed,10,1,drink,sports,Male,11.25,15
8070,61,MOBILE WEB,40,Sun,11,1,finance,sports,Male,11.25,15
8071,112,MOBILE WEB,20,Sun,12,0,education,drama,Female,7.5,11.25
8072,627,MOBILE WEB,20,Sat,16,1,drink,sports,Male,11.25,15
8073,186,MOBILE WEB,30,Wed,0,0,movie,drama,Female,7.5,11.25
8074,597,MOBILE WEB,50,Sat,12,0,corporation,sports,Male,0,3.75
8075,101,MOBILE WEB,20,Thu,19,0,government,entertainment,Female,3.75,7.5
8076,144,MOBILE WEB,20,Fri,18,0,movie,entertainment,Male,3.75,7.5
8077,175,MOBILE WEB,40,Sat,7,0,health_food,drama,Female,3.75,7.5
8078,232,MOBILE WEB,20,Wed,12,0,education,entertainment,Female,3.75,7.5
8079,225,MOBILE WEB,50,Wed,19,0,drink,entertainment,Male,3.75,7.5
8080,141,MOBILE WEB,40,Wed,20,0,health_food,drama,Female,7.5,11.25
8081,96,MOBILE WEB,60,Fri,20,0,health_food,entertainment,Male,3.75,7.5
8082,126,MOBILE WEB,20,Sat,17,0,corporation,sports,Male,3.75,7.5
8083,130,MOBILE WEB,30,Mon,23,0,health_food,drama,Female,3.75,7.5
8084,164,MOBILE WEB,20,Sun,16,0,movie,entertainment,Female,7.5,11.25
8085,116,MOBILE WEB,40,Thu,0,0,corporation,sports,Male,3.75,7.5
8086,182,MOBILE WEB,10,Mon,23,0,drink,entertainment,Female,3.75,7.5
8087,216,MOBILE WEB,20,Tue,12,0,food,entertainment,Female,3.75,7.5
8088,127,MOBILE WEB,30,Tue,8,1,medicine,entertainment,Female,11.25,15
8089,101,MOBILE WEB,30,Sat,23,0,drink,sports,Male,3.75,7.5
8090,172,MOBILE WEB,30,Thu,17,0,food,entertainment,Female,3.75,7.5
8091,65,MOBILE WEB,30,Tue,13,0,drink,sports,Male,3.75,7.5
8092,187,MOBILE WEB,30,Sun,1,0,government,drama,Male,0,3.75
8093,624,PC WEB,40,Tue,8,0,drink,sports,Male,11.25,15
8094,302,MOBILE WEB,50,Thu,10,0,food,drama,Female,3.75,7.5
8095,169,MOBILE WEB,40,Wed,13,0,electronics,entertainment,Female,3.75,7.5
8096,125,PC WEB,40,Thu,15,0,corporation,sports,Male,3.75,7.5
8097,116,MOBILE WEB,30,Sun,11,1,drink,sports,Male,11.25,15
8098,255,MOBILE WEB,20,Fri,22,0,electronics,entertainment,Female,3.75,7.5
8099,105,MOBILE WEB,50,Sun,10,1,drink,sports,Male,11.25,15
8100,186,MOBILE WEB,30,Tue,10,0,food,entertainment,Female,3.75,7.5
8101,65,MOBILE WEB,30,Tue,12,0,drink,sports,Male,3.75,7.5
8102,136,MOBILE WEB,40,Thu,8,1,health_food,drama,Female,11.25,15
8103,228,MOBILE WEB,40,Mon,11,0,government,music,Male,3.75,7.5
8104,224,MOBILE WEB,20,Tue,22,0,food,entertainment,Male,7.5,11.25
8105,134,MOBILE WEB,30,Sun,20,0,food,entertainment,Male,0,3.75
8106,347,MOBILE WEB,40,Sat,20,1,drink,sports,Male,11.25,15
8107,145,PC WEB,20,Fri,9,1,drink,sports,Male,11.25,15
8108,72,MOBILE WEB,20,Wed,12,1,drink,sports,Male,11.25,15
8109,72,MOBILE WEB,30,Wed,18,1,drink,sports,Male,11.25,15
8110,206,MOBILE APP,20,Fri,19,0,food,music,Male,3.75,7.5
8111,126,MOBILE WEB,30,Sat,13,0,health_food,entertainment,Female,3.75,7.5
8112,430,MOBILE WEB,20,Tue,12,0,corporation,sports,Male,3.75,7.5
8113,100,MOBILE WEB,40,Tue,17,1,drink,sports,Male,11.25,15
8114,135,MOBILE WEB,40,Fri,9,0,pet,drama,Male,3.75,7.5
8115,172,MOBILE WEB,20,Thu,8,0,health_food,entertainment,Male,11.25,15
8116,61,MOBILE WEB,30,Fri,17,0,corporation,sports,Male,3.75,7.5
8117,213,MOBILE WEB,30,Wed,10,0,food,sports,Male,3.75,7.5
8118,132,MOBILE WEB,30,Fri,14,1,drink,entertainment,Female,11.25,15
8119,206,MOBILE WEB,40,Tue,2,1,man,entertainment,Male,11.25,15
8120,116,MOBILE WEB,50,Mon,19,0,drink,sports,Male,0,3.75
8121,168,MOBILE WEB,30,Wed,11,0,health_food,drama,Female,7.5,11.25
8122,83,MOBILE WEB,20,Mon,12,1,medicine,drama,Female,11.25,15
8123,195,MOBILE WEB,20,Thu,21,1,health_food,drama,Female,11.25,15
8124,60,MOBILE WEB,20,Thu,13,0,pet,drama,Female,7.5,11.25
8125,162,MOBILE WEB,60,Mon,13,0,health_food,information,Male,3.75,7.5
8126,232,MOBILE APP,10,Sat,13,0,education,entertainment,Female,3.75,7.5
8127,168,MOBILE WEB,30,Sat,15,0,drink,drama,Female,7.5,11.25
8128,173,MOBILE WEB,10,Tue,23,0,health_food,drama,Female,0,3.75
8129,213,MOBILE WEB,20,Wed,11,0,drink,sports,Male,7.5,11.25
8130,79,PC WEB,50,Mon,16,0,pet,drama,Male,7.5,11.25
8131,205,MOBILE WEB,50,Mon,8,0,food,entertainment,Male,3.75,7.5
8132,94,MOBILE WEB,30,Thu,23,0,food,drama,Female,3.75,7.5
8133,271,MOBILE WEB,10,Mon,14,0,education,entertainment,Female,3.75,7.5
8134,169,MOBILE WEB,20,Sun,11,1,food,drama,Female,11.25,15
8135,196,MOBILE WEB,30,Tue,23,1,food,information,Male,11.25,15
8136,161,MOBILE WEB,40,Wed,0,0,food,entertainment,Female,0,3.75
8137,122,MOBILE WEB,30,Mon,12,0,health_food,entertainment,Female,3.75,7.5
8138,62,MOBILE WEB,40,Sat,8,1,drink,sports,Male,11.25,15
8139,197,MOBILE WEB,20,Sat,17,0,education,entertainment,Female,3.75,7.5
8140,132,PC WEB,20,Sat,0,0,food,music,Male,3.75,7.5
8141,135,PC WEB,30,Wed,16,1,drink,sports,Male,11.25,15
8142,139,MOBILE WEB,30,Thu,22,0,electronics,drama,Female,3.75,7.5
8143,213,MOBILE WEB,40,Wed,10,0,drink,sports,Male,3.75,7.5
8144,184,MOBILE WEB,30,Fri,13,0,health_food,entertainment,Male,3.75,7.5
8145,72,PC WEB,40,Wed,13,1,drink,sports,Male,11.25,15
8146,157,MOBILE WEB,20,Sun,17,0,government,entertainment,Male,3.75,7.5
8147,688,MOBILE WEB,40,Sat,9,0,drink,sports,Male,0,3.75
8148,93,MOBILE WEB,30,Thu,13,0,drink,sports,Male,3.75,7.5
8149,236,MOBILE WEB,40,Thu,14,0,food,information,Female,3.75,7.5
8150,67,MOBILE WEB,40,Tue,20,1,drink,sports,Male,11.25,15
8151,110,PC WEB,40,Mon,10,0,drink,sports,Male,3.75,7.5
8152,213,MOBILE WEB,30,Tue,19,0,pet,entertainment,Female,7.5,11.25
8153,193,MOBILE WEB,30,Sun,23,0,drink,entertainment,Female,7.5,11.25
8154,221,MOBILE WEB,40,Mon,8,0,pet,entertainment,Female,3.75,7.5
8155,173,MOBILE WEB,30,Thu,18,0,medicine,drama,Female,3.75,7.5
8156,173,PC WEB,10,Fri,12,0,food,drama,Female,3.75,7.5
8157,163,MOBILE WEB,20,Mon,22,0,drink,entertainment,Female,3.75,7.5
8158,145,MOBILE WEB,40,Tue,16,0,food,drama,Female,7.5,11.25
8159,118,MOBILE WEB,50,Fri,21,1,corporation,sports,Male,11.25,15
8160,270,MOBILE WEB,40,Sat,14,1,health_food,entertainment,Female,11.25,15
8161,161,PC WEB,40,Wed,13,0,electronics,entertainment,Female,3.75,7.5
8162,93,MOBILE WEB,20,Sat,20,0,education,entertainment,Female,3.75,7.5
8163,179,MOBILE WEB,30,Fri,21,0,health_food,drama,Female,11.25,15
8164,265,MOBILE WEB,20,Sat,11,0,drink,entertainment,Female,7.5,11.25
8165,232,MOBILE WEB,20,Sat,11,0,education,entertainment,Female,3.75,7.5
8166,183,MOBILE WEB,40,Sun,22,0,drink,entertainment,Female,7.5,11.25
8167,79,MOBILE WEB,20,Mon,0,0,health_food,entertainment,Male,3.75,7.5
8168,65,MOBILE WEB,30,Fri,11,0,drink,sports,Male,3.75,7.5
8169,169,MOBILE WEB,30,Sat,15,0,food,entertainment,Female,3.75,7.5
8170,195,MOBILE WEB,30,Fri,9,0,movie,information,Male,3.75,7.5
8171,262,MOBILE WEB,30,Sun,19,0,finance,entertainment,Female,3.75,7.5
8172,115,MOBILE WEB,20,Fri,1,0,health_food,entertainment,Female,3.75,7.5
8173,99,MOBILE APP,20,Wed,9,0,corporation,entertainment,Female,3.75,7.5
8174,176,MOBILE APP,40,Thu,0,0,drink,drama,Female,3.75,7.5
8175,149,MOBILE WEB,60,Thu,18,1,movie,drama,Female,11.25,15
8176,165,MOBILE WEB,40,Sat,15,0,corporation,sports,Male,11.25,15
8177,118,MOBILE WEB,20,Fri,20,0,corporation,sports,Male,3.75,7.5
8178,117,MOBILE WEB,40,Fri,7,0,health_food,entertainment,Female,3.75,7.5
8179,193,MOBILE WEB,50,Tue,7,0,electronics,entertainment,Female,3.75,7.5
8180,163,PC WEB,50,Thu,10,0,drink,entertainment,Female,3.75,7.5
8181,109,MOBILE WEB,30,Mon,23,0,movie,entertainment,Female,3.75,7.5
8182,115,MOBILE WEB,20,Mon,23,0,health_food,entertainment,Female,3.75,7.5
8183,190,MOBILE WEB,20,Mon,11,0,drink,entertainment,Female,0,3.75
8184,115,MOBILE WEB,50,Wed,12,0,drink,sports,Male,7.5,11.25
8185,74,PC WEB,20,Sat,1,1,drink,sports,Male,11.25,15
8186,72,MOBILE WEB,30,Wed,13,1,drink,sports,Male,11.25,15
8187,709,MOBILE WEB,40,Sat,17,0,drink,sports,Male,7.5,11.25
8188,163,MOBILE WEB,10,Tue,18,0,food,drama,Female,3.75,7.5
8189,162,MOBILE WEB,50,Thu,12,0,movie,entertainment,Female,3.75,7.5
8190,71,PC WEB,30,Fri,11,0,corporation,entertainment,Female,3.75,7.5
8191,106,MOBILE WEB,30,Mon,0,0,food,drama,Male,3.75,7.5
8192,65,MOBILE WEB,30,Sun,11,0,drink,sports,Male,11.25,15
8193,190,MOBILE WEB,50,Mon,20,1,drink,entertainment,Female,11.25,15
8194,268,MOBILE APP,10,Thu,16,0,food,drama,Female,3.75,7.5
8195,271,MOBILE WEB,50,Fri,0,0,electronics,drama,Female,3.75,7.5
8196,178,MOBILE WEB,50,Sun,0,0,movie,drama,Female,3.75,7.5
8197,126,MOBILE WEB,10,Fri,21,0,health_food,drama,Female,11.25,15
8198,215,MOBILE WEB,30,Mon,23,0,drink,music,Female,7.5,11.25
8199,158,MOBILE WEB,10,Sun,20,0,education,entertainment,Female,3.75,7.5
8200,117,MOBILE WEB,20,Sat,1,0,health_food,entertainment,Female,3.75,7.5
8201,175,MOBILE WEB,30,Sun,23,0,education,drama,Female,0,3.75
8202,627,MOBILE WEB,50,Sat,18,1,drink,sports,Male,11.25,15
8203,205,MOBILE WEB,20,Sun,12,0,medicine,entertainment,Female,7.5,11.25
8204,135,MOBILE WEB,30,Mon,1,0,food,drama,Female,11.25,15
8205,85,MOBILE WEB,40,Mon,0,0,medicine,drama,Female,3.75,7.5
8206,103,PC WEB,60,Fri,11,1,drink,sports,Male,11.25,15
8207,170,MOBILE APP,60,Sat,14,1,food,entertainment,Male,11.25,15
8208,264,MOBILE WEB,40,Sat,17,0,drink,sports,Male,3.75,7.5
8209,118,MOBILE WEB,30,Fri,20,0,corporation,sports,Male,3.75,7.5
8210,212,MOBILE WEB,30,Sun,20,1,drink,sports,Male,11.25,15
8211,711,MOBILE WEB,20,Wed,17,1,drink,sports,Male,11.25,15
8212,180,MOBILE WEB,20,Wed,7,0,food,entertainment,Male,3.75,7.5
8213,114,PC WEB,20,Mon,0,0,food,entertainment,Female,3.75,7.5
8214,119,MOBILE WEB,30,Sat,7,0,corporation,sports,Male,7.5,11.25
8215,101,MOBILE WEB,40,Sat,14,0,drink,sports,Male,3.75,7.5
8216,106,MOBILE APP,30,Mon,16,0,food,entertainment,Female,0,3.75
8217,532,MOBILE WEB,40,Mon,13,0,drink,sports,Female,0,3.75
8218,121,MOBILE WEB,20,Sun,15,1,drink,sports,Male,11.25,15
8219,566,MOBILE APP,20,Mon,10,0,health_food,entertainment,Male,3.75,7.5
8220,119,MOBILE WEB,30,Fri,8,0,food,drama,Female,7.5,11.25
8221,215,MOBILE WEB,30,Mon,22,1,drink,music,Female,11.25,15
8222,86,MOBILE WEB,30,Wed,9,0,drink,sports,Male,3.75,7.5
8223,178,MOBILE WEB,40,Mon,12,0,electronics,entertainment,Male,3.75,7.5
8224,62,MOBILE WEB,40,Thu,15,0,corporation,sports,Male,7.5,11.25
8225,98,MOBILE WEB,30,Sat,12,0,drink,sports,Male,0,3.75
8226,91,MOBILE WEB,10,Tue,0,0,health_food,drama,Female,0,3.75
8227,61,MOBILE WEB,30,Wed,18,1,drink,sports,Male,11.25,15
8228,161,MOBILE WEB,40,Fri,13,0,drink,sports,Male,3.75,7.5
8229,122,MOBILE WEB,40,Sun,0,0,medicine,entertainment,Female,3.75,7.5
8230,96,MOBILE WEB,30,Wed,21,1,drink,sports,Male,11.25,15
8231,126,MOBILE WEB,30,Sat,15,0,drink,sports,Male,3.75,7.5
8232,169,MOBILE WEB,20,Wed,1,0,woman,entertainment,Female,3.75,7.5
8233,135,MOBILE WEB,20,Thu,23,0,pet,entertainment,Female,3.75,7.5
8234,213,MOBILE WEB,30,Wed,11,0,drink,sports,Male,11.25,15
8235,101,MOBILE WEB,30,Sat,14,0,drink,sports,Male,3.75,7.5
8236,65,MOBILE WEB,30,Tue,14,0,corporation,sports,Male,0,3.75
8237,118,MOBILE WEB,40,Fri,21,0,corporation,sports,Male,0,3.75
8238,65,MOBILE WEB,20,Tue,16,0,drink,sports,Male,3.75,7.5
8239,213,PC WEB,40,Wed,14,0,drink,sports,Male,7.5,11.25
8240,142,MOBILE WEB,40,Wed,17,0,drink,entertainment,Female,3.75,7.5
8241,67,MOBILE WEB,30,Tue,14,0,corporation,sports,Male,7.5,11.25
8242,112,MOBILE WEB,30,Sat,15,0,corporation,sports,Male,3.75,7.5
8243,167,MOBILE WEB,30,Wed,11,0,pet,entertainment,Female,3.75,7.5
8244,203,MOBILE WEB,20,Mon,18,0,drink,entertainment,Female,3.75,7.5
8245,74,MOBILE WEB,50,Fri,21,0,corporation,sports,Male,7.5,11.25
8246,169,MOBILE WEB,10,Wed,17,0,electronics,entertainment,Female,3.75,7.5
8247,195,MOBILE APP,20,Wed,20,0,corporation,entertainment,Female,3.75,7.5
8248,75,MOBILE WEB,20,Sat,17,0,pet,drama,Female,3.75,7.5
8249,186,MOBILE WEB,40,Sat,21,0,food,entertainment,Female,7.5,11.25
8250,240,MOBILE APP,20,Wed,19,0,education,entertainment,Male,3.75,7.5
8251,165,MOBILE WEB,40,Tue,0,0,education,entertainment,Male,0,3.75
8252,164,MOBILE WEB,10,Fri,3,1,movie,drama,Female,11.25,15
8253,747,MOBILE WEB,40,Thu,17,0,drink,sports,Male,3.75,7.5
8254,126,MOBILE WEB,60,Tue,9,0,corporation,sports,Male,11.25,15
8255,76,MOBILE WEB,40,Sun,1,0,health_food,entertainment,Male,7.5,11.25
8256,532,MOBILE WEB,30,Fri,13,0,drink,sports,Male,7.5,11.25
8257,165,MOBILE WEB,20,Sat,14,0,drink,entertainment,Female,0,3.75
8258,101,MOBILE WEB,30,Mon,8,0,movie,entertainment,Male,3.75,7.5
8259,143,PC WEB,20,Mon,9,1,government,entertainment,Male,11.25,15
8260,101,MOBILE WEB,20,Sat,13,0,corporation,sports,Male,3.75,7.5
8261,231,MOBILE WEB,10,Sat,15,1,movie,drama,Female,11.25,15
8262,232,MOBILE WEB,10,Sat,10,0,woman,entertainment,Female,3.75,7.5
8263,207,MOBILE WEB,10,Wed,8,0,health_food,entertainment,Female,7.5,11.25
8264,170,MOBILE WEB,30,Mon,7,0,drink,sports,Male,3.75,7.5
8265,103,MOBILE WEB,50,Wed,7,0,finance,drama,Male,0,3.75
8266,202,MOBILE WEB,20,Wed,10,0,food,entertainment,Male,7.5,11.25
8267,237,MOBILE WEB,30,Sat,18,0,corporation,sports,Male,3.75,7.5
8268,117,MOBILE WEB,30,Sat,22,0,health_food,entertainment,Female,3.75,7.5
8269,183,MOBILE WEB,10,Mon,21,0,drink,entertainment,Female,3.75,7.5
8270,180,MOBILE WEB,20,Thu,8,0,electronics,entertainment,Female,7.5,11.25
8271,134,MOBILE WEB,30,Mon,23,1,drink,entertainment,Female,11.25,15
8272,88,MOBILE WEB,20,Sat,13,0,drink,sports,Male,3.75,7.5
8273,65,MOBILE WEB,30,Tue,11,0,drink,sports,Male,3.75,7.5
8274,164,MOBILE WEB,30,Fri,11,0,drink,sports,Male,3.75,7.5
8275,83,MOBILE WEB,30,Sat,6,1,drink,sports,Male,11.25,15
8276,109,MOBILE WEB,40,Thu,17,0,food,information,Male,3.75,7.5
8277,99,MOBILE WEB,30,Thu,12,0,corporation,sports,Male,3.75,7.5
8278,88,MOBILE WEB,40,Sat,14,0,corporation,sports,Male,3.75,7.5
8279,167,MOBILE WEB,60,Sat,13,1,health_food,entertainment,Female,11.25,15
8280,99,MOBILE WEB,40,Sun,18,1,movie,drama,Female,11.25,15
8281,65,PC WEB,40,Tue,11,0,drink,sports,Male,3.75,7.5
8282,94,MOBILE WEB,40,Tue,11,0,corporation,sports,Male,3.75,7.5
8283,149,MOBILE WEB,30,Mon,8,0,food,entertainment,Male,3.75,7.5
8284,128,MOBILE WEB,50,Fri,22,0,movie,entertainment,Male,3.75,7.5
8285,188,MOBILE WEB,10,Sun,22,0,movie,drama,Female,3.75,7.5
8286,213,MOBILE WEB,30,Thu,11,0,health_food,sports,Male,3.75,7.5
8287,233,MOBILE WEB,50,Tue,23,0,medicine,drama,Female,3.75,7.5
8288,73,MOBILE WEB,20,Mon,18,0,food,drama,Female,3.75,7.5
8289,173,MOBILE WEB,40,Thu,13,0,education,drama,Female,3.75,7.5
8290,290,MOBILE WEB,20,Mon,6,0,medicine,entertainment,Female,3.75,7.5
8291,127,MOBILE WEB,40,Sun,15,0,movie,drama,Female,3.75,7.5
8292,211,MOBILE WEB,30,Fri,8,1,food,entertainment,Male,11.25,15
8293,70,MOBILE WEB,20,Sat,16,0,food,entertainment,Female,3.75,7.5
8294,170,MOBILE WEB,40,Mon,7,0,food,music,Female,3.75,7.5
8295,178,MOBILE WEB,30,Sat,1,0,drink,entertainment,Female,3.75,7.5
8296,64,MOBILE WEB,40,Fri,9,0,drink,sports,Male,3.75,7.5
8297,83,MOBILE WEB,20,Thu,14,0,drink,sports,Male,3.75,7.5
8298,154,MOBILE WEB,40,Sat,13,1,drink,sports,Male,11.25,15
8299,118,MOBILE WEB,20,Fri,20,0,corporation,sports,Male,0,3.75
8300,206,MOBILE WEB,40,Thu,14,0,drink,sports,Male,3.75,7.5
8301,67,MOBILE WEB,40,Sun,10,0,drink,sports,Male,3.75,7.5
8302,141,MOBILE WEB,40,Thu,6,0,electronics,drama,Male,3.75,7.5
8303,116,PC WEB,50,Tue,10,0,drink,sports,Male,3.75,7.5
8304,158,MOBILE APP,20,Wed,20,0,corporation,entertainment,Female,0,3.75
8305,237,MOBILE WEB,10,Mon,23,0,health_food,music,Female,7.5,11.25
8306,190,MOBILE WEB,20,Fri,21,0,health_food,entertainment,Female,3.75,7.5
8307,179,MOBILE WEB,40,Mon,13,0,food,drama,Female,3.75,7.5
8308,71,MOBILE WEB,40,Mon,13,0,food,entertainment,Female,3.75,7.5
8309,65,MOBILE WEB,40,Tue,12,0,food,sports,Male,3.75,7.5
8310,306,PC WEB,40,Fri,22,0,electronics,entertainment,Male,3.75,7.5
8311,135,PC WEB,40,Fri,11,0,health_food,information,Female,3.75,7.5
8312,121,MOBILE WEB,60,Fri,18,0,electronics,entertainment,Female,3.75,7.5
8313,152,MOBILE WEB,40,Mon,23,0,drink,entertainment,Female,3.75,7.5
8314,67,MOBILE WEB,10,Tue,13,0,corporation,sports,Male,7.5,11.25
8315,173,MOBILE APP,10,Mon,23,0,woman,drama,Female,7.5,11.25
8316,110,MOBILE WEB,30,Wed,10,0,corporation,entertainment,Female,3.75,7.5
8317,177,MOBILE WEB,40,Thu,7,1,corporation,sports,Male,11.25,15
8318,79,MOBILE WEB,30,Sun,18,0,corporation,sports,Female,7.5,11.25
8319,183,PC WEB,30,Wed,14,0,drink,entertainment,Male,3.75,7.5
8320,68,MOBILE WEB,30,Tue,12,0,corporation,sports,Male,3.75,7.5
8321,202,MOBILE WEB,40,Fri,7,0,medicine,entertainment,Female,7.5,11.25
8322,225,MOBILE WEB,20,Sun,0,1,food,entertainment,Female,11.25,15
8323,99,MOBILE WEB,40,Thu,12,0,drink,sports,Male,3.75,7.5
8324,208,MOBILE WEB,30,Thu,7,1,health_food,entertainment,Female,11.25,15
8325,73,MOBILE WEB,40,Tue,16,0,health_food,entertainment,Male,3.75,7.5
8326,349,PC WEB,50,Tue,0,0,drink,sports,Male,3.75,7.5
8327,132,MOBILE WEB,40,Fri,11,0,food,drama,Female,0,3.75
8328,189,PC WEB,40,Sat,20,0,drink,sports,Male,3.75,7.5
8329,196,PC WEB,50,Thu,17,1,education,entertainment,Male,11.25,15
8330,105,MOBILE WEB,30,Wed,12,1,corporation,sports,Male,11.25,15
8331,65,MOBILE WEB,40,Tue,21,0,drink,sports,Male,7.5,11.25
8332,120,MOBILE WEB,40,Mon,8,0,drink,sports,Male,3.75,7.5
8333,302,MOBILE WEB,30,Wed,14,0,electronics,information,Female,7.5,11.25
8334,133,MOBILE WEB,20,Sat,13,0,medicine,entertainment,Male,0,3.75
8335,97,MOBILE WEB,60,Tue,12,0,corporation,sports,Female,3.75,7.5
8336,61,MOBILE WEB,20,Tue,17,0,drink,sports,Male,3.75,7.5
8337,252,MOBILE WEB,30,Tue,0,0,food,entertainment,Female,3.75,7.5
8338,124,MOBILE WEB,40,Tue,11,0,food,entertainment,Female,0,3.75
8339,166,MOBILE WEB,20,Mon,14,1,medicine,drama,Female,11.25,15
8340,129,MOBILE WEB,40,Thu,11,0,woman,information,Female,3.75,7.5
8341,64,PC WEB,20,Fri,11,1,drink,sports,Male,11.25,15
8342,233,MOBILE WEB,20,Wed,1,0,drink,entertainment,Female,11.25,15
8343,101,PC WEB,60,Wed,12,0,health_food,sports,Male,3.75,7.5
8344,89,MOBILE WEB,40,Thu,11,1,drink,sports,Male,11.25,15
8345,64,MOBILE WEB,20,Tue,13,0,drink,sports,Male,3.75,7.5
8346,153,MOBILE WEB,20,Mon,16,0,food,entertainment,Female,11.25,15
8347,72,MOBILE WEB,30,Sun,12,0,drink,sports,Male,3.75,7.5
8348,101,MOBILE APP,30,Tue,13,0,corporation,sports,Male,3.75,7.5
8349,143,MOBILE WEB,20,Tue,9,0,education,entertainment,Female,3.75,7.5
8350,178,MOBILE WEB,30,Tue,12,0,electronics,entertainment,Female,7.5,11.25
8351,117,MOBILE WEB,40,Tue,16,0,medicine,drama,Female,11.25,15
8352,61,MOBILE WEB,30,Thu,3,1,drink,sports,Male,11.25,15
8353,87,MOBILE WEB,40,Sat,18,1,drink,sports,Male,11.25,15
8354,201,MOBILE WEB,30,Thu,23,0,food,drama,Female,11.25,15
8355,165,MOBILE WEB,50,Fri,13,0,health_food,entertainment,Female,3.75,7.5
8356,183,MOBILE WEB,20,Mon,22,0,drink,music,Female,3.75,7.5
8357,170,PC WEB,40,Sat,9,0,health_food,entertainment,Male,7.5,11.25
8358,73,MOBILE WEB,20,Fri,15,0,health_food,drama,Female,3.75,7.5
8359,627,MOBILE WEB,40,Sat,16,1,drink,sports,Male,11.25,15
8360,99,MOBILE WEB,30,Thu,12,0,corporation,sports,Male,0,3.75
8361,118,MOBILE APP,10,Sun,1,0,health_food,drama,Female,0,3.75
8362,201,MOBILE WEB,20,Sun,9,0,food,entertainment,Male,3.75,7.5
8363,65,PC WEB,30,Tue,11,0,drink,sports,Male,3.75,7.5
8364,116,MOBILE WEB,20,Sat,14,1,drink,sports,Female,11.25,15
8365,284,MOBILE WEB,30,Mon,19,0,food,current_affairs,Female,3.75,7.5
8366,228,MOBILE APP,10,Wed,0,1,drink,entertainment,Female,11.25,15
8367,154,MOBILE WEB,30,Sat,23,0,corporation,sports,Male,11.25,15
8368,116,MOBILE WEB,30,Wed,22,0,drink,drama,Female,0,3.75
8369,64,MOBILE WEB,20,Tue,19,0,food,drama,Male,3.75,7.5
8370,72,MOBILE WEB,20,Wed,14,1,drink,sports,Male,11.25,15
8371,213,MOBILE WEB,20,Tue,17,0,drink,music,Female,3.75,7.5
8372,252,MOBILE WEB,10,Sun,10,0,woman,entertainment,Male,3.75,7.5
8373,67,MOBILE WEB,40,Sun,10,0,corporation,sports,Male,3.75,7.5
8374,115,MOBILE WEB,50,Wed,13,1,drink,sports,Male,11.25,15
8375,212,MOBILE APP,20,Fri,19,0,food,entertainment,Female,3.75,7.5
8376,101,MOBILE WEB,20,Sat,12,0,corporation,sports,Male,3.75,7.5
8377,101,MOBILE WEB,40,Sat,12,0,woman,sports,Female,3.75,7.5
8378,141,MOBILE WEB,30,Wed,10,0,food,entertainment,Female,11.25,15
8379,124,MOBILE WEB,30,Fri,0,0,drink,drama,Female,3.75,7.5
8380,206,MOBILE WEB,30,Thu,14,0,food,sports,Male,11.25,15
8381,627,MOBILE WEB,30,Sat,17,1,drink,sports,Male,11.25,15
8382,115,PC WEB,20,Tue,19,1,drink,sports,Male,11.25,15
8383,237,MOBILE WEB,40,Sat,15,0,corporation,sports,Male,3.75,7.5
8384,192,MOBILE WEB,40,Thu,11,0,drink,entertainment,Male,3.75,7.5
8385,108,MOBILE WEB,40,Mon,10,0,electronics,entertainment,Female,3.75,7.5
8386,298,PC WEB,20,Sun,16,1,education,entertainment,Female,11.25,15
8387,131,MOBILE WEB,50,Mon,20,0,pet,entertainment,Male,0,3.75
8388,141,MOBILE WEB,20,Sat,9,0,drink,entertainment,Female,3.75,7.5
8389,97,MOBILE WEB,40,Wed,13,1,drink,sports,Male,11.25,15
8390,175,MOBILE WEB,20,Fri,21,0,food,entertainment,Female,7.5,11.25
8391,787,MOBILE WEB,40,Mon,21,0,drink,sports,Male,3.75,7.5
8392,122,MOBILE APP,10,Mon,22,0,food,drama,Female,3.75,7.5
8393,181,MOBILE WEB,40,Thu,13,0,medicine,drama,Male,7.5,11.25
8394,179,MOBILE WEB,30,Sat,0,0,education,entertainment,Female,11.25,15
8395,597,MOBILE WEB,30,Sat,15,1,corporation,sports,Male,11.25,15
8396,118,MOBILE WEB,20,Mon,19,0,government,entertainment,Female,3.75,7.5
8397,142,PC WEB,40,Fri,17,0,drink,sports,Male,7.5,11.25
8398,185,MOBILE WEB,30,Mon,19,0,drink,entertainment,Male,3.75,7.5
8399,110,MOBILE WEB,50,Wed,16,0,drink,sports,Male,0,3.75
8400,180,MOBILE WEB,30,Wed,9,0,government,entertainment,Female,3.75,7.5
8401,68,MOBILE WEB,50,Sun,15,1,drink,sports,Male,11.25,15
8402,210,MOBILE WEB,40,Thu,12,0,health_food,drama,Female,3.75,7.5
8403,67,MOBILE WEB,30,Tue,12,0,corporation,sports,Male,3.75,7.5
8404,67,MOBILE WEB,40,Sun,15,0,drink,sports,Male,7.5,11.25
8405,135,MOBILE WEB,40,Tue,13,1,health_food,drama,Female,11.25,15
8406,86,MOBILE APP,10,Tue,21,1,drink,entertainment,Female,11.25,15
8407,67,MOBILE WEB,50,Tue,13,0,corporation,sports,Male,7.5,11.25
8408,176,MOBILE WEB,20,Thu,2,0,drink,drama,Male,3.75,7.5
8409,183,MOBILE WEB,40,Tue,22,0,education,drama,Female,0,3.75
8410,84,MOBILE WEB,40,Sun,20,0,education,drama,Male,0,3.75
8411,85,MOBILE WEB,50,Wed,23,0,education,drama,Female,3.75,7.5
8412,169,MOBILE WEB,40,Wed,18,0,food,entertainment,Female,3.75,7.5
8413,152,MOBILE WEB,10,Mon,20,0,drink,drama,Female,3.75,7.5
8414,67,MOBILE WEB,40,Sat,10,0,drink,sports,Male,11.25,15
8415,91,MOBILE WEB,20,Sat,20,1,drink,drama,Male,11.25,15
8416,180,MOBILE WEB,20,Sun,16,0,corporation,sports,Male,0,3.75
8417,213,PC WEB,60,Thu,6,0,drink,sports,Male,7.5,11.25
8418,122,MOBILE WEB,50,Sat,16,0,food,drama,Female,3.75,7.5
8419,171,MOBILE WEB,50,Sun,9,0,drink,sports,Female,7.5,11.25
8420,149,PC WEB,20,Mon,19,0,drink,entertainment,Female,3.75,7.5
8421,96,MOBILE WEB,30,Thu,15,0,movie,sports,Male,3.75,7.5
8422,71,MOBILE WEB,30,Fri,0,0,education,entertainment,Male,3.75,7.5
8423,226,MOBILE WEB,20,Sun,0,0,medicine,entertainment,Male,3.75,7.5
8424,116,MOBILE WEB,60,Thu,12,0,food,sports,Male,7.5,11.25
8425,204,MOBILE APP,20,Fri,20,0,government,music,Female,3.75,7.5
8426,75,MOBILE WEB,20,Wed,20,1,drink,sports,Male,11.25,15
8427,130,MOBILE WEB,30,Sun,0,0,movie,drama,Female,3.75,7.5
8428,64,MOBILE WEB,20,Mon,14,0,finance,sports,Male,7.5,11.25
8429,500,MOBILE WEB,40,Fri,18,0,drink,sports,Male,3.75,7.5
8430,239,PC WEB,30,Fri,14,0,corporation,sports,Male,0,3.75
8431,136,MOBILE WEB,20,Sat,21,0,food,drama,Female,11.25,15
8432,419,MOBILE WEB,40,Tue,11,0,drink,sports,Male,3.75,7.5
8433,94,MOBILE WEB,40,Fri,0,1,government,drama,Female,11.25,15
8434,126,MOBILE WEB,20,Tue,9,0,health_food,entertainment,Female,3.75,7.5
8435,261,MOBILE WEB,20,Fri,23,0,drink,drama,Female,0,3.75
8436,79,MOBILE WEB,40,Mon,7,0,drink,sports,Male,3.75,7.5
8437,188,MOBILE WEB,30,Fri,0,0,government,entertainment,Female,3.75,7.5
8438,170,MOBILE WEB,30,Sun,16,0,movie,entertainment,Female,0,3.75
8439,232,PC WEB,20,Sat,22,0,government,entertainment,Female,11.25,15
8440,96,MOBILE WEB,20,Wed,20,0,drink,sports,Male,0,3.75
8441,64,MOBILE WEB,40,Sun,11,1,drink,sports,Male,11.25,15
8442,232,MOBILE APP,10,Mon,17,0,education,entertainment,Female,0,3.75
8443,103,MOBILE WEB,40,Wed,20,1,drink,entertainment,Female,11.25,15
8444,252,MOBILE WEB,40,Tue,20,0,health_food,entertainment,Female,7.5,11.25
8445,204,MOBILE WEB,10,Sat,9,0,food,entertainment,Female,3.75,7.5
8446,61,PC WEB,30,Wed,12,0,drink,sports,Male,3.75,7.5
8447,206,PC WEB,30,Sat,17,0,drink,sports,Male,7.5,11.25
8448,178,PC WEB,50,Sun,14,0,government,drama,Female,7.5,11.25
8449,127,MOBILE WEB,30,Thu,21,0,government,entertainment,Female,3.75,7.5
8450,84,MOBILE WEB,40,Wed,19,0,drink,sports,Male,3.75,7.5
8451,83,MOBILE WEB,30,Thu,17,0,drink,sports,Male,3.75,7.5
8452,195,MOBILE APP,20,Wed,15,0,corporation,entertainment,Female,3.75,7.5
8453,159,MOBILE WEB,40,Tue,23,0,drink,drama,Female,3.75,7.5
8454,168,MOBILE WEB,30,Sat,1,0,food,entertainment,Female,3.75,7.5
8455,245,MOBILE WEB,50,Tue,17,0,electronics,drama,Female,0,3.75
8456,164,MOBILE WEB,30,Fri,11,0,drink,sports,Male,3.75,7.5
8457,271,MOBILE WEB,20,Fri,0,0,medicine,drama,Female,3.75,7.5
8458,398,MOBILE WEB,20,Tue,11,0,drink,sports,Male,7.5,11.25
8459,116,MOBILE WEB,60,Sat,14,1,finance,sports,Male,11.25,15
8460,88,MOBILE WEB,50,Sat,23,1,food,drama,Female,11.25,15
8461,160,PC WEB,30,Fri,23,0,drink,entertainment,Male,0,3.75
8462,232,MOBILE APP,10,Mon,20,0,drink,entertainment,Female,3.75,7.5
8463,269,MOBILE WEB,40,Sat,21,1,movie,music,Female,11.25,15
8464,96,MOBILE WEB,50,Sat,13,0,food,entertainment,Male,0,3.75
8465,149,MOBILE WEB,40,Mon,15,0,man,entertainment,Male,3.75,7.5
8466,164,PC WEB,40,Fri,11,0,drink,sports,Male,3.75,7.5
8467,96,MOBILE WEB,20,Wed,19,1,drink,sports,Male,11.25,15
8468,107,MOBILE WEB,50,Wed,11,1,education,kids,Female,11.25,15
8469,160,MOBILE WEB,10,Sat,9,0,health_food,entertainment,Female,0,3.75
8470,205,MOBILE WEB,60,Sat,21,1,woman,entertainment,Female,11.25,15
8471,79,MOBILE WEB,40,Sun,15,0,movie,entertainment,Male,3.75,7.5
8472,91,MOBILE WEB,30,Sat,15,0,drink,entertainment,Male,3.75,7.5
8473,787,MOBILE WEB,50,Mon,20,0,drink,sports,Male,3.75,7.5
8474,64,MOBILE WEB,10,Tue,13,0,drink,sports,Male,0,3.75
8475,111,MOBILE WEB,20,Fri,0,0,food,drama,Female,3.75,7.5
8476,128,MOBILE WEB,50,Mon,12,1,pet,entertainment,Female,11.25,15
8477,103,MOBILE WEB,30,Sat,0,0,government,information,Male,3.75,7.5
8478,118,MOBILE WEB,10,Sat,22,0,drink,drama,Female,3.75,7.5
8479,65,MOBILE WEB,50,Tue,13,0,drink,sports,Male,3.75,7.5
8480,193,MOBILE WEB,20,Mon,21,0,pet,entertainment,Female,3.75,7.5
8481,119,MOBILE WEB,20,Sun,21,0,health_food,entertainment,Female,0,3.75
8482,197,MOBILE WEB,30,Sat,22,1,drink,entertainment,Female,11.25,15
8483,741,MOBILE WEB,50,Sat,8,0,drink,sports,Female,3.75,7.5
8484,68,MOBILE WEB,30,Fri,12,0,drink,sports,Male,3.75,7.5
8485,151,MOBILE WEB,50,Sun,18,0,movie,entertainment,Male,3.75,7.5
8486,116,MOBILE APP,20,Mon,15,0,drink,drama,Female,7.5,11.25
8487,61,MOBILE WEB,20,Sun,11,1,drink,sports,Male,11.25,15
8488,236,PC WEB,50,Thu,15,1,food,drama,Female,11.25,15
8489,160,MOBILE WEB,20,Mon,0,0,woman,entertainment,Male,7.5,11.25
8490,206,MOBILE WEB,50,Sat,12,0,corporation,sports,Male,0,3.75
8491,107,MOBILE WEB,30,Tue,19,1,drink,sports,Male,11.25,15
8492,202,MOBILE WEB,30,Fri,7,0,drink,drama,Female,11.25,15
8493,68,MOBILE WEB,30,Sun,19,0,drink,entertainment,Female,7.5,11.25
8494,154,MOBILE WEB,20,Sat,19,0,drink,sports,Male,0,3.75
8495,264,MOBILE WEB,30,Fri,17,0,electronics,drama,Male,3.75,7.5
8496,163,MOBILE WEB,50,Sun,10,0,drink,entertainment,Female,3.75,7.5
8497,156,MOBILE WEB,50,Tue,23,1,food,entertainment,Female,11.25,15
8498,64,MOBILE WEB,40,Tue,12,0,food,sports,Male,3.75,7.5
8499,128,MOBILE WEB,30,Fri,9,0,drink,sports,Male,3.75,7.5
8500,100,MOBILE WEB,40,Tue,19,1,drink,sports,Male,11.25,15
8501,271,MOBILE WEB,20,Thu,0,0,drink,entertainment,Male,3.75,7.5
8502,60,MOBILE WEB,50,Wed,20,0,corporation,sports,Female,3.75,7.5
8503,192,MOBILE WEB,30,Wed,21,0,health_food,drama,Female,0,3.75
8504,125,PC WEB,50,Wed,11,0,electronics,entertainment,Female,7.5,11.25
8505,73,MOBILE WEB,10,Fri,7,0,corporation,sports,Male,3.75,7.5
8506,216,MOBILE WEB,30,Mon,0,1,health_food,entertainment,Male,11.25,15
8507,286,MOBILE WEB,40,Wed,23,0,drink,entertainment,Male,3.75,7.5
8508,101,MOBILE WEB,50,Thu,19,0,food,drama,Female,3.75,7.5
8509,133,MOBILE WEB,30,Mon,21,0,food,drama,Female,3.75,7.5
8510,181,MOBILE WEB,50,Sat,21,1,woman,entertainment,Female,11.25,15
8511,74,PC WEB,50,Fri,11,1,drink,sports,Male,11.25,15
8512,200,MOBILE WEB,20,Mon,6,0,food,entertainment,Female,3.75,7.5
8513,157,PC WEB,40,Sat,13,0,drink,sports,Female,7.5,11.25
8514,144,MOBILE WEB,40,Fri,14,0,health_food,entertainment,Female,7.5,11.25
8515,104,PC WEB,20,Thu,22,0,drink,entertainment,Male,11.25,15
8516,170,MOBILE APP,30,Mon,12,0,drink,sports,Male,3.75,7.5
8517,305,PC WEB,40,Sun,18,1,government,music,Female,11.25,15
8518,102,MOBILE WEB,40,Sat,23,0,drink,music,Male,7.5,11.25
8519,107,MOBILE APP,20,Thu,21,0,food,entertainment,Female,3.75,7.5
8520,67,MOBILE WEB,20,Sun,13,0,corporation,sports,Male,3.75,7.5
8521,176,MOBILE WEB,30,Mon,14,0,food,entertainment,Female,3.75,7.5
8522,108,MOBILE WEB,40,Tue,11,0,drink,entertainment,Female,7.5,11.25
8523,236,MOBILE WEB,30,Sat,18,0,food,music,Female,7.5,11.25
8524,179,MOBILE WEB,20,Mon,23,0,food,drama,Female,3.75,7.5
8525,236,MOBILE WEB,30,Fri,14,0,health_food,entertainment,Female,3.75,7.5
8526,213,MOBILE WEB,10,Thu,23,0,education,drama,Female,3.75,7.5
8527,164,MOBILE WEB,20,Mon,21,0,government,entertainment,Female,0,3.75
8528,121,MOBILE WEB,30,Sun,22,0,government,entertainment,Female,3.75,7.5
8529,71,MOBILE WEB,40,Sat,23,0,movie,entertainment,Female,7.5,11.25
8530,132,MOBILE WEB,20,Sun,19,0,movie,entertainment,Female,0,3.75
8531,141,MOBILE WEB,60,Mon,0,0,electronics,entertainment,Female,3.75,7.5
8532,61,PC WEB,50,Fri,18,1,drink,sports,Male,11.25,15
8533,99,MOBILE WEB,50,Wed,10,0,corporation,sports,Male,3.75,7.5
8534,67,MOBILE WEB,30,Tue,15,1,drink,sports,Male,11.25,15
8535,137,MOBILE WEB,40,Thu,8,0,education,drama,Female,3.75,7.5
8536,102,PC WEB,30,Mon,17,0,food,entertainment,Male,3.75,7.5
8537,161,MOBILE WEB,20,Sat,10,0,government,entertainment,Male,3.75,7.5
8538,205,MOBILE WEB,30,Sat,14,1,drink,sports,Male,11.25,15
8539,129,MOBILE WEB,40,Thu,10,0,government,entertainment,Female,3.75,7.5
8540,144,MOBILE WEB,10,Sat,14,0,drink,entertainment,Male,3.75,7.5
8541,180,MOBILE WEB,40,Tue,22,1,health_food,drama,Male,11.25,15
8542,93,MOBILE WEB,40,Thu,12,0,corporation,sports,Male,3.75,7.5
8543,123,MOBILE WEB,40,Fri,5,0,food,entertainment,Female,3.75,7.5
8544,73,PC WEB,50,Wed,11,0,drink,sports,Male,0,3.75
8545,86,MOBILE WEB,30,Mon,13,0,education,entertainment,Female,3.75,7.5
8546,97,MOBILE WEB,50,Tue,11,0,corporation,sports,Male,3.75,7.5
8547,184,MOBILE WEB,30,Thu,6,0,drink,drama,Female,3.75,7.5
8548,213,MOBILE WEB,40,Sun,23,0,health_food,entertainment,Female,3.75,7.5
8549,175,MOBILE WEB,40,Thu,10,1,health_food,entertainment,Female,11.25,15
8550,121,MOBILE WEB,20,Mon,14,0,electronics,entertainment,Female,3.75,7.5
8551,430,MOBILE WEB,30,Tue,16,0,drink,sports,Male,3.75,7.5
8552,150,MOBILE WEB,30,Tue,8,0,health_food,drama,Female,3.75,7.5
8553,157,PC WEB,30,Fri,10,0,drink,drama,Female,3.75,7.5
8554,232,MOBILE WEB,40,Mon,7,0,government,entertainment,Female,3.75,7.5
8555,89,MOBILE WEB,40,Wed,11,0,man,entertainment,Male,3.75,7.5
8556,193,MOBILE WEB,30,Mon,6,0,movie,entertainment,Female,11.25,15
8557,126,MOBILE WEB,20,Sat,16,0,food,sports,Male,3.75,7.5
8558,190,MOBILE WEB,30,Sat,12,0,health_food,entertainment,Female,3.75,7.5
8559,163,MOBILE WEB,30,Wed,15,0,food,current_affairs,Female,7.5,11.25
8560,118,MOBILE WEB,30,Sat,23,0,electronics,entertainment,Female,0,3.75
8561,161,MOBILE WEB,60,Wed,8,0,government,entertainment,Female,3.75,7.5
8562,131,MOBILE WEB,40,Sun,3,0,medicine,drama,Female,3.75,7.5
8563,68,PC WEB,20,Tue,11,0,drink,sports,Male,3.75,7.5
8564,114,MOBILE WEB,20,Sat,20,0,education,entertainment,Female,3.75,7.5
8565,151,MOBILE WEB,30,Wed,10,1,corporation,entertainment,Female,11.25,15
8566,106,MOBILE WEB,40,Fri,12,0,drink,sports,Male,3.75,7.5
8567,81,MOBILE WEB,50,Sat,10,0,drink,sports,Male,3.75,7.5
8568,72,MOBILE WEB,30,Mon,10,0,corporation,sports,Female,0,3.75
8569,92,MOBILE WEB,10,Fri,21,0,food,drama,Female,3.75,7.5
8570,159,MOBILE WEB,50,Thu,11,0,government,entertainment,Male,3.75,7.5
8571,83,PC WEB,30,Fri,23,1,finance,sports,Male,11.25,15
8572,519,MOBILE WEB,30,Mon,11,0,drink,sports,Male,0,3.75
8573,97,MOBILE WEB,40,Thu,8,0,corporation,sports,Male,0,3.75
8574,62,PC WEB,50,Thu,17,0,drink,sports,Male,0,3.75
8575,121,MOBILE WEB,30,Sat,18,0,education,entertainment,Female,3.75,7.5
8576,204,MOBILE WEB,10,Sat,13,0,education,entertainment,Female,3.75,7.5
8577,101,MOBILE WEB,40,Mon,9,0,corporation,sports,Male,3.75,7.5
8578,232,MOBILE WEB,40,Sat,1,1,food,entertainment,Female,11.25,15
8579,67,PC WEB,40,Tue,16,0,corporation,sports,Male,3.75,7.5
8580,203,MOBILE WEB,20,Sat,23,0,movie,entertainment,Female,3.75,7.5
8581,128,MOBILE WEB,40,Sun,23,1,food,entertainment,Male,11.25,15
8582,190,MOBILE WEB,20,Sat,22,0,education,entertainment,Female,7.5,11.25
8583,67,MOBILE WEB,40,Sun,11,0,corporation,sports,Male,3.75,7.5
8584,156,MOBILE WEB,30,Thu,23,0,food,drama,Female,3.75,7.5
8585,64,MOBILE WEB,30,Tue,12,0,drink,sports,Male,3.75,7.5
8586,109,MOBILE WEB,10,Wed,23,0,drink,drama,Female,11.25,15
8587,71,MOBILE WEB,10,Mon,8,0,drink,drama,Female,3.75,7.5
8588,171,MOBILE WEB,50,Sun,14,1,woman,entertainment,Female,11.25,15
8589,166,MOBILE WEB,20,Mon,21,0,government,drama,Female,3.75,7.5
8590,133,PC WEB,30,Tue,13,1,drink,entertainment,Male,11.25,15
8591,129,MOBILE WEB,20,Fri,2,0,medicine,drama,Female,7.5,11.25
8592,786,MOBILE WEB,40,Sun,11,1,drink,sports,Male,11.25,15
8593,197,MOBILE WEB,40,Fri,21,1,drink,entertainment,Female,11.25,15
8594,196,MOBILE WEB,20,Tue,9,0,government,entertainment,Female,3.75,7.5
8595,266,MOBILE WEB,20,Fri,21,0,drink,entertainment,Female,3.75,7.5
8596,119,MOBILE WEB,20,Sat,16,0,education,entertainment,Male,0,3.75
8597,98,MOBILE WEB,40,Sat,12,1,drink,sports,Male,11.25,15
8598,101,MOBILE WEB,40,Sat,13,0,drink,sports,Male,7.5,11.25
8599,226,MOBILE WEB,50,Tue,23,0,movie,entertainment,Female,11.25,15
8600,166,MOBILE WEB,50,Mon,23,1,government,drama,Female,11.25,15
8601,111,MOBILE WEB,40,Mon,6,0,movie,drama,Female,3.75,7.5
8602,62,MOBILE WEB,40,Mon,21,0,drink,sports,Male,3.75,7.5
8603,64,MOBILE WEB,30,Mon,11,0,corporation,sports,Male,3.75,7.5
8604,159,MOBILE WEB,40,Sun,0,1,drink,drama,Male,11.25,15
8605,83,PC WEB,20,Fri,14,1,corporation,sports,Male,11.25,15
8606,298,MOBILE WEB,30,Sun,16,0,health_food,entertainment,Female,3.75,7.5
8607,70,MOBILE WEB,30,Sun,12,1,drink,sports,Male,11.25,15
8608,597,MOBILE WEB,40,Sat,12,0,drink,sports,Female,11.25,15
8609,102,MOBILE WEB,30,Mon,20,0,food,drama,Female,3.75,7.5
8610,101,MOBILE WEB,30,Sat,13,0,drink,sports,Male,3.75,7.5
8611,117,PC WEB,40,Mon,12,1,drink,sports,Male,11.25,15
8612,298,MOBILE WEB,30,Sun,8,0,drink,entertainment,Female,3.75,7.5
8613,207,MOBILE WEB,30,Sat,21,0,medicine,entertainment,Female,3.75,7.5
8614,104,MOBILE WEB,30,Thu,7,0,food,drama,Female,3.75,7.5
8615,105,MOBILE WEB,50,Wed,0,0,corporation,entertainment,Female,3.75,7.5
8616,97,MOBILE WEB,40,Sat,7,0,corporation,sports,Male,11.25,15
8617,174,MOBILE WEB,40,Mon,20,0,drink,entertainment,Male,11.25,15
8618,212,MOBILE APP,20,Mon,22,0,drink,music,Female,3.75,7.5
8619,62,MOBILE WEB,30,Wed,11,1,drink,sports,Male,11.25,15
8620,158,MOBILE WEB,50,Sat,11,1,health_food,entertainment,Female,11.25,15
8621,621,MOBILE APP,20,Mon,14,0,food,entertainment,Female,7.5,11.25
8622,175,PC WEB,20,Sat,23,0,government,drama,Female,3.75,7.5
8623,64,MOBILE WEB,40,Thu,1,0,health_food,drama,Female,7.5,11.25
8624,688,MOBILE WEB,50,Mon,14,0,finance,sports,Male,0,3.75
8625,354,MOBILE WEB,20,Wed,13,0,movie,information,Female,3.75,7.5
8626,105,PC WEB,50,Wed,10,0,corporation,entertainment,Male,3.75,7.5
8627,127,MOBILE WEB,20,Sun,11,0,medicine,entertainment,Female,3.75,7.5
8628,117,MOBILE WEB,20,Sat,13,0,food,information,Male,3.75,7.5
8629,130,MOBILE WEB,10,Thu,17,0,medicine,drama,Female,7.5,11.25
8630,127,MOBILE WEB,50,Tue,21,1,drink,sports,Male,11.25,15
8631,347,MOBILE WEB,40,Sat,19,1,drink,sports,Male,11.25,15
8632,122,MOBILE WEB,20,Tue,19,0,health_food,drama,Female,0,3.75
8633,559,MOBILE WEB,20,Fri,16,1,drink,sports,Female,11.25,15
8634,787,MOBILE WEB,40,Tue,0,0,drink,sports,Male,3.75,7.5
8635,61,MOBILE WEB,40,Sun,15,1,drink,sports,Male,11.25,15
8636,115,MOBILE APP,20,Wed,19,0,corporation,sports,Female,3.75,7.5
8637,119,MOBILE WEB,30,Sat,9,0,education,entertainment,Female,3.75,7.5
8638,627,MOBILE WEB,20,Sat,19,1,drink,sports,Male,11.25,15
8639,787,MOBILE WEB,40,Mon,13,0,corporation,sports,Male,3.75,7.5
8640,178,MOBILE WEB,30,Mon,12,0,movie,entertainment,Female,3.75,7.5
8641,171,MOBILE WEB,50,Sun,0,0,health_food,entertainment,Female,3.75,7.5
8642,66,MOBILE WEB,30,Sun,20,0,corporation,sports,Male,11.25,15
8643,152,MOBILE WEB,30,Tue,23,0,food,information,Female,3.75,7.5
8644,247,MOBILE WEB,40,Mon,0,0,food,entertainment,Male,3.75,7.5
8645,69,PC WEB,50,Mon,16,1,drink,sports,Male,11.25,15
8646,688,MOBILE WEB,40,Sat,9,0,corporation,sports,Male,0,3.75
8647,66,MOBILE WEB,40,Sun,23,0,drink,sports,Male,7.5,11.25
8648,430,MOBILE WEB,40,Tue,19,0,drink,sports,Male,3.75,7.5
8649,195,MOBILE WEB,10,Wed,13,0,corporation,entertainment,Female,3.75,7.5
8650,532,MOBILE WEB,30,Fri,14,0,drink,sports,Male,3.75,7.5
8651,60,MOBILE WEB,30,Sat,14,1,finance,sports,Male,11.25,15
8652,93,PC WEB,40,Thu,13,0,drink,sports,Male,3.75,7.5
8653,94,MOBILE WEB,50,Tue,12,0,corporation,sports,Male,3.75,7.5
8654,152,MOBILE WEB,20,Sat,19,0,food,entertainment,Female,3.75,7.5
8655,107,MOBILE WEB,10,Sun,0,0,health_food,entertainment,Female,7.5,11.25
8656,256,MOBILE WEB,40,Tue,13,1,medicine,entertainment,Female,11.25,15
8657,218,MOBILE WEB,50,Mon,13,1,pet,entertainment,Male,11.25,15
8658,116,PC WEB,30,Wed,16,0,food,entertainment,Female,3.75,7.5
8659,525,MOBILE WEB,30,Tue,16,0,drink,sports,Male,3.75,7.5
8660,209,MOBILE WEB,30,Thu,10,0,drink,drama,Female,3.75,7.5
8661,62,MOBILE WEB,20,Sat,5,0,corporation,sports,Male,3.75,7.5
8662,119,MOBILE WEB,40,Fri,18,0,government,entertainment,Female,3.75,7.5
8663,84,MOBILE WEB,60,Sun,8,0,drink,sports,Male,0,3.75
8664,169,MOBILE WEB,30,Fri,23,0,drink,drama,Male,3.75,7.5
8665,188,MOBILE WEB,30,Mon,7,0,medicine,drama,Female,3.75,7.5
8666,131,MOBILE WEB,30,Wed,18,1,drink,sports,Female,11.25,15
8667,116,MOBILE WEB,40,Sat,14,1,finance,sports,Male,11.25,15
8668,73,MOBILE WEB,10,Sat,11,0,drink,entertainment,Male,0,3.75
8669,195,MOBILE WEB,40,Mon,19,0,food,entertainment,Female,7.5,11.25
8670,221,MOBILE WEB,20,Wed,1,0,food,entertainment,Female,3.75,7.5
8671,61,MOBILE WEB,50,Thu,14,1,drink,sports,Male,11.25,15
8672,213,MOBILE WEB,40,Wed,11,0,drink,sports,Male,3.75,7.5
8673,245,MOBILE WEB,40,Sat,13,0,drink,information,Female,3.75,7.5
8674,109,MOBILE WEB,30,Mon,23,0,health_food,information,Male,3.75,7.5
8675,170,MOBILE WEB,30,Mon,7,0,government,sports,Male,0,3.75
8676,69,MOBILE WEB,30,Wed,14,0,drink,sports,Male,0,3.75
8677,188,MOBILE WEB,20,Fri,10,0,drink,entertainment,Male,3.75,7.5
8678,152,MOBILE WEB,30,Sun,15,1,drink,entertainment,Female,11.25,15
8679,191,MOBILE WEB,30,Fri,7,0,woman,entertainment,Female,7.5,11.25
8680,61,MOBILE WEB,20,Thu,11,0,health_food,sports,Male,0,3.75
8681,110,MOBILE WEB,50,Tue,9,0,man,entertainment,Male,0,3.75
8682,75,MOBILE WEB,60,Tue,17,0,food,entertainment,Female,0,3.75
8683,93,MOBILE WEB,30,Sun,8,0,drink,sports,Male,3.75,7.5
8684,159,MOBILE WEB,20,Thu,18,0,pet,entertainment,Female,3.75,7.5
8685,143,MOBILE WEB,40,Fri,10,0,electronics,drama,Female,3.75,7.5
8686,129,MOBILE WEB,40,Fri,0,0,medicine,drama,Female,3.75,7.5
8687,72,MOBILE WEB,40,Wed,18,1,drink,sports,Male,11.25,15
8688,532,PC WEB,50,Fri,14,1,drink,sports,Male,11.25,15
8689,746,MOBILE WEB,60,Sat,17,1,drink,sports,Male,11.25,15
8690,186,PC WEB,30,Tue,11,0,health_food,current_affairs,Female,3.75,7.5
8691,68,MOBILE WEB,30,Wed,10,0,corporation,sports,Male,3.75,7.5
8692,170,MOBILE WEB,10,Thu,0,0,food,drama,Female,3.75,7.5
8693,66,MOBILE WEB,20,Sat,14,1,drink,sports,Male,11.25,15
8694,178,MOBILE WEB,20,Sun,23,0,food,entertainment,Female,7.5,11.25
8695,215,PC WEB,40,Sat,13,1,health_food,drama,Female,11.25,15
8696,288,MOBILE WEB,60,Wed,16,0,health_food,information,Male,7.5,11.25
8697,217,MOBILE WEB,40,Thu,0,0,food,drama,Female,0,3.75
8698,79,MOBILE WEB,60,Sun,7,1,health_food,sports,Male,11.25,15
8699,91,PC WEB,40,Sun,9,0,corporation,sports,Female,3.75,7.5
8700,160,MOBILE APP,10,Mon,16,0,government,entertainment,Female,3.75,7.5
8701,176,MOBILE WEB,60,Fri,14,0,drink,sports,Male,3.75,7.5
8702,115,MOBILE WEB,40,Mon,19,0,electronics,entertainment,Male,3.75,7.5
8703,97,MOBILE WEB,40,Tue,16,0,movie,sports,Male,3.75,7.5
8704,177,MOBILE WEB,20,Mon,21,0,government,entertainment,Female,3.75,7.5
8705,138,MOBILE WEB,40,Wed,19,1,drink,sports,Male,11.25,15
8706,125,MOBILE WEB,20,Sat,13,0,medicine,entertainment,Female,0,3.75
8707,158,MOBILE APP,40,Sat,21,0,education,entertainment,Male,3.75,7.5
8708,123,MOBILE APP,30,Thu,14,0,health_food,drama,Female,3.75,7.5
8709,154,MOBILE WEB,40,Thu,0,1,food,entertainment,Female,11.25,15
8710,118,MOBILE WEB,20,Fri,19,0,corporation,sports,Male,3.75,7.5
8711,72,MOBILE WEB,20,Wed,14,0,corporation,sports,Male,3.75,7.5
8712,120,MOBILE WEB,30,Sun,15,0,health_food,drama,Female,7.5,11.25
8713,188,MOBILE WEB,30,Fri,0,0,medicine,drama,Female,0,3.75
8714,170,MOBILE WEB,40,Sun,0,0,health_food,drama,Female,0,3.75
8715,91,MOBILE WEB,20,Sat,0,0,woman,entertainment,Female,3.75,7.5
8716,190,MOBILE WEB,30,Sun,10,0,food,entertainment,Female,3.75,7.5
8717,252,MOBILE WEB,40,Tue,0,1,food,entertainment,Female,11.25,15
8718,61,PC WEB,50,Thu,17,0,corporation,sports,Male,11.25,15
8719,74,MOBILE WEB,30,Fri,16,0,corporation,sports,Male,11.25,15
8720,211,MOBILE WEB,20,Fri,19,0,health_food,music,Female,3.75,7.5
8721,212,MOBILE WEB,40,Fri,23,0,drink,information,Male,7.5,11.25
8722,159,MOBILE WEB,30,Mon,1,0,food,entertainment,Male,0,3.75
8723,101,MOBILE WEB,20,Sat,13,0,drink,sports,Male,3.75,7.5
8724,627,MOBILE WEB,10,Sat,19,0,corporation,sports,Male,0,3.75
8725,170,MOBILE WEB,30,Wed,23,0,education,drama,Female,3.75,7.5
8726,292,MOBILE WEB,40,Tue,23,0,food,entertainment,Female,3.75,7.5
8727,127,MOBILE WEB,30,Thu,9,0,education,drama,Female,7.5,11.25
8728,152,MOBILE WEB,10,Mon,21,1,drink,entertainment,Female,11.25,15
8729,181,MOBILE APP,10,Sun,17,0,health_food,music,Female,3.75,7.5
8730,163,MOBILE WEB,10,Tue,2,0,food,entertainment,Female,7.5,11.25
8731,206,MOBILE WEB,20,Thu,14,0,drink,sports,Male,3.75,7.5
8732,173,MOBILE WEB,30,Wed,7,1,drink,drama,Male,11.25,15
8733,158,MOBILE WEB,40,Wed,9,0,corporation,entertainment,Female,3.75,7.5
8734,106,MOBILE WEB,20,Thu,13,0,drink,sports,Male,0,3.75
8735,190,MOBILE WEB,20,Mon,22,0,drink,entertainment,Female,7.5,11.25
8736,208,MOBILE WEB,10,Sun,22,0,movie,entertainment,Female,3.75,7.5
8737,84,PC WEB,40,Sat,14,0,government,sports,Male,3.75,7.5
8738,64,MOBILE WEB,50,Wed,12,1,corporation,sports,Male,11.25,15
8739,225,PC WEB,50,Fri,10,1,drink,sports,Male,11.25,15
8740,207,MOBILE WEB,30,Sun,22,0,education,music,Male,3.75,7.5
8741,232,MOBILE WEB,10,Mon,20,0,education,entertainment,Female,3.75,7.5
8742,169,MOBILE WEB,50,Sun,0,0,food,drama,Male,11.25,15
8743,98,MOBILE WEB,30,Fri,11,0,education,drama,Male,3.75,7.5
8744,181,MOBILE WEB,40,Tue,23,0,electronics,drama,Female,7.5,11.25
8745,72,MOBILE WEB,30,Wed,12,1,drink,sports,Male,11.25,15
8746,73,MOBILE WEB,40,Mon,7,0,corporation,sports,Male,3.75,7.5
8747,237,PC WEB,20,Sun,21,0,food,music,Male,3.75,7.5
8748,139,MOBILE WEB,40,Sun,23,0,government,entertainment,Male,3.75,7.5
8749,93,MOBILE WEB,50,Sun,7,1,drink,sports,Male,11.25,15
8750,694,MOBILE WEB,50,Tue,12,0,corporation,sports,Male,0,3.75
8751,260,MOBILE WEB,40,Sun,9,0,drink,drama,Female,7.5,11.25
8752,109,MOBILE WEB,40,Wed,2,1,food,drama,Female,11.25,15
8753,100,MOBILE WEB,20,Thu,19,0,movie,entertainment,Female,3.75,7.5
8754,688,PC WEB,40,Mon,14,0,drink,sports,Male,3.75,7.5
8755,209,MOBILE WEB,40,Thu,9,0,food,entertainment,Male,7.5,11.25
8756,173,MOBILE WEB,20,Fri,20,0,drink,drama,Female,3.75,7.5
8757,163,PC WEB,20,Thu,17,1,food,entertainment,Male,11.25,15
8758,237,MOBILE WEB,40,Sat,16,1,drink,sports,Male,11.25,15
8759,64,MOBILE WEB,40,Tue,15,0,food,sports,Male,7.5,11.25
8760,69,MOBILE WEB,40,Wed,20,0,drink,sports,Male,7.5,11.25
8761,135,MOBILE WEB,30,Sun,9,1,movie,drama,Male,11.25,15
8762,88,MOBILE WEB,40,Fri,22,0,food,entertainment,Female,0,3.75
8763,176,MOBILE WEB,40,Fri,19,0,drink,entertainment,Male,3.75,7.5
8764,170,MOBILE WEB,30,Fri,1,0,health_food,entertainment,Male,3.75,7.5
8765,126,MOBILE WEB,20,Fri,20,0,woman,entertainment,Female,3.75,7.5
8766,233,MOBILE WEB,30,Mon,11,0,medicine,drama,Female,3.75,7.5
8767,125,PC WEB,10,Thu,1,0,health_food,drama,Female,7.5,11.25
8768,158,MOBILE WEB,40,Sun,21,0,education,drama,Female,3.75,7.5
8769,175,MOBILE WEB,20,Sat,21,0,drink,drama,Female,0,3.75
8770,284,MOBILE WEB,30,Tue,23,0,health_food,entertainment,Female,3.75,7.5
8771,153,MOBILE WEB,30,Mon,20,0,pet,entertainment,Female,3.75,7.5
8772,119,MOBILE WEB,20,Thu,14,0,medicine,entertainment,Female,3.75,7.5
8773,223,MOBILE APP,10,Sun,23,0,education,entertainment,Female,3.75,7.5
8774,66,PC WEB,40,Sat,18,0,drink,sports,Male,0,3.75
8775,127,MOBILE WEB,30,Sun,1,0,medicine,entertainment,Female,7.5,11.25
8776,688,PC WEB,50,Mon,17,0,drink,sports,Male,3.75,7.5
8777,126,MOBILE WEB,30,Sun,19,0,drink,entertainment,Female,3.75,7.5
8778,170,MOBILE WEB,50,Tue,19,0,man,entertainment,Male,0,3.75
8779,158,MOBILE WEB,30,Sat,2,0,government,entertainment,Female,11.25,15
8780,275,MOBILE WEB,30,Sun,13,0,food,entertainment,Male,3.75,7.5
8781,746,MOBILE WEB,30,Fri,17,1,drink,sports,Male,11.25,15
8782,210,MOBILE WEB,30,Wed,22,0,health_food,drama,Female,3.75,7.5
8783,217,MOBILE WEB,40,Sun,19,1,drink,entertainment,Female,11.25,15
8784,185,MOBILE WEB,30,Wed,7,0,food,entertainment,Male,7.5,11.25
8785,84,MOBILE WEB,30,Wed,19,0,food,sports,Male,3.75,7.5
8786,175,MOBILE WEB,50,Sun,20,0,health_food,entertainment,Female,3.75,7.5
8787,180,MOBILE WEB,50,Wed,11,0,health_food,entertainment,Female,11.25,15
8788,72,PC WEB,50,Wed,15,0,corporation,sports,Male,3.75,7.5
8789,202,MOBILE WEB,60,Sun,19,0,movie,entertainment,Female,7.5,11.25
8790,131,MOBILE WEB,30,Mon,10,1,health_food,entertainment,Female,11.25,15
8791,232,MOBILE WEB,20,Sat,14,0,education,entertainment,Female,3.75,7.5
8792,135,PC WEB,10,Fri,18,0,government,drama,Female,11.25,15
8793,201,MOBILE WEB,10,Sun,22,0,corporation,sports,Male,3.75,7.5
8794,112,MOBILE WEB,30,Sat,15,0,corporation,sports,Male,3.75,7.5
8795,67,MOBILE WEB,10,Sat,23,0,drink,entertainment,Female,3.75,7.5
8796,196,MOBILE WEB,30,Tue,9,0,pet,entertainment,Female,3.75,7.5
8797,499,MOBILE WEB,30,Tue,21,0,drink,sports,Male,11.25,15
8798,180,MOBILE WEB,30,Sun,14,0,drink,sports,Male,7.5,11.25
8799,188,MOBILE WEB,50,Tue,20,0,health_food,entertainment,Male,3.75,7.5
8800,124,MOBILE WEB,40,Wed,23,0,electronics,drama,Female,7.5,11.25
8801,232,MOBILE WEB,10,Sat,22,0,health_food,entertainment,Female,0,3.75
8802,145,MOBILE WEB,10,Sat,9,0,movie,entertainment,Female,11.25,15
8803,64,MOBILE WEB,50,Sun,12,0,woman,music,Female,3.75,7.5
8804,99,MOBILE WEB,40,Tue,19,0,corporation,entertainment,Female,7.5,11.25
8805,115,PC WEB,30,Tue,0,0,government,entertainment,Male,0,3.75
8806,532,MOBILE WEB,30,Fri,14,0,food,sports,Male,3.75,7.5
8807,66,PC WEB,50,Fri,19,0,corporation,sports,Male,7.5,11.25
8808,61,PC WEB,20,Sun,20,1,drink,sports,Female,11.25,15
8809,61,MOBILE WEB,30,Thu,10,1,drink,sports,Male,11.25,15
8810,211,MOBILE WEB,30,Sat,21,0,food,entertainment,Female,3.75,7.5
8811,223,MOBILE WEB,40,Tue,10,0,health_food,entertainment,Female,0,3.75
8812,141,MOBILE WEB,20,Fri,1,0,health_food,entertainment,Male,11.25,15
8813,62,MOBILE WEB,40,Tue,8,0,drink,sports,Male,3.75,7.5
8814,135,PC WEB,40,Mon,23,0,drink,entertainment,Female,3.75,7.5
8815,227,MOBILE WEB,30,Fri,0,0,electronics,entertainment,Female,3.75,7.5
8816,182,MOBILE WEB,50,Thu,16,0,education,drama,Female,7.5,11.25
8817,93,MOBILE WEB,40,Mon,0,0,food,current_affairs,Female,3.75,7.5
8818,196,MOBILE WEB,40,Tue,18,0,health_food,entertainment,Female,3.75,7.5
8819,164,MOBILE WEB,40,Wed,0,0,health_food,entertainment,Female,3.75,7.5
8820,193,MOBILE WEB,60,Mon,11,1,food,entertainment,Female,11.25,15
8821,152,MOBILE WEB,20,Mon,1,0,health_food,entertainment,Male,0,3.75
8822,198,MOBILE WEB,20,Mon,20,0,movie,information,Female,3.75,7.5
8823,100,MOBILE WEB,40,Sat,16,1,drink,sports,Male,11.25,15
8824,300,PC WEB,20,Sun,14,0,drink,entertainment,Male,3.75,7.5
8825,79,MOBILE WEB,30,Mon,18,0,drink,drama,Female,3.75,7.5
8826,232,MOBILE APP,10,Sat,1,0,food,entertainment,Female,3.75,7.5
8827,116,MOBILE WEB,40,Sat,17,1,drink,sports,Male,11.25,15
8828,101,MOBILE WEB,20,Wed,13,0,corporation,entertainment,Female,3.75,7.5
8829,101,MOBILE WEB,30,Sun,23,0,food,entertainment,Female,3.75,7.5
8830,340,MOBILE WEB,10,Mon,5,0,education,drama,Male,0,3.75
8831,76,MOBILE WEB,20,Fri,13,0,corporation,sports,Male,0,3.75
8832,190,MOBILE WEB,20,Sat,14,0,health_food,entertainment,Female,3.75,7.5
8833,627,MOBILE WEB,30,Sun,12,1,drink,sports,Male,11.25,15
8834,87,MOBILE WEB,20,Thu,22,0,movie,entertainment,Female,3.75,7.5
8835,230,MOBILE WEB,50,Sun,2,0,food,entertainment,Male,3.75,7.5
8836,107,MOBILE APP,20,Wed,23,0,food,drama,Female,7.5,11.25
8837,94,MOBILE WEB,30,Wed,0,0,corporation,entertainment,Female,0,3.75
8838,175,MOBILE WEB,30,Mon,10,0,medicine,drama,Female,3.75,7.5
8839,65,PC WEB,30,Tue,13,0,drink,sports,Male,11.25,15
8840,275,MOBILE WEB,40,Sat,22,0,health_food,entertainment,Female,0,3.75
8841,95,MOBILE WEB,20,Sun,2,0,movie,drama,Female,3.75,7.5
8842,184,PC WEB,10,Sat,23,0,food,entertainment,Female,7.5,11.25
8843,235,MOBILE APP,10,Sun,15,0,food,entertainment,Female,3.75,7.5
8844,121,MOBILE APP,10,Sat,20,0,education,entertainment,Female,11.25,15
8845,72,MOBILE WEB,30,Wed,14,0,corporation,sports,Male,3.75,7.5
8846,72,MOBILE WEB,40,Wed,12,0,corporation,sports,Male,3.75,7.5
8847,190,MOBILE WEB,20,Sat,13,0,food,entertainment,Female,0,3.75
8848,81,MOBILE WEB,30,Mon,6,0,health_food,entertainment,Male,11.25,15
8849,786,MOBILE WEB,20,Sat,18,1,drink,sports,Male,11.25,15
8850,141,MOBILE WEB,30,Sat,9,0,health_food,entertainment,Female,3.75,7.5
8851,117,MOBILE WEB,10,Sat,17,0,drink,entertainment,Female,3.75,7.5
8852,61,MOBILE WEB,40,Tue,15,0,medicine,drama,Female,0,3.75
8853,74,MOBILE WEB,20,Fri,17,1,drink,sports,Male,11.25,15
8854,323,PC WEB,20,Tue,10,0,corporation,sports,Male,0,3.75
8855,112,MOBILE WEB,30,Mon,12,0,health_food,drama,Female,3.75,7.5
8856,196,MOBILE WEB,30,Tue,12,0,health_food,entertainment,Female,3.75,7.5
8857,146,MOBILE WEB,60,Sun,16,0,health_food,drama,Male,7.5,11.25
8858,237,MOBILE WEB,40,Fri,0,0,health_food,music,Male,3.75,7.5
8859,213,MOBILE WEB,30,Thu,0,0,drink,sports,Male,7.5,11.25
8860,237,MOBILE WEB,20,Sat,17,1,drink,sports,Male,11.25,15
8861,112,MOBILE WEB,30,Sat,14,1,corporation,sports,Male,11.25,15
8862,72,MOBILE WEB,40,Wed,12,1,drink,sports,Male,11.25,15
8863,219,MOBILE WEB,30,Tue,9,0,health_food,entertainment,Female,3.75,7.5
8864,67,MOBILE WEB,50,Tue,15,1,drink,sports,Male,11.25,15
8865,127,PC WEB,20,Tue,17,0,drink,sports,Male,7.5,11.25
8866,68,MOBILE WEB,40,Fri,12,0,drink,sports,Male,11.25,15
8867,164,MOBILE WEB,50,Fri,12,0,drink,sports,Male,3.75,7.5
8868,597,MOBILE WEB,30,Sat,15,0,corporation,sports,Male,0,3.75
8869,124,MOBILE WEB,20,Tue,22,0,medicine,entertainment,Male,3.75,7.5
8870,99,MOBILE WEB,30,Thu,12,0,corporation,sports,Male,3.75,7.5
8871,92,MOBILE WEB,40,Sun,9,0,medicine,drama,Female,3.75,7.5
8872,101,MOBILE WEB,30,Sat,14,0,drink,sports,Male,0,3.75
8873,196,PC WEB,20,Tue,10,0,food,entertainment,Female,11.25,15
8874,118,MOBILE WEB,50,Fri,20,0,corporation,sports,Male,3.75,7.5
8875,60,MOBILE APP,20,Thu,20,0,government,music,Female,0,3.75
8876,711,MOBILE WEB,50,Wed,19,1,drink,sports,Male,11.25,15
8877,65,MOBILE WEB,30,Tue,14,0,drink,sports,Male,0,3.75
8878,194,MOBILE WEB,40,Thu,7,0,drink,drama,Female,3.75,7.5
8879,139,MOBILE WEB,40,Thu,11,0,woman,entertainment,Male,3.75,7.5
8880,196,MOBILE WEB,30,Tue,8,0,food,entertainment,Female,11.25,15
8881,72,MOBILE WEB,20,Wed,15,0,corporation,sports,Male,11.25,15
8882,81,PC WEB,20,Sun,18,0,education,entertainment,Male,3.75,7.5
8883,76,MOBILE WEB,30,Thu,9,0,drink,entertainment,Female,11.25,15
8884,116,MOBILE WEB,10,Thu,13,0,corporation,sports,Male,3.75,7.5
8885,787,MOBILE WEB,30,Mon,21,0,drink,sports,Male,3.75,7.5
8886,106,MOBILE WEB,20,Wed,10,0,corporation,sports,Male,3.75,7.5
8887,88,MOBILE WEB,40,Sat,12,0,government,sports,Male,0,3.75
8888,69,MOBILE WEB,50,Wed,10,0,drink,sports,Male,11.25,15
8889,158,MOBILE WEB,30,Fri,22,0,education,entertainment,Female,3.75,7.5
8890,100,MOBILE WEB,30,Sat,18,0,corporation,sports,Male,3.75,7.5
8891,61,MOBILE WEB,30,Wed,13,0,drink,sports,Female,3.75,7.5
8892,67,MOBILE WEB,20,Sun,17,0,corporation,sports,Male,0,3.75
8893,129,MOBILE APP,30,Sun,5,0,drink,entertainment,Male,3.75,7.5
8894,148,MOBILE WEB,60,Thu,0,0,movie,drama,Female,7.5,11.25
8895,152,MOBILE WEB,10,Wed,11,0,movie,drama,Female,3.75,7.5
8896,120,MOBILE WEB,30,Mon,10,0,drink,sports,Male,11.25,15
8897,175,MOBILE WEB,30,Thu,17,0,drink,entertainment,Female,0,3.75
8898,116,MOBILE WEB,30,Mon,19,0,drink,sports,Male,3.75,7.5
8899,128,MOBILE WEB,30,Sat,8,0,electronics,drama,Female,3.75,7.5
8900,72,PC WEB,40,Wed,14,1,drink,sports,Male,11.25,15
8901,196,MOBILE WEB,50,Tue,8,0,food,entertainment,Female,3.75,7.5
8902,275,MOBILE WEB,20,Mon,12,0,medicine,drama,Female,3.75,7.5
8903,80,MOBILE WEB,60,Tue,13,0,corporation,sports,Male,3.75,7.5
8904,627,MOBILE WEB,30,Sat,16,1,drink,sports,Male,11.25,15
8905,127,MOBILE WEB,50,Wed,10,1,drink,sports,Male,11.25,15
8906,207,PC WEB,10,Tue,18,0,drink,entertainment,Male,3.75,7.5
8907,88,MOBILE WEB,50,Sat,11,0,drink,sports,Male,3.75,7.5
8908,127,MOBILE WEB,30,Tue,22,1,drink,sports,Male,11.25,15
8909,170,MOBILE WEB,20,Mon,18,0,drink,drama,Male,7.5,11.25
8910,206,MOBILE WEB,10,Tue,23,0,food,entertainment,Female,3.75,7.5
8911,627,MOBILE WEB,20,Sat,18,1,drink,sports,Male,11.25,15
8912,219,MOBILE WEB,20,Tue,18,0,health_food,entertainment,Female,3.75,7.5
8913,65,MOBILE WEB,40,Tue,13,0,drink,sports,Male,3.75,7.5
8914,144,MOBILE WEB,40,Thu,8,1,drink,drama,Female,11.25,15
8915,143,MOBILE WEB,50,Mon,9,0,food,entertainment,Male,3.75,7.5
8916,532,PC WEB,40,Fri,14,0,health_food,sports,Male,3.75,7.5
8917,60,MOBILE WEB,30,Fri,9,0,food,entertainment,Male,3.75,7.5
8918,94,MOBILE WEB,30,Tue,12,0,corporation,sports,Male,3.75,7.5
8919,67,PC WEB,60,Tue,12,0,corporation,sports,Male,7.5,11.25
8920,81,MOBILE WEB,20,Tue,11,0,corporation,sports,Male,0,3.75
8921,100,MOBILE WEB,40,Tue,19,1,drink,sports,Male,11.25,15
8922,205,MOBILE WEB,30,Sat,14,0,finance,sports,Male,7.5,11.25
8923,195,MOBILE WEB,30,Mon,0,0,health_food,entertainment,Female,3.75,7.5
8924,112,MOBILE WEB,40,Sat,14,1,corporation,sports,Male,11.25,15
8925,102,MOBILE WEB,30,Mon,10,0,corporation,sports,Male,0,3.75
8926,118,MOBILE WEB,30,Fri,20,0,corporation,sports,Male,3.75,7.5
8927,163,PC WEB,40,Fri,11,1,drink,sports,Male,11.25,15
8928,65,MOBILE WEB,40,Tue,18,0,drink,sports,Male,7.5,11.25
8929,176,MOBILE WEB,40,Fri,19,0,health_food,drama,Male,3.75,7.5
8930,171,MOBILE WEB,40,Sun,10,0,health_food,entertainment,Female,3.75,7.5
8931,235,MOBILE APP,10,Sun,13,0,medicine,entertainment,Female,3.75,7.5
8932,62,MOBILE WEB,40,Mon,8,0,drink,sports,Female,3.75,7.5
8933,61,MOBILE WEB,30,Sun,11,1,drink,sports,Male,11.25,15
8934,184,MOBILE WEB,30,Sat,15,0,electronics,entertainment,Female,0,3.75
8935,77,MOBILE WEB,30,Sat,16,1,drink,sports,Male,11.25,15
8936,323,MOBILE APP,10,Thu,17,0,movie,entertainment,Female,3.75,7.5
8937,74,MOBILE WEB,40,Fri,17,1,drink,sports,Male,11.25,15
8938,68,MOBILE WEB,50,Wed,21,0,health_food,entertainment,Male,3.75,7.5
8939,152,MOBILE WEB,40,Thu,20,0,food,entertainment,Female,7.5,11.25
8940,143,MOBILE WEB,20,Fri,12,0,food,drama,Female,3.75,7.5
8941,253,MOBILE WEB,50,Sun,15,0,movie,music,Male,3.75,7.5
8942,137,MOBILE WEB,30,Mon,11,1,food,entertainment,Female,11.25,15
8943,96,PC WEB,40,Wed,18,1,drink,sports,Male,11.25,15
8944,145,MOBILE APP,10,Mon,21,0,drink,entertainment,Female,3.75,7.5
8945,164,MOBILE WEB,40,Wed,7,0,food,entertainment,Male,3.75,7.5
8946,228,MOBILE WEB,20,Tue,14,1,drink,entertainment,Male,11.25,15
8947,233,MOBILE WEB,10,Sun,2,0,pet,entertainment,Female,7.5,11.25
8948,178,MOBILE WEB,40,Sat,1,0,movie,drama,Female,11.25,15
8949,175,MOBILE WEB,10,Mon,22,0,movie,entertainment,Male,7.5,11.25
8950,130,MOBILE WEB,50,Tue,9,0,food,entertainment,Female,0,3.75
8951,149,MOBILE WEB,30,Sun,22,0,health_food,entertainment,Female,3.75,7.5
8952,92,MOBILE WEB,40,Fri,19,0,movie,drama,Male,7.5,11.25
8953,101,MOBILE WEB,30,Sat,12,0,drink,sports,Male,3.75,7.5
8954,65,PC WEB,50,Tue,13,0,food,sports,Male,3.75,7.5
8955,147,MOBILE WEB,60,Sat,10,1,health_food,entertainment,Female,11.25,15
8956,149,MOBILE WEB,20,Sun,22,0,health_food,entertainment,Female,7.5,11.25
8957,236,MOBILE WEB,40,Fri,14,0,drink,sports,Female,3.75,7.5
8958,119,MOBILE WEB,30,Fri,23,1,movie,entertainment,Female,11.25,15
8959,131,MOBILE WEB,40,Wed,17,1,drink,sports,Male,11.25,15
8960,82,MOBILE WEB,30,Sun,9,0,food,drama,Female,7.5,11.25
8961,213,MOBILE WEB,30,Wed,10,0,drink,sports,Male,3.75,7.5
8962,66,MOBILE WEB,40,Sat,13,1,drink,sports,Male,11.25,15
8963,67,MOBILE WEB,30,Sun,14,0,drink,sports,Male,3.75,7.5
8964,102,MOBILE APP,20,Sat,23,0,drink,music,Male,0,3.75
8965,711,MOBILE WEB,40,Thu,9,0,drink,sports,Male,0,3.75
8966,241,MOBILE WEB,40,Sun,20,0,food,information,Male,7.5,11.25
8967,67,MOBILE WEB,60,Sun,13,0,drink,sports,Male,3.75,7.5
8968,141,MOBILE WEB,30,Fri,0,0,drink,drama,Female,3.75,7.5
8969,93,PC WEB,40,Thu,13,0,drink,sports,Male,3.75,7.5
8970,154,MOBILE WEB,30,Fri,17,0,finance,entertainment,Female,3.75,7.5
8971,64,MOBILE WEB,20,Fri,10,0,drink,sports,Male,3.75,7.5
8972,153,MOBILE WEB,20,Sun,9,0,food,entertainment,Female,11.25,15
8973,273,MOBILE WEB,20,Sun,2,0,health_food,entertainment,Male,3.75,7.5
8974,79,MOBILE WEB,30,Sat,13,0,drink,sports,Male,3.75,7.5
8975,215,MOBILE WEB,50,Wed,8,1,education,entertainment,Female,11.25,15
8976,95,MOBILE WEB,30,Tue,15,0,pet,entertainment,Male,0,3.75
8977,96,PC WEB,30,Wed,15,0,corporation,sports,Male,7.5,11.25
8978,171,MOBILE WEB,40,Sun,22,0,education,drama,Female,7.5,11.25
8979,128,MOBILE WEB,50,Sat,4,1,drink,sports,Male,11.25,15
8980,67,MOBILE WEB,30,Sun,10,0,health_food,sports,Male,3.75,7.5
8981,153,PC WEB,30,Mon,19,0,finance,entertainment,Male,3.75,7.5
8982,297,MOBILE WEB,40,Thu,7,0,drink,information,Female,3.75,7.5
8983,204,MOBILE WEB,30,Sat,10,0,medicine,entertainment,Female,0,3.75
8984,280,MOBILE WEB,30,Mon,8,0,food,drama,Female,7.5,11.25
8985,190,MOBILE WEB,40,Mon,8,0,health_food,entertainment,Female,3.75,7.5
8986,185,MOBILE WEB,40,Wed,13,0,food,drama,Female,3.75,7.5
8987,83,MOBILE WEB,20,Tue,8,0,medicine,drama,Female,7.5,11.25
8988,193,PC WEB,30,Mon,9,0,food,entertainment,Male,3.75,7.5
8989,97,MOBILE WEB,30,Sat,23,0,corporation,sports,Male,7.5,11.25
8990,186,MOBILE WEB,40,Wed,9,0,food,entertainment,Female,3.75,7.5
8991,61,PC WEB,50,Sun,14,0,corporation,sports,Male,7.5,11.25
8992,196,MOBILE WEB,30,Thu,11,0,drink,entertainment,Female,0,3.75
8993,124,MOBILE WEB,20,Sat,22,0,food,entertainment,Male,7.5,11.25
8994,532,MOBILE WEB,30,Sun,22,0,corporation,sports,Male,3.75,7.5
8995,185,MOBILE WEB,30,Wed,8,0,health_food,entertainment,Female,3.75,7.5
8996,62,MOBILE WEB,30,Mon,21,0,drink,sports,Male,7.5,11.25
8997,173,MOBILE WEB,30,Mon,22,0,drink,drama,Female,3.75,7.5
8998,127,MOBILE WEB,60,Tue,19,1,food,entertainment,Male,11.25,15
8999,157,MOBILE WEB,30,Mon,8,0,drink,entertainment,Male,3.75,7.5
9000,240,MOBILE WEB,50,Thu,19,1,drink,entertainment,Female,11.25,15
9001,185,MOBILE WEB,30,Sat,7,0,drink,entertainment,Female,3.75,7.5
9002,165,MOBILE WEB,50,Sun,21,0,electronics,entertainment,Female,11.25,15
9003,97,MOBILE WEB,10,Tue,11,0,corporation,sports,Male,3.75,7.5
9004,211,MOBILE WEB,50,Sun,13,0,drink,sports,Male,3.75,7.5
9005,163,MOBILE WEB,60,Wed,14,0,drink,sports,Male,3.75,7.5
9006,194,MOBILE WEB,40,Thu,0,0,pet,entertainment,Female,11.25,15
9007,67,MOBILE WEB,50,Sun,14,0,corporation,sports,Male,3.75,7.5
9008,197,MOBILE WEB,40,Tue,19,0,drink,entertainment,Male,3.75,7.5
9009,127,MOBILE WEB,20,Thu,0,0,drink,drama,Female,0,3.75
9010,187,MOBILE WEB,30,Sat,21,0,education,entertainment,Male,3.75,7.5
9011,60,MOBILE WEB,40,Sat,14,1,finance,sports,Male,11.25,15
9012,129,MOBILE WEB,30,Fri,2,0,medicine,drama,Female,3.75,7.5
9013,169,MOBILE WEB,50,Thu,8,1,food,entertainment,Female,11.25,15
9014,126,MOBILE WEB,30,Wed,9,0,corporation,entertainment,Female,11.25,15
9015,306,MOBILE WEB,10,Sat,0,0,government,entertainment,Female,3.75,7.5
9016,268,MOBILE WEB,30,Thu,2,1,drink,drama,Female,11.25,15
9017,65,MOBILE WEB,20,Tue,12,0,drink,sports,Male,7.5,11.25
9018,332,MOBILE WEB,30,Mon,10,0,education,drama,Female,0,3.75
9019,95,MOBILE APP,10,Fri,0,0,education,music,Female,3.75,7.5
9020,147,MOBILE WEB,40,Sat,14,1,drink,sports,Male,11.25,15
9021,199,MOBILE APP,10,Tue,22,0,health_food,entertainment,Female,3.75,7.5
9022,65,MOBILE WEB,40,Tue,11,0,corporation,sports,Male,3.75,7.5
9023,131,MOBILE WEB,30,Mon,8,0,government,entertainment,Female,3.75,7.5
9024,93,MOBILE WEB,50,Fri,16,0,corporation,sports,Male,0,3.75
9025,171,MOBILE WEB,30,Thu,13,0,education,entertainment,Female,0,3.75
9026,211,MOBILE WEB,30,Wed,13,0,movie,drama,Female,3.75,7.5
9027,208,MOBILE WEB,40,Mon,22,0,education,entertainment,Male,3.75,7.5
9028,201,MOBILE WEB,50,Wed,0,0,food,entertainment,Female,3.75,7.5
9029,214,MOBILE WEB,20,Sat,11,0,food,drama,Female,7.5,11.25
9030,176,MOBILE WEB,10,Tue,16,0,food,drama,Female,7.5,11.25
9031,121,MOBILE WEB,50,Sun,16,0,corporation,sports,Male,3.75,7.5
9032,91,MOBILE WEB,60,Wed,12,1,drink,sports,Male,11.25,15
9033,185,MOBILE WEB,40,Fri,0,0,health_food,drama,Male,3.75,7.5
9034,173,MOBILE WEB,30,Sat,16,0,food,drama,Female,3.75,7.5
9035,201,MOBILE WEB,50,Thu,23,0,medicine,drama,Female,11.25,15
9036,207,MOBILE WEB,20,Sat,23,0,health_food,drama,Female,3.75,7.5
9037,66,MOBILE APP,10,Sat,9,0,medicine,entertainment,Female,3.75,7.5
9038,131,MOBILE WEB,20,Sun,18,0,drink,entertainment,Female,3.75,7.5
9039,245,MOBILE WEB,30,Mon,0,0,education,drama,Female,3.75,7.5
9040,160,MOBILE WEB,20,Sat,23,0,drink,entertainment,Female,0,3.75
9041,265,MOBILE WEB,20,Sun,19,1,health_food,entertainment,Female,11.25,15
9042,99,MOBILE WEB,30,Thu,21,0,movie,entertainment,Female,3.75,7.5
9043,125,MOBILE WEB,30,Mon,22,0,drink,drama,Female,3.75,7.5
9044,171,MOBILE WEB,20,Fri,7,1,food,drama,Female,11.25,15
9045,177,MOBILE WEB,40,Sun,21,1,movie,entertainment,Female,11.25,15
9046,143,MOBILE WEB,20,Fri,20,0,food,drama,Male,11.25,15
9047,86,PC WEB,30,Fri,13,0,drink,sports,Male,3.75,7.5
9048,90,MOBILE WEB,20,Sat,14,1,health_food,entertainment,Female,11.25,15
9049,206,MOBILE WEB,50,Wed,22,0,drink,entertainment,Female,3.75,7.5
9050,110,MOBILE WEB,20,Mon,21,0,education,drama,Female,3.75,7.5
9051,128,MOBILE WEB,30,Sat,14,0,drink,kids,Female,7.5,11.25
9052,185,MOBILE WEB,30,Wed,1,0,food,entertainment,Female,3.75,7.5
9053,181,MOBILE WEB,30,Fri,21,0,education,entertainment,Female,3.75,7.5
9054,205,MOBILE WEB,50,Mon,0,0,food,entertainment,Female,7.5,11.25
9055,148,MOBILE WEB,40,Sat,8,0,drink,entertainment,Male,3.75,7.5
9056,75,MOBILE WEB,40,Thu,9,0,drink,sports,Male,0,3.75
9057,118,MOBILE WEB,30,Mon,19,1,food,entertainment,Female,11.25,15
9058,164,PC WEB,50,Fri,12,0,drink,sports,Male,3.75,7.5
9059,115,MOBILE WEB,50,Thu,23,0,education,drama,Female,3.75,7.5
9060,101,MOBILE WEB,40,Sat,15,0,drink,sports,Male,3.75,7.5
9061,182,MOBILE WEB,10,Mon,21,1,health_food,entertainment,Female,11.25,15
9062,65,PC WEB,20,Sun,10,1,drink,sports,Male,11.25,15
9063,81,MOBILE APP,20,Fri,14,0,food,entertainment,Female,3.75,7.5
9064,170,MOBILE WEB,30,Mon,23,0,drink,drama,Female,0,3.75
9065,205,MOBILE WEB,20,Sat,2,1,health_food,entertainment,Female,11.25,15
9066,237,MOBILE WEB,20,Fri,1,0,drink,music,Female,3.75,7.5
9067,110,MOBILE WEB,30,Wed,14,1,drink,sports,Male,11.25,15
9068,254,MOBILE WEB,40,Mon,16,0,food,drama,Female,3.75,7.5
9069,627,MOBILE WEB,30,Sat,18,1,drink,sports,Male,11.25,15
9070,74,MOBILE WEB,50,Sat,16,0,corporation,sports,Male,0,3.75
9071,183,MOBILE WEB,20,Sat,0,1,food,entertainment,Male,11.25,15
9072,233,MOBILE WEB,10,Sat,10,0,education,entertainment,Male,3.75,7.5
9073,204,MOBILE WEB,40,Tue,15,0,corporation,sports,Male,7.5,11.25
9074,96,MOBILE WEB,50,Wed,22,1,drink,sports,Male,11.25,15
9075,80,MOBILE WEB,30,Thu,2,0,drink,drama,Female,3.75,7.5
9076,477,MOBILE WEB,50,Fri,17,1,drink,sports,Male,11.25,15
9077,419,MOBILE WEB,40,Tue,10,0,health_food,sports,Male,3.75,7.5
9078,148,MOBILE APP,10,Fri,1,0,government,music,Female,3.75,7.5
9079,271,MOBILE WEB,30,Sat,8,0,medicine,entertainment,Female,3.75,7.5
9080,66,MOBILE WEB,50,Sat,14,1,finance,sports,Male,11.25,15
9081,131,MOBILE WEB,10,Sat,18,0,health_food,entertainment,Female,3.75,7.5
9082,276,PC WEB,10,Tue,18,1,health_food,entertainment,Female,11.25,15
9083,190,MOBILE WEB,30,Mon,0,0,health_food,entertainment,Female,3.75,7.5
9084,233,MOBILE WEB,10,Sat,19,0,education,entertainment,Female,3.75,7.5
9085,158,MOBILE WEB,40,Sat,1,0,health_food,entertainment,Male,3.75,7.5
9086,627,MOBILE WEB,40,Sat,16,1,drink,sports,Male,11.25,15
9087,193,MOBILE WEB,10,Mon,13,0,electronics,entertainment,Female,3.75,7.5
9088,101,MOBILE WEB,20,Sat,12,0,corporation,sports,Male,3.75,7.5
9089,254,PC WEB,40,Sun,10,1,health_food,information,Male,11.25,15
9090,232,MOBILE APP,10,Tue,16,0,food,entertainment,Female,7.5,11.25
9091,62,MOBILE WEB,30,Thu,18,0,pet,sports,Male,3.75,7.5
9092,130,MOBILE WEB,20,Fri,9,0,movie,entertainment,Male,3.75,7.5
9093,70,MOBILE WEB,40,Tue,16,0,drink,sports,Male,7.5,11.25
9094,213,MOBILE WEB,30,Wed,13,0,drink,sports,Male,3.75,7.5
9095,110,MOBILE WEB,30,Tue,23,0,corporation,entertainment,Female,3.75,7.5
9096,178,MOBILE WEB,20,Mon,18,0,drink,entertainment,Female,7.5,11.25
9097,128,MOBILE WEB,40,Mon,3,0,electronics,entertainment,Female,7.5,11.25
9098,171,MOBILE WEB,30,Sun,9,0,drink,sports,Male,0,3.75
9099,140,MOBILE WEB,30,Wed,20,0,movie,entertainment,Female,7.5,11.25
9100,84,MOBILE WEB,40,Thu,12,0,drink,sports,Male,7.5,11.25
9101,99,MOBILE WEB,20,Thu,13,0,drink,sports,Male,3.75,7.5
9102,485,MOBILE WEB,10,Tue,13,0,health_food,entertainment,Female,3.75,7.5
9103,213,PC WEB,30,Wed,12,0,drink,sports,Male,3.75,7.5
9104,96,MOBILE WEB,30,Sat,14,1,drink,sports,Male,11.25,15
9105,144,MOBILE WEB,20,Fri,17,0,drink,entertainment,Female,3.75,7.5
9106,221,MOBILE WEB,30,Tue,17,0,health_food,information,Female,3.75,7.5
9107,72,MOBILE WEB,60,Wed,12,0,corporation,sports,Male,3.75,7.5
9108,61,MOBILE WEB,40,Wed,14,0,corporation,sports,Male,3.75,7.5
9109,62,MOBILE WEB,40,Wed,22,0,corporation,sports,Male,3.75,7.5
9110,181,MOBILE WEB,30,Tue,21,1,food,music,Female,11.25,15
9111,74,PC WEB,40,Fri,11,1,drink,sports,Male,11.25,15
9112,97,MOBILE WEB,50,Tue,11,0,corporation,sports,Male,3.75,7.5
9113,161,MOBILE WEB,30,Fri,13,0,drink,sports,Male,3.75,7.5
9114,711,MOBILE WEB,50,Wed,22,1,drink,sports,Male,11.25,15
9115,627,PC WEB,20,Sat,17,1,drink,sports,Male,11.25,15
9116,747,MOBILE WEB,50,Thu,21,0,drink,sports,Male,3.75,7.5
9117,74,MOBILE WEB,20,Tue,1,0,movie,entertainment,Male,3.75,7.5
9118,80,MOBILE WEB,30,Wed,23,0,food,drama,Female,11.25,15
9119,627,MOBILE WEB,20,Sat,16,1,drink,sports,Male,11.25,15
9120,67,MOBILE WEB,50,Sun,11,0,government,sports,Male,3.75,7.5
9121,164,MOBILE WEB,50,Wed,8,0,food,entertainment,Male,3.75,7.5
9122,67,MOBILE WEB,30,Tue,14,1,drink,sports,Male,11.25,15
9123,110,MOBILE WEB,30,Fri,23,0,food,entertainment,Male,3.75,7.5
9124,69,MOBILE WEB,50,Wed,18,1,drink,sports,Male,11.25,15
9125,232,MOBILE WEB,30,Sun,10,0,education,entertainment,Male,11.25,15
9126,289,MOBILE WEB,30,Sat,13,0,movie,entertainment,Male,3.75,7.5
9127,120,MOBILE WEB,40,Wed,15,0,drink,sports,Male,3.75,7.5
9128,213,MOBILE WEB,40,Wed,11,0,drink,sports,Male,7.5,11.25
9129,100,MOBILE WEB,40,Mon,21,0,drink,drama,Female,3.75,7.5
9130,67,MOBILE WEB,30,Tue,17,1,drink,sports,Male,11.25,15
9131,95,MOBILE WEB,50,Mon,11,0,corporation,sports,Male,0,3.75
9132,97,MOBILE WEB,20,Mon,23,0,health_food,drama,Male,3.75,7.5
9133,205,MOBILE WEB,20,Sat,14,1,drink,sports,Male,11.25,15
9134,72,MOBILE APP,10,Wed,14,0,drink,sports,Male,0,3.75
9135,101,MOBILE WEB,50,Sat,12,0,corporation,sports,Male,7.5,11.25
9136,218,MOBILE WEB,40,Thu,19,0,health_food,entertainment,Female,0,3.75
9137,77,MOBILE WEB,20,Sat,14,1,drink,sports,Male,11.25,15
9138,72,MOBILE WEB,40,Wed,12,0,corporation,sports,Male,3.75,7.5
9139,159,MOBILE WEB,20,Thu,13,1,health_food,entertainment,Male,11.25,15
9140,121,MOBILE WEB,40,Mon,13,0,health_food,entertainment,Female,3.75,7.5
9141,101,MOBILE WEB,10,Sat,14,0,drink,sports,Male,3.75,7.5
9142,142,MOBILE WEB,30,Sat,22,0,food,drama,Female,0,3.75
9143,196,MOBILE WEB,30,Tue,11,0,food,entertainment,Female,3.75,7.5
9144,118,MOBILE WEB,30,Fri,22,0,corporation,sports,Male,3.75,7.5
9145,147,MOBILE WEB,40,Mon,7,1,food,entertainment,Female,11.25,15
9146,217,MOBILE WEB,50,Mon,16,1,movie,entertainment,Male,11.25,15
9147,64,PC WEB,20,Wed,12,1,drink,sports,Male,11.25,15
9148,152,MOBILE WEB,10,Sat,3,0,food,drama,Female,0,3.75
9149,196,PC WEB,10,Tue,13,1,health_food,entertainment,Female,11.25,15
9150,288,MOBILE WEB,20,Mon,20,0,electronics,drama,Female,3.75,7.5
9151,93,MOBILE APP,20,Wed,1,0,government,entertainment,Female,3.75,7.5
9152,80,MOBILE WEB,30,Tue,23,0,food,entertainment,Male,3.75,7.5
9153,118,MOBILE WEB,30,Sat,7,0,corporation,sports,Male,3.75,7.5
9154,237,MOBILE WEB,30,Sat,16,1,drink,sports,Female,11.25,15
9155,132,MOBILE WEB,40,Sat,23,0,food,entertainment,Female,7.5,11.25
9156,119,MOBILE WEB,30,Fri,18,0,corporation,sports,Male,3.75,7.5
9157,202,MOBILE WEB,30,Sun,17,1,food,entertainment,Female,11.25,15
9158,102,MOBILE WEB,40,Tue,16,0,drink,sports,Male,3.75,7.5
9159,117,MOBILE WEB,40,Thu,0,1,drink,sports,Male,11.25,15
9160,153,MOBILE WEB,30,Mon,2,0,movie,entertainment,Female,3.75,7.5
9161,180,MOBILE WEB,10,Wed,0,0,woman,entertainment,Male,3.75,7.5
9162,787,MOBILE WEB,30,Mon,21,0,drink,sports,Male,3.75,7.5
9163,72,MOBILE WEB,50,Wed,12,0,corporation,sports,Male,7.5,11.25
9164,125,MOBILE WEB,20,Mon,1,0,health_food,entertainment,Female,3.75,7.5
9165,213,MOBILE WEB,40,Wed,20,0,drink,sports,Male,3.75,7.5
9166,213,PC WEB,20,Sun,17,0,health_food,music,Male,3.75,7.5
9167,215,PC WEB,60,Thu,14,1,pet,entertainment,Female,11.25,15
9168,184,MOBILE WEB,20,Thu,16,1,woman,entertainment,Male,11.25,15
9169,213,MOBILE WEB,20,Sat,23,1,drink,music,Female,11.25,15
9170,213,MOBILE WEB,60,Wed,10,0,corporation,sports,Female,7.5,11.25
9171,68,MOBILE WEB,10,Mon,22,0,food,drama,Female,3.75,7.5
9172,234,MOBILE WEB,20,Tue,10,0,education,entertainment,Female,11.25,15
9173,180,PC WEB,50,Mon,13,0,food,entertainment,Male,3.75,7.5
9174,165,MOBILE WEB,20,Sat,22,0,food,entertainment,Female,3.75,7.5
9175,188,MOBILE WEB,20,Sun,9,1,medicine,drama,Female,11.25,15
9176,205,MOBILE WEB,40,Tue,16,0,health_food,entertainment,Female,3.75,7.5
9177,182,MOBILE WEB,40,Thu,8,0,government,entertainment,Male,3.75,7.5
9178,61,MOBILE WEB,20,Fri,12,0,drink,sports,Male,3.75,7.5
9179,104,MOBILE WEB,50,Sun,18,0,corporation,sports,Male,3.75,7.5
9180,132,MOBILE WEB,30,Fri,20,0,health_food,entertainment,Female,7.5,11.25
9181,154,MOBILE WEB,30,Fri,1,1,pet,music,Female,11.25,15
9182,103,MOBILE WEB,30,Thu,19,0,food,drama,Female,3.75,7.5
9183,77,MOBILE WEB,40,Sat,16,0,corporation,sports,Male,3.75,7.5
9184,80,MOBILE WEB,30,Fri,10,0,corporation,sports,Male,3.75,7.5
9185,64,MOBILE WEB,40,Tue,12,0,drink,sports,Male,3.75,7.5
9186,109,PC WEB,40,Fri,14,0,drink,sports,Male,3.75,7.5
9187,132,MOBILE WEB,50,Mon,21,0,drink,drama,Female,3.75,7.5
9188,193,MOBILE WEB,40,Tue,0,0,food,entertainment,Male,3.75,7.5
9189,153,MOBILE WEB,20,Mon,10,0,food,entertainment,Female,3.75,7.5
9190,72,MOBILE WEB,50,Wed,14,0,corporation,sports,Male,3.75,7.5
9191,170,MOBILE WEB,40,Mon,8,0,health_food,drama,Female,3.75,7.5
9192,67,MOBILE WEB,40,Tue,15,1,drink,sports,Male,11.25,15
9193,685,MOBILE WEB,40,Sun,15,0,corporation,sports,Male,3.75,7.5
9194,211,MOBILE WEB,40,Wed,12,0,drink,entertainment,Female,3.75,7.5
9195,96,MOBILE WEB,50,Thu,13,1,drink,sports,Male,11.25,15
9196,237,MOBILE WEB,40,Sat,16,0,corporation,sports,Male,7.5,11.25
9197,118,MOBILE WEB,40,Fri,16,0,education,drama,Male,3.75,7.5
9198,157,MOBILE WEB,40,Fri,1,0,food,drama,Female,3.75,7.5
9199,167,PC WEB,50,Sat,9,0,drink,entertainment,Female,11.25,15
9200,79,PC WEB,50,Mon,16,1,drink,sports,Male,11.25,15
9201,69,MOBILE WEB,50,Thu,9,0,corporation,sports,Male,0,3.75
9202,67,PC WEB,40,Thu,15,0,drink,sports,Male,0,3.75
9203,101,PC WEB,50,Thu,10,1,drink,sports,Male,11.25,15
9204,188,MOBILE WEB,20,Sun,21,0,health_food,entertainment,Female,3.75,7.5
9205,177,MOBILE WEB,50,Sun,6,1,movie,entertainment,Male,11.25,15
9206,129,MOBILE WEB,40,Tue,19,1,drink,sports,Male,11.25,15
9207,220,MOBILE WEB,40,Tue,17,0,education,drama,Female,3.75,7.5
9208,64,MOBILE WEB,50,Mon,14,0,finance,sports,Male,3.75,7.5
9209,69,PC WEB,40,Mon,14,0,finance,sports,Male,3.75,7.5
9210,111,MOBILE WEB,40,Sun,9,0,health_food,drama,Female,3.75,7.5
9211,131,MOBILE WEB,50,Thu,8,0,electronics,entertainment,Female,0,3.75
9212,213,MOBILE WEB,30,Wed,12,0,drink,sports,Male,3.75,7.5
9213,164,MOBILE WEB,20,Sun,13,0,education,entertainment,Male,3.75,7.5
9214,458,MOBILE WEB,30,Sat,21,1,food,drama,Female,11.25,15
9215,129,MOBILE WEB,30,Thu,23,0,drink,drama,Female,7.5,11.25
9216,104,MOBILE WEB,40,Sat,14,0,drink,sports,Male,3.75,7.5
9217,72,MOBILE WEB,40,Wed,14,0,corporation,sports,Male,3.75,7.5
9218,133,MOBILE WEB,20,Wed,14,0,drink,sports,Male,3.75,7.5
9219,164,MOBILE WEB,40,Sat,14,0,corporation,sports,Male,0,3.75
9220,155,MOBILE WEB,20,Mon,19,0,food,entertainment,Female,0,3.75
9221,141,MOBILE WEB,30,Sun,13,1,food,drama,Female,11.25,15
9222,347,MOBILE WEB,20,Sat,16,1,drink,sports,Male,11.25,15
9223,74,MOBILE WEB,20,Fri,17,1,drink,sports,Male,11.25,15
9224,129,MOBILE WEB,20,Sun,8,0,movie,drama,Female,0,3.75
9225,200,MOBILE WEB,30,Tue,18,0,drink,current_affairs,Female,3.75,7.5
9226,118,MOBILE WEB,20,Fri,19,0,drink,sports,Male,0,3.75
9227,152,MOBILE WEB,30,Sat,13,0,food,sports,Male,7.5,11.25
9228,786,MOBILE WEB,30,Sat,18,1,drink,sports,Female,11.25,15
9229,235,PC WEB,40,Fri,19,0,government,music,Female,11.25,15
9230,87,MOBILE WEB,40,Sun,7,0,corporation,sports,Male,7.5,11.25
9231,70,MOBILE WEB,30,Sun,22,1,drink,sports,Male,11.25,15
9232,203,PC WEB,20,Thu,13,1,food,entertainment,Female,11.25,15
9233,119,PC WEB,30,Sun,11,0,health_food,entertainment,Male,7.5,11.25
9234,161,MOBILE WEB,50,Fri,21,0,electronics,drama,Female,3.75,7.5
9235,685,MOBILE WEB,40,Sun,15,1,drink,sports,Male,11.25,15
9236,79,MOBILE WEB,10,Sat,13,0,drink,sports,Male,3.75,7.5
9237,60,MOBILE WEB,30,Sat,13,1,drink,sports,Male,11.25,15
9238,79,MOBILE WEB,10,Sat,23,0,drink,entertainment,Male,3.75,7.5
9239,627,MOBILE APP,40,Sat,17,1,drink,sports,Male,11.25,15
9240,100,PC WEB,30,Tue,18,0,corporation,sports,Male,3.75,7.5
9241,115,MOBILE WEB,40,Wed,12,0,drink,sports,Male,3.75,7.5
9242,64,MOBILE WEB,30,Mon,11,0,corporation,sports,Male,3.75,7.5
9243,238,MOBILE WEB,40,Fri,9,0,drink,drama,Male,11.25,15
9244,106,MOBILE APP,20,Mon,22,0,drink,drama,Female,0,3.75
9245,216,MOBILE WEB,40,Sun,0,0,food,drama,Female,3.75,7.5
9246,235,MOBILE WEB,20,Sat,9,0,food,entertainment,Female,3.75,7.5
9247,144,MOBILE APP,10,Sat,20,0,medicine,entertainment,Male,3.75,7.5
9248,171,MOBILE WEB,50,Sat,23,0,electronics,entertainment,Female,3.75,7.5
9249,172,MOBILE WEB,30,Sun,2,0,electronics,drama,Female,3.75,7.5
9250,287,MOBILE WEB,30,Tue,11,0,drink,entertainment,Female,3.75,7.5
9251,164,MOBILE WEB,20,Fri,11,0,health_food,sports,Male,7.5,11.25
9252,347,PC WEB,30,Sat,17,1,drink,sports,Male,11.25,15
9253,100,MOBILE WEB,30,Sat,16,1,drink,sports,Male,11.25,15
9254,136,MOBILE WEB,30,Fri,9,0,woman,entertainment,Female,7.5,11.25
9255,184,MOBILE WEB,30,Thu,18,0,health_food,drama,Female,7.5,11.25
9256,74,MOBILE WEB,20,Fri,14,0,corporation,sports,Male,3.75,7.5
9257,68,MOBILE WEB,40,Wed,12,0,corporation,sports,Male,3.75,7.5
9258,83,MOBILE WEB,30,Sun,15,0,education,entertainment,Female,3.75,7.5
9259,153,MOBILE WEB,30,Fri,9,0,health_food,entertainment,Female,3.75,7.5
9260,68,MOBILE WEB,30,Fri,13,0,drink,sports,Male,3.75,7.5
9261,141,MOBILE WEB,30,Mon,18,0,drink,entertainment,Female,3.75,7.5
9262,222,MOBILE WEB,20,Wed,15,0,education,entertainment,Female,3.75,7.5
9263,174,MOBILE APP,10,Sat,20,0,food,entertainment,Female,3.75,7.5
9264,141,MOBILE WEB,30,Sun,16,0,drink,sports,Male,3.75,7.5
9265,64,MOBILE WEB,40,Sat,23,0,food,sports,Male,3.75,7.5
9266,213,PC WEB,40,Fri,12,1,drink,music,Male,11.25,15
9267,152,MOBILE WEB,10,Mon,23,0,drink,entertainment,Female,3.75,7.5
9268,71,MOBILE WEB,50,Sat,21,1,movie,drama,Female,11.25,15
9269,747,MOBILE WEB,40,Thu,15,0,corporation,sports,Male,3.75,7.5
9270,135,PC WEB,40,Sat,17,1,drink,sports,Male,11.25,15
9271,627,MOBILE WEB,40,Sat,21,0,corporation,sports,Male,3.75,7.5
9272,149,PC WEB,20,Fri,13,0,pet,drama,Female,7.5,11.25
9273,117,PC WEB,30,Mon,10,0,corporation,sports,Male,0,3.75
9274,181,MOBILE WEB,40,Thu,12,0,pet,entertainment,Female,0,3.75
9275,116,PC WEB,50,Thu,9,0,drink,sports,Male,3.75,7.5
9276,196,MOBILE WEB,20,Tue,19,0,pet,entertainment,Female,3.75,7.5
9277,121,MOBILE WEB,40,Sat,12,0,corporation,sports,Male,11.25,15
9278,92,MOBILE WEB,30,Mon,0,0,drink,drama,Female,0,3.75
9279,171,MOBILE WEB,40,Sun,8,1,drink,sports,Male,11.25,15
9280,89,MOBILE WEB,10,Sun,7,0,medicine,entertainment,Female,3.75,7.5
9281,101,MOBILE WEB,50,Mon,9,0,corporation,sports,Male,3.75,7.5
9282,61,MOBILE WEB,50,Fri,12,0,corporation,sports,Male,3.75,7.5
9283,131,MOBILE WEB,20,Tue,0,0,government,drama,Female,3.75,7.5
9284,102,MOBILE WEB,40,Sun,16,0,health_food,music,Female,3.75,7.5
9285,112,MOBILE WEB,30,Sat,15,0,corporation,sports,Male,3.75,7.5
9286,118,MOBILE WEB,40,Wed,9,0,movie,sports,Male,3.75,7.5
9287,66,MOBILE WEB,50,Wed,13,0,drink,sports,Male,0,3.75
9288,108,MOBILE WEB,20,Mon,7,1,education,drama,Female,11.25,15
9289,181,MOBILE WEB,40,Mon,6,0,food,entertainment,Male,7.5,11.25
9290,168,MOBILE WEB,40,Sun,20,0,food,entertainment,Female,0,3.75
9291,193,MOBILE WEB,40,Mon,7,0,movie,entertainment,Female,3.75,7.5
9292,164,MOBILE WEB,50,Tue,7,0,government,drama,Male,11.25,15
9293,106,MOBILE WEB,10,Sun,13,0,food,entertainment,Female,3.75,7.5
9294,102,MOBILE WEB,20,Thu,22,0,education,drama,Female,3.75,7.5
9295,79,MOBILE APP,10,Fri,5,0,government,drama,Female,3.75,7.5
9296,136,MOBILE WEB,40,Wed,12,0,medicine,drama,Female,3.75,7.5
9297,79,MOBILE WEB,50,Thu,23,0,education,drama,Male,7.5,11.25
9298,116,MOBILE WEB,30,Mon,20,1,drink,sports,Male,11.25,15
9299,265,MOBILE APP,10,Mon,23,0,food,entertainment,Female,7.5,11.25
9300,67,MOBILE WEB,30,Tue,13,0,corporation,sports,Male,3.75,7.5
9301,64,PC WEB,30,Mon,11,0,drink,sports,Male,3.75,7.5
9302,65,MOBILE WEB,50,Tue,12,0,drink,sports,Male,7.5,11.25
9303,64,MOBILE WEB,50,Sun,17,1,corporation,sports,Male,11.25,15
9304,81,MOBILE WEB,30,Thu,20,0,food,drama,Female,3.75,7.5
9305,205,MOBILE WEB,40,Sat,14,0,drink,sports,Male,0,3.75
9306,81,MOBILE WEB,20,Sat,17,0,health_food,entertainment,Female,7.5,11.25
9307,154,MOBILE WEB,40,Fri,22,0,movie,entertainment,Female,3.75,7.5
9308,617,PC WEB,40,Sun,17,1,drink,sports,Male,11.25,15
9309,74,MOBILE WEB,40,Fri,17,1,drink,sports,Male,11.25,15
9310,95,PC WEB,30,Mon,17,1,drink,sports,Male,11.25,15
9311,65,MOBILE WEB,20,Tue,14,0,corporation,sports,Male,7.5,11.25
9312,254,MOBILE WEB,40,Mon,0,0,medicine,drama,Female,3.75,7.5
9313,205,PC WEB,20,Sat,16,1,drink,sports,Male,11.25,15
9314,87,MOBILE WEB,30,Mon,10,0,education,drama,Male,3.75,7.5
9315,173,PC WEB,30,Mon,11,0,food,drama,Female,3.75,7.5
9316,209,MOBILE WEB,40,Sat,9,0,government,entertainment,Male,7.5,11.25
9317,128,MOBILE WEB,50,Mon,23,0,drink,drama,Female,7.5,11.25
9318,96,MOBILE WEB,30,Fri,17,1,medicine,drama,Female,11.25,15
9319,69,MOBILE WEB,50,Thu,8,0,drink,sports,Male,0,3.75
9320,132,MOBILE WEB,40,Mon,23,0,government,drama,Female,11.25,15
9321,138,MOBILE WEB,40,Sun,13,0,government,drama,Female,3.75,7.5
9322,64,MOBILE WEB,50,Tue,13,0,corporation,sports,Male,3.75,7.5
9323,316,MOBILE WEB,10,Thu,16,0,food,entertainment,Female,3.75,7.5
9324,237,MOBILE WEB,30,Thu,20,0,education,music,Male,3.75,7.5
9325,207,MOBILE WEB,40,Fri,8,0,medicine,drama,Female,3.75,7.5
9326,123,MOBILE WEB,30,Mon,14,0,health_food,entertainment,Female,3.75,7.5
9327,186,PC WEB,20,Sat,0,0,food,entertainment,Male,3.75,7.5
9328,97,MOBILE WEB,30,Tue,11,0,corporation,sports,Male,3.75,7.5
9329,263,MOBILE WEB,30,Sun,23,0,food,entertainment,Female,3.75,7.5
9330,158,MOBILE WEB,30,Wed,15,1,electronics,entertainment,Female,11.25,15
9331,206,MOBILE WEB,60,Sat,16,0,corporation,sports,Male,0,3.75
9332,84,MOBILE WEB,30,Thu,13,0,corporation,sports,Male,3.75,7.5
9333,157,MOBILE WEB,40,Thu,6,0,drink,entertainment,Male,3.75,7.5
9334,688,PC WEB,40,Mon,13,0,drink,sports,Male,0,3.75
9335,198,MOBILE WEB,20,Tue,10,0,movie,entertainment,Female,3.75,7.5
9336,176,MOBILE WEB,30,Sun,0,0,health_food,drama,Female,0,3.75
9337,143,MOBILE WEB,40,Fri,11,0,health_food,drama,Female,0,3.75
9338,227,MOBILE WEB,50,Sun,17,1,health_food,entertainment,Female,11.25,15
9339,141,MOBILE WEB,40,Sat,17,0,food,sports,Male,3.75,7.5
9340,126,MOBILE WEB,30,Tue,11,0,drink,sports,Male,3.75,7.5
9341,88,MOBILE WEB,40,Sat,12,0,corporation,sports,Male,3.75,7.5
9342,144,MOBILE WEB,40,Sat,7,0,food,entertainment,Male,3.75,7.5
9343,127,MOBILE WEB,20,Sat,14,0,medicine,entertainment,Female,11.25,15
9344,206,MOBILE WEB,20,Mon,7,0,government,entertainment,Male,3.75,7.5
9345,122,MOBILE WEB,10,Tue,12,0,food,drama,Male,0,3.75
9346,178,MOBILE WEB,40,Mon,22,0,food,entertainment,Female,3.75,7.5
9347,231,MOBILE WEB,10,Fri,21,0,government,drama,Female,3.75,7.5
9348,186,MOBILE WEB,60,Tue,10,0,drink,entertainment,Male,3.75,7.5
9349,180,MOBILE WEB,50,Mon,21,0,health_food,entertainment,Female,7.5,11.25
9350,178,MOBILE WEB,20,Sat,11,0,food,entertainment,Female,3.75,7.5
9351,726,MOBILE WEB,30,Sat,12,0,drink,sports,Male,3.75,7.5
9352,152,MOBILE WEB,20,Tue,13,1,food,entertainment,Female,11.25,15
9353,94,MOBILE WEB,20,Tue,11,0,corporation,sports,Male,3.75,7.5
9354,118,MOBILE WEB,40,Fri,21,0,corporation,sports,Male,3.75,7.5
9355,194,MOBILE WEB,60,Mon,1,0,movie,entertainment,Female,11.25,15
9356,292,MOBILE WEB,30,Sat,4,0,government,entertainment,Male,3.75,7.5
9357,168,MOBILE WEB,20,Wed,8,0,movie,drama,Female,3.75,7.5
9358,761,PC WEB,30,Fri,11,0,corporation,sports,Female,3.75,7.5
9359,229,MOBILE WEB,40,Thu,1,1,food,drama,Female,11.25,15
9360,177,MOBILE WEB,60,Thu,7,0,corporation,sports,Female,3.75,7.5
9361,194,MOBILE WEB,10,Mon,1,0,electronics,entertainment,Female,3.75,7.5
9362,163,MOBILE WEB,30,Sat,19,0,food,entertainment,Female,3.75,7.5
9363,101,MOBILE WEB,30,Tue,22,0,food,entertainment,Female,7.5,11.25
9364,213,MOBILE WEB,30,Fri,19,0,health_food,music,Male,3.75,7.5
9365,134,MOBILE WEB,30,Tue,23,0,government,drama,Female,3.75,7.5
9366,67,MOBILE WEB,30,Sun,11,0,drink,sports,Male,3.75,7.5
9367,74,MOBILE WEB,40,Fri,19,0,corporation,sports,Male,3.75,7.5
9368,82,MOBILE WEB,40,Mon,8,0,food,entertainment,Female,7.5,11.25
9369,99,MOBILE WEB,20,Wed,11,0,government,entertainment,Male,3.75,7.5
9370,67,MOBILE WEB,40,Sun,10,0,corporation,sports,Male,7.5,11.25
9371,291,MOBILE WEB,40,Thu,11,0,health_food,drama,Female,3.75,7.5
9372,66,MOBILE WEB,30,Sun,18,1,corporation,sports,Male,11.25,15
9373,165,MOBILE WEB,50,Mon,12,0,electronics,entertainment,Female,7.5,11.25
9374,175,MOBILE WEB,30,Fri,0,0,medicine,drama,Female,3.75,7.5
9375,97,MOBILE WEB,20,Tue,13,0,drink,sports,Male,0,3.75
9376,168,MOBILE WEB,50,Fri,21,0,food,entertainment,Male,0,3.75
9377,192,MOBILE WEB,20,Fri,21,0,electronics,music,Female,3.75,7.5
9378,188,MOBILE WEB,40,Mon,8,0,health_food,entertainment,Female,0,3.75
9379,419,MOBILE WEB,30,Tue,15,0,corporation,sports,Male,7.5,11.25
9380,133,MOBILE WEB,40,Fri,18,0,food,entertainment,Female,3.75,7.5
9381,84,MOBILE WEB,40,Wed,14,0,corporation,sports,Male,7.5,11.25
9382,77,MOBILE WEB,30,Thu,7,0,government,drama,Male,0,3.75
9383,78,MOBILE WEB,20,Fri,18,0,woman,entertainment,Female,3.75,7.5
9384,152,MOBILE APP,10,Mon,21,0,drink,entertainment,Female,3.75,7.5
9385,236,MOBILE WEB,40,Fri,14,0,medicine,entertainment,Female,3.75,7.5
9386,168,MOBILE WEB,10,Wed,1,0,food,entertainment,Female,3.75,7.5
9387,72,MOBILE WEB,10,Thu,0,0,health_food,entertainment,Female,3.75,7.5
9388,99,MOBILE WEB,40,Wed,0,1,government,current_affairs,Male,11.25,15
9389,97,PC WEB,40,Tue,12,0,corporation,sports,Male,3.75,7.5
9390,184,MOBILE WEB,50,Mon,13,0,government,entertainment,Female,7.5,11.25
9391,97,PC WEB,30,Sat,14,1,health_food,drama,Male,11.25,15
9392,516,MOBILE WEB,20,Mon,2,0,movie,drama,Female,3.75,7.5
9393,93,MOBILE WEB,40,Thu,18,0,drink,sports,Male,3.75,7.5
9394,640,MOBILE WEB,50,Sun,20,1,corporation,sports,Male,11.25,15
9395,142,MOBILE WEB,20,Fri,1,1,movie,drama,Female,11.25,15
9396,121,MOBILE WEB,30,Sun,13,1,drink,sports,Male,11.25,15
9397,204,MOBILE WEB,20,Sun,8,0,health_food,entertainment,Female,7.5,11.25
9398,71,MOBILE WEB,30,Tue,10,0,drink,sports,Male,3.75,7.5
9399,205,MOBILE WEB,40,Sat,14,1,drink,sports,Male,11.25,15
9400,171,MOBILE WEB,30,Sun,9,0,medicine,drama,Female,3.75,7.5
9401,196,MOBILE WEB,60,Tue,10,0,food,entertainment,Female,7.5,11.25
9402,79,PC WEB,50,Mon,16,0,drink,sports,Male,3.75,7.5
9403,87,MOBILE WEB,40,Sun,7,0,medicine,drama,Female,11.25,15
9404,787,MOBILE WEB,40,Mon,19,0,drink,sports,Female,11.25,15
9405,61,MOBILE WEB,30,Sun,14,0,corporation,sports,Male,3.75,7.5
9406,202,MOBILE WEB,30,Sat,8,0,education,entertainment,Female,3.75,7.5
9407,61,MOBILE WEB,30,Wed,21,1,drink,sports,Male,11.25,15
9408,100,MOBILE WEB,40,Tue,12,0,corporation,sports,Male,3.75,7.5
9409,202,MOBILE WEB,10,Tue,19,0,drink,entertainment,Female,3.75,7.5
9410,152,MOBILE WEB,20,Wed,19,0,drink,entertainment,Female,3.75,7.5
9411,114,MOBILE WEB,40,Wed,23,0,corporation,entertainment,Female,3.75,7.5
9412,190,MOBILE WEB,40,Sun,23,0,government,entertainment,Female,3.75,7.5
9413,234,MOBILE WEB,20,Sun,19,0,government,entertainment,Male,0,3.75
9414,147,MOBILE WEB,30,Mon,4,1,food,entertainment,Female,11.25,15
9415,64,MOBILE WEB,30,Fri,9,0,drink,sports,Male,3.75,7.5
9416,162,MOBILE WEB,30,Tue,11,0,government,drama,Female,3.75,7.5
9417,206,MOBILE WEB,30,Mon,13,0,food,sports,Male,3.75,7.5
9418,129,MOBILE WEB,20,Sun,12,0,education,entertainment,Male,3.75,7.5
9419,99,MOBILE WEB,50,Thu,13,0,drink,sports,Male,3.75,7.5
9420,242,MOBILE WEB,30,Fri,10,0,food,entertainment,Female,0,3.75
9421,65,MOBILE WEB,30,Sat,16,1,drink,sports,Male,11.25,15
9422,130,MOBILE WEB,30,Mon,18,0,drink,drama,Female,7.5,11.25
9423,172,MOBILE WEB,40,Thu,14,0,food,entertainment,Male,3.75,7.5
9424,141,MOBILE WEB,10,Wed,21,0,drink,entertainment,Female,3.75,7.5
9425,141,MOBILE WEB,10,Mon,20,1,food,drama,Male,11.25,15
9426,173,MOBILE WEB,20,Wed,20,0,movie,entertainment,Female,3.75,7.5
9427,163,MOBILE WEB,20,Mon,21,1,drink,entertainment,Female,11.25,15
9428,83,MOBILE WEB,30,Mon,15,0,man,sports,Male,3.75,7.5
9429,61,MOBILE WEB,30,Thu,6,1,drink,sports,Male,11.25,15
9430,126,MOBILE WEB,20,Sat,15,1,food,sports,Male,11.25,15
9431,213,MOBILE WEB,50,Wed,19,0,drink,sports,Male,3.75,7.5
9432,202,MOBILE WEB,40,Wed,15,0,electronics,entertainment,Female,7.5,11.25
9433,197,MOBILE WEB,40,Mon,9,0,health_food,entertainment,Female,3.75,7.5
9434,198,MOBILE WEB,30,Sun,10,0,government,entertainment,Male,0,3.75
9435,116,MOBILE WEB,50,Thu,8,0,drink,sports,Male,3.75,7.5
9436,66,MOBILE WEB,30,Sun,16,0,drink,sports,Male,7.5,11.25
9437,101,MOBILE WEB,30,Sat,13,1,drink,sports,Male,11.25,15
9438,237,MOBILE WEB,20,Thu,21,0,education,music,Female,0,3.75
9439,122,MOBILE WEB,40,Mon,9,1,food,drama,Female,11.25,15
9440,183,MOBILE WEB,40,Mon,17,0,pet,entertainment,Female,3.75,7.5
9441,97,MOBILE WEB,40,Wed,12,0,drink,sports,Male,3.75,7.5
9442,63,MOBILE WEB,20,Sat,20,1,food,entertainment,Female,11.25,15
9443,126,MOBILE WEB,40,Sat,15,0,drink,sports,Male,3.75,7.5
9444,61,MOBILE WEB,30,Sun,11,1,drink,sports,Male,11.25,15
9445,199,MOBILE WEB,30,Tue,15,1,drink,entertainment,Female,11.25,15
9446,116,MOBILE WEB,40,Thu,18,0,drink,sports,Male,3.75,7.5
9447,212,MOBILE WEB,10,Thu,21,0,health_food,sports,Male,3.75,7.5
9448,162,MOBILE WEB,30,Mon,16,0,health_food,entertainment,Female,11.25,15
9449,152,MOBILE WEB,30,Sat,10,1,drink,sports,Male,11.25,15
9450,118,MOBILE WEB,30,Fri,20,0,corporation,sports,Male,3.75,7.5
9451,223,MOBILE WEB,30,Sat,23,0,health_food,music,Female,3.75,7.5
9452,63,MOBILE WEB,60,Mon,9,1,corporation,sports,Male,11.25,15
9453,205,MOBILE WEB,30,Sat,17,1,drink,sports,Male,11.25,15
9454,173,MOBILE WEB,60,Wed,12,0,movie,entertainment,Female,3.75,7.5
9455,127,MOBILE WEB,10,Wed,23,0,food,music,Male,7.5,11.25
9456,159,PC WEB,40,Thu,14,0,health_food,drama,Male,3.75,7.5
9457,101,MOBILE WEB,50,Mon,9,0,corporation,sports,Male,7.5,11.25
9458,121,MOBILE WEB,40,Mon,23,0,woman,entertainment,Female,3.75,7.5
9459,199,PC WEB,20,Tue,17,0,drink,entertainment,Female,0,3.75
9460,171,MOBILE WEB,50,Fri,9,0,government,entertainment,Male,0,3.75
9461,64,MOBILE WEB,30,Thu,6,0,drink,sports,Male,3.75,7.5
9462,270,MOBILE WEB,50,Fri,17,0,drink,entertainment,Female,7.5,11.25
9463,86,MOBILE WEB,40,Mon,10,0,health_food,entertainment,Male,0,3.75
9464,116,MOBILE WEB,50,Wed,16,1,drink,sports,Male,11.25,15
9465,94,MOBILE WEB,20,Thu,23,0,government,drama,Female,3.75,7.5
9466,152,MOBILE WEB,30,Sat,15,0,drink,sports,Male,0,3.75
9467,237,MOBILE WEB,40,Sat,16,1,drink,sports,Male,11.25,15
9468,130,PC WEB,50,Tue,17,0,drink,sports,Male,0,3.75
9469,152,MOBILE WEB,40,Thu,20,0,drink,entertainment,Female,3.75,7.5
9470,177,PC WEB,30,Mon,9,0,food,drama,Female,0,3.75
9471,306,MOBILE WEB,60,Sat,1,0,health_food,entertainment,Female,3.75,7.5
9472,110,MOBILE WEB,40,Wed,16,1,corporation,sports,Male,11.25,15
9473,519,PC WEB,50,Mon,9,1,corporation,sports,Male,11.25,15
9474,241,MOBILE WEB,20,Sat,6,0,medicine,entertainment,Female,3.75,7.5
9475,158,MOBILE APP,20,Thu,21,0,health_food,entertainment,Female,3.75,7.5
9476,66,MOBILE WEB,50,Sun,16,0,drink,sports,Male,3.75,7.5
9477,116,PC WEB,40,Tue,0,0,woman,drama,Female,11.25,15
9478,147,MOBILE WEB,50,Sat,13,0,drink,sports,Male,3.75,7.5
9479,180,MOBILE WEB,20,Sun,9,0,food,sports,Male,3.75,7.5
9480,179,MOBILE WEB,40,Tue,23,0,health_food,entertainment,Male,3.75,7.5
9481,198,MOBILE WEB,10,Fri,21,0,drink,sports,Male,0,3.75
9482,182,MOBILE APP,20,Fri,22,0,food,music,Female,3.75,7.5
9483,109,MOBILE WEB,40,Fri,13,0,corporation,sports,Male,3.75,7.5
9484,225,MOBILE WEB,40,Wed,9,0,drink,drama,Female,3.75,7.5
9485,193,MOBILE WEB,40,Mon,8,0,movie,entertainment,Female,3.75,7.5
9486,104,MOBILE WEB,30,Sun,8,0,drink,entertainment,Female,11.25,15
9487,114,MOBILE WEB,20,Sat,2,0,drink,entertainment,Female,3.75,7.5
9488,233,MOBILE WEB,10,Thu,22,0,drink,music,Female,3.75,7.5
9489,193,MOBILE WEB,50,Sun,19,0,food,entertainment,Female,3.75,7.5
9490,180,MOBILE WEB,40,Tue,12,0,drink,drama,Male,3.75,7.5
9491,88,MOBILE WEB,20,Sat,14,0,drink,sports,Male,3.75,7.5
9492,104,MOBILE WEB,30,Sat,6,0,corporation,entertainment,Male,3.75,7.5
9493,166,PC WEB,10,Tue,15,0,food,entertainment,Male,3.75,7.5
9494,170,MOBILE WEB,20,Thu,22,0,government,entertainment,Male,3.75,7.5
9495,64,MOBILE WEB,50,Tue,21,0,corporation,sports,Male,3.75,7.5
9496,178,MOBILE WEB,20,Thu,18,0,movie,entertainment,Female,3.75,7.5
9497,228,MOBILE WEB,10,Sun,12,0,electronics,entertainment,Female,3.75,7.5
9498,197,MOBILE WEB,20,Thu,21,0,food,entertainment,Female,7.5,11.25
9499,66,PC WEB,40,Sat,6,1,drink,sports,Male,11.25,15
9500,102,MOBILE WEB,20,Fri,6,0,drink,drama,Female,3.75,7.5
9501,172,MOBILE WEB,60,Wed,13,0,movie,entertainment,Female,0,3.75
9502,144,MOBILE WEB,40,Wed,18,0,health_food,entertainment,Male,0,3.75
9503,88,MOBILE WEB,20,Sat,12,0,drink,sports,Male,7.5,11.25
9504,313,PC WEB,40,Fri,12,0,drink,sports,Male,11.25,15
9505,64,MOBILE WEB,50,Sat,9,0,corporation,sports,Male,3.75,7.5
9506,118,MOBILE WEB,50,Fri,19,0,corporation,sports,Female,3.75,7.5
9507,185,MOBILE WEB,40,Tue,0,0,government,entertainment,Female,3.75,7.5
9508,71,MOBILE WEB,50,Thu,15,0,corporation,sports,Female,3.75,7.5
9509,67,MOBILE WEB,40,Tue,15,1,drink,sports,Male,11.25,15
9510,157,MOBILE WEB,30,Tue,20,0,health_food,drama,Female,3.75,7.5
9511,85,MOBILE WEB,30,Fri,17,0,drink,sports,Male,3.75,7.5
9512,367,MOBILE WEB,20,Mon,20,0,drink,sports,Male,7.5,11.25
9513,115,MOBILE WEB,40,Mon,21,0,drink,sports,Male,3.75,7.5
9514,140,MOBILE WEB,40,Wed,14,0,electronics,entertainment,Female,3.75,7.5
9515,150,MOBILE WEB,30,Fri,9,1,electronics,entertainment,Male,11.25,15
9516,171,MOBILE WEB,60,Sat,14,1,drink,sports,Male,11.25,15
9517,151,MOBILE WEB,40,Sat,9,0,education,entertainment,Female,3.75,7.5
9518,211,MOBILE WEB,20,Thu,23,0,food,entertainment,Female,3.75,7.5
9519,140,MOBILE WEB,40,Sun,19,0,food,entertainment,Male,3.75,7.5
9520,65,MOBILE WEB,40,Sun,21,0,education,drama,Female,0,3.75
9521,72,MOBILE WEB,50,Mon,9,0,corporation,sports,Male,3.75,7.5
9522,135,MOBILE WEB,30,Sun,11,0,food,entertainment,Female,3.75,7.5
9523,101,MOBILE WEB,30,Fri,1,0,education,drama,Female,3.75,7.5
9524,241,MOBILE APP,10,Wed,1,0,government,entertainment,Male,3.75,7.5
9525,71,MOBILE WEB,40,Thu,18,0,drink,sports,Male,3.75,7.5
9526,175,PC WEB,50,Fri,14,0,health_food,drama,Female,11.25,15
9527,224,MOBILE WEB,20,Fri,21,0,food,drama,Female,7.5,11.25
9528,156,MOBILE WEB,20,Tue,23,0,electronics,drama,Female,3.75,7.5
9529,66,MOBILE WEB,30,Sun,16,0,drink,sports,Male,3.75,7.5
9530,160,MOBILE WEB,40,Sun,2,0,drink,entertainment,Male,3.75,7.5
9531,182,MOBILE WEB,20,Sun,13,0,food,entertainment,Female,3.75,7.5
9532,796,PC WEB,40,Wed,14,0,drink,sports,Male,3.75,7.5
9533,140,MOBILE WEB,40,Wed,7,0,health_food,drama,Female,3.75,7.5
9534,113,MOBILE WEB,50,Sun,9,0,food,drama,Female,3.75,7.5
9535,176,PC WEB,20,Sat,22,0,food,music,Female,3.75,7.5
9536,68,MOBILE WEB,50,Thu,23,0,drink,entertainment,Female,3.75,7.5
9537,67,MOBILE WEB,40,Sun,15,0,woman,sports,Male,3.75,7.5
9538,193,MOBILE WEB,60,Sun,21,1,health_food,entertainment,Male,11.25,15
9539,232,MOBILE WEB,30,Sat,8,0,education,entertainment,Female,7.5,11.25
9540,732,MOBILE WEB,30,Thu,8,0,drink,sports,Male,3.75,7.5
9541,111,MOBILE WEB,20,Fri,7,0,government,drama,Female,3.75,7.5
9542,60,MOBILE WEB,30,Sun,11,1,health_food,drama,Female,11.25,15
9543,147,MOBILE WEB,40,Tue,16,0,movie,entertainment,Female,7.5,11.25
9544,86,MOBILE WEB,30,Mon,8,0,health_food,entertainment,Male,0,3.75
9545,685,MOBILE WEB,40,Sun,19,0,corporation,sports,Male,3.75,7.5
9546,101,MOBILE WEB,40,Sat,12,0,drink,sports,Male,3.75,7.5
9547,116,MOBILE WEB,40,Sat,17,1,drink,sports,Male,11.25,15
9548,91,MOBILE WEB,40,Sat,0,0,pet,drama,Male,3.75,7.5
9549,746,PC WEB,40,Fri,11,1,drink,sports,Male,11.25,15
9550,100,MOBILE WEB,30,Sat,22,0,corporation,sports,Male,3.75,7.5
9551,120,MOBILE WEB,20,Thu,9,0,drink,sports,Male,3.75,7.5
9552,61,PC WEB,20,Thu,16,0,corporation,sports,Male,7.5,11.25
9553,217,MOBILE WEB,20,Thu,1,0,drink,drama,Female,3.75,7.5
9554,149,PC WEB,50,Tue,12,0,food,entertainment,Female,3.75,7.5
9555,101,MOBILE WEB,20,Thu,11,0,woman,drama,Female,3.75,7.5
9556,162,MOBILE WEB,30,Sat,18,0,food,entertainment,Female,7.5,11.25
9557,145,MOBILE WEB,20,Tue,20,0,food,entertainment,Female,11.25,15
9558,204,MOBILE WEB,40,Sat,15,0,education,entertainment,Female,3.75,7.5
9559,114,MOBILE WEB,40,Fri,1,0,food,drama,Female,7.5,11.25
9560,159,MOBILE WEB,20,Thu,19,0,health_food,entertainment,Male,3.75,7.5
9561,117,MOBILE WEB,30,Tue,17,0,drink,drama,Female,3.75,7.5
9562,180,MOBILE WEB,30,Wed,11,0,food,entertainment,Female,3.75,7.5
9563,201,MOBILE WEB,20,Tue,0,1,food,entertainment,Female,11.25,15
9564,135,MOBILE WEB,30,Sat,0,0,government,entertainment,Female,3.75,7.5
9565,160,MOBILE WEB,30,Sat,17,0,health_food,entertainment,Female,3.75,7.5
9566,104,MOBILE WEB,40,Tue,22,0,food,drama,Female,3.75,7.5
9567,119,MOBILE WEB,20,Thu,12,0,medicine,entertainment,Female,0,3.75
9568,627,MOBILE WEB,50,Sat,16,1,drink,sports,Male,11.25,15
9569,67,MOBILE WEB,30,Tue,15,0,corporation,sports,Male,3.75,7.5
9570,101,MOBILE WEB,20,Sat,13,0,drink,sports,Male,3.75,7.5
9571,62,MOBILE WEB,30,Mon,20,0,drink,sports,Male,3.75,7.5
9572,142,MOBILE WEB,10,Fri,13,1,health_food,entertainment,Female,11.25,15
9573,206,MOBILE WEB,30,Thu,14,0,drink,sports,Male,11.25,15
9574,121,MOBILE WEB,40,Sun,13,0,drink,sports,Male,0,3.75
9575,113,MOBILE WEB,40,Sun,10,0,food,entertainment,Female,11.25,15
9576,112,MOBILE WEB,40,Sun,18,0,health_food,drama,Female,3.75,7.5
9577,92,MOBILE APP,10,Mon,18,0,drink,drama,Female,7.5,11.25
9578,118,MOBILE WEB,50,Sun,8,0,education,entertainment,Female,3.75,7.5
9579,116,MOBILE WEB,40,Sat,17,0,corporation,sports,Male,7.5,11.25
9580,94,PC WEB,40,Tue,12,1,drink,sports,Male,11.25,15
9581,127,MOBILE WEB,20,Sat,20,0,education,entertainment,Female,3.75,7.5
9582,147,MOBILE WEB,30,Sat,13,1,drink,sports,Male,11.25,15
9583,125,MOBILE WEB,20,Sun,13,0,woman,drama,Male,7.5,11.25
9584,213,MOBILE WEB,20,Wed,10,0,drink,sports,Male,0,3.75
9585,110,MOBILE WEB,30,Wed,18,0,food,sports,Male,3.75,7.5
9586,127,MOBILE WEB,40,Tue,21,1,drink,sports,Male,11.25,15
9587,213,PC WEB,50,Wed,20,0,corporation,sports,Male,11.25,15
9588,163,MOBILE WEB,20,Tue,0,0,drink,entertainment,Female,3.75,7.5
9589,84,MOBILE WEB,40,Sun,6,0,pet,sports,Male,3.75,7.5
9590,787,MOBILE WEB,30,Mon,20,0,drink,sports,Male,3.75,7.5
9591,145,MOBILE WEB,10,Sun,20,0,education,drama,Female,3.75,7.5
9592,206,MOBILE WEB,20,Sat,12,0,drink,sports,Male,7.5,11.25
9593,103,PC WEB,30,Tue,11,0,drink,sports,Male,3.75,7.5
9594,213,PC WEB,20,Fri,12,0,health_food,drama,Female,7.5,11.25
9595,105,MOBILE WEB,30,Sun,15,0,government,drama,Female,3.75,7.5
9596,62,MOBILE WEB,60,Thu,17,0,health_food,sports,Male,0,3.75
9597,205,MOBILE WEB,30,Sat,16,0,corporation,sports,Male,0,3.75
9598,100,MOBILE WEB,20,Fri,21,0,health_food,drama,Male,3.75,7.5
9599,205,MOBILE WEB,30,Sat,16,1,drink,sports,Male,11.25,15
9600,135,MOBILE APP,10,Thu,14,0,government,drama,Female,7.5,11.25
9601,125,MOBILE WEB,10,Sat,19,0,medicine,entertainment,Male,3.75,7.5
9602,108,MOBILE WEB,40,Fri,7,0,food,entertainment,Male,0,3.75
9603,500,PC WEB,40,Fri,12,1,drink,sports,Male,11.25,15
9604,67,MOBILE WEB,40,Sat,12,0,drink,sports,Female,0,3.75
9605,134,PC WEB,30,Mon,14,0,food,entertainment,Female,11.25,15
9606,155,MOBILE WEB,40,Thu,23,1,education,drama,Female,11.25,15
9607,185,MOBILE WEB,20,Fri,18,0,food,entertainment,Male,3.75,7.5
9608,65,MOBILE WEB,20,Tue,14,0,drink,sports,Male,3.75,7.5
9609,106,MOBILE WEB,60,Tue,17,0,movie,current_affairs,Female,3.75,7.5
9610,92,MOBILE WEB,50,Thu,21,0,health_food,drama,Female,3.75,7.5
9611,86,MOBILE WEB,30,Tue,0,0,health_food,entertainment,Male,3.75,7.5
9612,65,MOBILE WEB,50,Sun,14,1,drink,sports,Male,11.25,15
9613,151,MOBILE WEB,20,Sun,23,0,movie,entertainment,Female,0,3.75
9614,182,MOBILE WEB,30,Sat,14,0,corporation,sports,Male,0,3.75
9615,206,MOBILE WEB,20,Sun,14,0,education,drama,Female,3.75,7.5
9616,145,MOBILE WEB,50,Thu,12,0,drink,entertainment,Female,3.75,7.5
9617,256,MOBILE WEB,30,Mon,22,0,health_food,drama,Female,3.75,7.5
9618,308,MOBILE WEB,30,Sun,18,0,drink,sports,Male,3.75,7.5
9619,627,MOBILE WEB,30,Sat,17,1,drink,sports,Female,11.25,15
9620,302,PC WEB,30,Mon,20,0,drink,drama,Female,11.25,15
9621,64,MOBILE WEB,40,Fri,10,0,corporation,sports,Female,7.5,11.25
9622,202,MOBILE WEB,30,Thu,0,0,health_food,entertainment,Female,3.75,7.5
9623,79,MOBILE WEB,30,Mon,7,0,drink,sports,Male,3.75,7.5
9624,118,MOBILE WEB,40,Fri,22,1,corporation,sports,Male,11.25,15
9625,74,MOBILE WEB,40,Fri,15,1,drink,sports,Male,11.25,15
9626,160,MOBILE WEB,40,Fri,1,0,movie,drama,Female,3.75,7.5
9627,140,MOBILE WEB,40,Wed,14,0,pet,entertainment,Female,7.5,11.25
9628,155,MOBILE WEB,10,Wed,16,0,movie,drama,Male,3.75,7.5
9629,241,MOBILE WEB,30,Sat,5,0,food,entertainment,Female,7.5,11.25
9630,206,MOBILE WEB,50,Tue,15,0,drink,entertainment,Female,3.75,7.5
9631,168,MOBILE WEB,40,Mon,22,0,woman,entertainment,Female,3.75,7.5
9632,176,MOBILE WEB,30,Mon,19,0,drink,entertainment,Female,11.25,15
9633,135,MOBILE WEB,30,Sat,0,1,food,entertainment,Female,11.25,15
9634,688,MOBILE WEB,50,Mon,13,0,finance,sports,Male,0,3.75
9635,190,MOBILE WEB,20,Sun,1,0,government,entertainment,Female,3.75,7.5
9636,83,MOBILE WEB,30,Thu,15,0,drink,sports,Female,3.75,7.5
9637,136,MOBILE WEB,40,Fri,22,0,drink,drama,Female,3.75,7.5
9638,159,MOBILE APP,10,Thu,20,0,health_food,entertainment,Female,3.75,7.5
9639,190,MOBILE WEB,20,Sun,20,0,pet,entertainment,Female,3.75,7.5
9640,170,MOBILE WEB,30,Tue,13,1,drink,entertainment,Female,11.25,15
9641,64,MOBILE WEB,40,Tue,15,0,drink,sports,Male,3.75,7.5
9642,135,PC WEB,40,Mon,22,1,food,drama,Male,11.25,15
9643,117,MOBILE WEB,20,Mon,9,0,corporation,sports,Male,0,3.75
9644,147,MOBILE WEB,40,Sun,0,0,health_food,drama,Female,3.75,7.5
9645,84,PC WEB,30,Sat,16,0,drink,sports,Female,3.75,7.5
9646,164,MOBILE WEB,50,Sun,20,0,food,drama,Female,3.75,7.5
9647,220,MOBILE WEB,50,Sun,21,1,drink,current_affairs,Male,11.25,15
9648,69,MOBILE WEB,10,Mon,0,0,food,drama,Female,3.75,7.5
9649,568,MOBILE WEB,40,Sun,14,1,food,entertainment,Male,11.25,15
9650,132,MOBILE WEB,40,Sat,20,0,food,entertainment,Female,3.75,7.5
9651,597,MOBILE WEB,50,Sat,12,1,drink,sports,Male,11.25,15
9652,112,MOBILE WEB,30,Sat,14,1,finance,sports,Male,11.25,15
9653,228,MOBILE WEB,10,Tue,20,0,education,entertainment,Female,11.25,15
9654,119,MOBILE WEB,10,Thu,11,0,education,entertainment,Female,3.75,7.5
9655,138,MOBILE WEB,20,Tue,22,0,electronics,entertainment,Female,3.75,7.5
9656,129,MOBILE WEB,20,Sat,8,0,drink,entertainment,Male,3.75,7.5
9657,637,MOBILE WEB,40,Sat,12,0,drink,sports,Male,3.75,7.5
9658,112,MOBILE WEB,60,Sat,16,1,drink,sports,Male,11.25,15
9659,89,MOBILE WEB,30,Sat,10,0,drink,sports,Male,0,3.75
9660,118,MOBILE WEB,40,Fri,22,0,corporation,sports,Female,0,3.75
9661,180,MOBILE WEB,40,Mon,0,0,food,entertainment,Female,0,3.75
9662,72,MOBILE WEB,20,Wed,20,1,drink,sports,Male,11.25,15
9663,144,MOBILE WEB,60,Sun,20,0,pet,entertainment,Female,3.75,7.5
9664,284,PC WEB,10,Sat,19,1,medicine,entertainment,Male,11.25,15
9665,67,MOBILE WEB,50,Tue,14,0,corporation,sports,Male,3.75,7.5
9666,181,MOBILE APP,10,Thu,21,0,health_food,entertainment,Female,7.5,11.25
9667,206,MOBILE APP,10,Thu,14,0,drink,entertainment,Female,3.75,7.5
9668,237,MOBILE APP,10,Mon,13,0,drink,entertainment,Female,3.75,7.5
9669,121,MOBILE WEB,50,Sun,23,1,drink,sports,Male,11.25,15
9670,88,MOBILE WEB,30,Thu,22,0,medicine,entertainment,Male,3.75,7.5
9671,190,PC WEB,50,Tue,21,1,drink,drama,Female,11.25,15
9672,220,MOBILE WEB,20,Fri,23,0,education,entertainment,Female,3.75,7.5
9673,127,MOBILE WEB,40,Sat,11,0,drink,drama,Female,11.25,15
9674,152,MOBILE WEB,40,Mon,20,0,food,drama,Female,7.5,11.25
9675,99,MOBILE WEB,30,Thu,13,0,corporation,sports,Male,3.75,7.5
9676,237,MOBILE WEB,30,Sat,18,1,drink,sports,Male,11.25,15
9677,136,MOBILE WEB,40,Thu,9,0,medicine,drama,Female,3.75,7.5
9678,205,MOBILE WEB,30,Sat,14,0,drink,sports,Male,0,3.75
9679,109,MOBILE WEB,40,Mon,19,0,health_food,drama,Female,3.75,7.5
9680,154,MOBILE WEB,30,Tue,13,0,movie,entertainment,Female,7.5,11.25
9681,179,PC WEB,40,Wed,10,1,health_food,entertainment,Female,11.25,15
9682,153,MOBILE WEB,40,Mon,8,0,medicine,entertainment,Female,3.75,7.5
9683,142,MOBILE WEB,40,Sun,14,0,food,entertainment,Male,3.75,7.5
9684,141,MOBILE WEB,30,Fri,20,0,health_food,information,Female,7.5,11.25
9685,60,MOBILE WEB,30,Sat,13,1,drink,sports,Male,11.25,15
9686,217,MOBILE WEB,30,Wed,9,0,food,entertainment,Female,3.75,7.5
9687,65,MOBILE WEB,30,Mon,17,0,pet,drama,Female,0,3.75
9688,849,MOBILE WEB,40,Sun,9,0,health_food,sports,Male,3.75,7.5
9689,93,MOBILE WEB,40,Sun,8,1,drink,sports,Male,11.25,15
9690,105,MOBILE WEB,20,Wed,11,0,corporation,sports,Male,3.75,7.5
9691,162,MOBILE WEB,30,Fri,8,0,health_food,entertainment,Female,0,3.75
9692,219,MOBILE WEB,10,Tue,15,0,drink,music,Male,3.75,7.5
9693,153,MOBILE WEB,20,Mon,23,1,government,entertainment,Female,11.25,15
9694,170,PC WEB,60,Sat,20,0,food,entertainment,Male,3.75,7.5
9695,166,MOBILE WEB,30,Wed,0,0,drink,drama,Female,7.5,11.25
9696,99,MOBILE WEB,30,Thu,12,0,drink,sports,Male,3.75,7.5
9697,174,PC WEB,50,Thu,10,0,health_food,entertainment,Male,7.5,11.25
9698,98,MOBILE WEB,20,Sat,12,1,corporation,sports,Male,11.25,15
9699,171,PC WEB,30,Sat,16,0,drink,sports,Male,0,3.75
9700,482,MOBILE WEB,40,Mon,23,0,drink,information,Female,3.75,7.5
9701,191,MOBILE WEB,40,Fri,18,0,health_food,drama,Female,3.75,7.5
9702,120,MOBILE WEB,30,Wed,11,0,corporation,entertainment,Female,7.5,11.25
9703,150,MOBILE WEB,20,Thu,1,0,drink,entertainment,Male,7.5,11.25
9704,184,MOBILE WEB,30,Thu,18,0,health_food,entertainment,Female,7.5,11.25
9705,72,MOBILE WEB,30,Wed,15,1,drink,sports,Male,11.25,15
9706,94,MOBILE WEB,20,Fri,7,0,health_food,drama,Female,11.25,15
9707,105,MOBILE WEB,20,Mon,0,1,education,drama,Female,11.25,15
9708,64,MOBILE WEB,40,Tue,13,0,food,sports,Male,0,3.75
9709,186,PC WEB,50,Thu,11,0,woman,drama,Female,0,3.75
9710,131,MOBILE WEB,40,Sat,8,0,government,entertainment,Female,3.75,7.5
9711,142,MOBILE WEB,50,Fri,9,1,drink,drama,Female,11.25,15
9712,401,MOBILE WEB,40,Sat,21,0,government,drama,Female,3.75,7.5
9713,116,MOBILE WEB,30,Sat,14,1,drink,sports,Male,11.25,15
9714,72,MOBILE WEB,40,Wed,13,0,corporation,sports,Male,3.75,7.5
9715,158,MOBILE WEB,40,Fri,17,0,health_food,entertainment,Female,7.5,11.25
9716,170,MOBILE WEB,30,Sat,22,0,food,entertainment,Male,11.25,15
9717,60,MOBILE WEB,50,Sat,13,0,drink,sports,Male,11.25,15
9718,141,MOBILE WEB,50,Mon,1,0,food,entertainment,Female,3.75,7.5
9719,398,MOBILE WEB,30,Tue,22,0,drink,sports,Male,3.75,7.5
9720,116,PC WEB,50,Thu,8,0,drink,sports,Male,3.75,7.5
9721,128,MOBILE WEB,30,Mon,2,1,health_food,entertainment,Female,11.25,15
9722,85,MOBILE WEB,40,Fri,11,0,drink,sports,Male,0,3.75
9723,175,MOBILE WEB,20,Mon,20,1,medicine,drama,Male,11.25,15
9724,101,MOBILE WEB,30,Sat,14,0,drink,sports,Male,3.75,7.5
9725,130,MOBILE WEB,40,Thu,7,1,drink,drama,Female,11.25,15
9726,199,MOBILE WEB,30,Thu,19,0,education,drama,Female,3.75,7.5
9727,179,MOBILE WEB,20,Thu,19,0,food,entertainment,Female,3.75,7.5
9728,215,MOBILE WEB,30,Fri,9,0,medicine,drama,Female,0,3.75
9729,215,MOBILE WEB,30,Tue,23,0,food,drama,Female,3.75,7.5
9730,81,MOBILE WEB,30,Sat,10,0,drink,sports,Male,3.75,7.5
9731,212,MOBILE WEB,30,Sat,18,0,food,music,Male,3.75,7.5
9732,190,MOBILE WEB,20,Sun,20,0,food,entertainment,Male,11.25,15
9733,118,MOBILE WEB,30,Sat,12,0,movie,drama,Male,11.25,15
9734,159,MOBILE WEB,40,Fri,18,0,food,sports,Female,3.75,7.5
9735,139,MOBILE WEB,30,Sat,0,0,food,drama,Female,7.5,11.25
9736,195,MOBILE WEB,40,Mon,15,0,education,entertainment,Female,3.75,7.5
9737,83,MOBILE WEB,40,Thu,15,0,drink,sports,Male,3.75,7.5
9738,176,MOBILE WEB,20,Sat,14,0,government,entertainment,Female,3.75,7.5
9739,164,MOBILE WEB,30,Thu,0,0,health_food,entertainment,Male,11.25,15
9740,127,MOBILE WEB,40,Sun,9,0,education,drama,Female,3.75,7.5
9741,230,PC WEB,10,Tue,23,1,drink,entertainment,Female,11.25,15
9742,88,MOBILE WEB,40,Sat,14,1,drink,sports,Male,11.25,15
9743,80,MOBILE WEB,30,Wed,8,0,health_food,entertainment,Female,3.75,7.5
9744,62,PC WEB,40,Tue,12,0,medicine,drama,Male,7.5,11.25
9745,65,MOBILE WEB,30,Tue,16,0,health_food,sports,Male,3.75,7.5
9746,116,MOBILE WEB,40,Sat,14,1,drink,sports,Female,11.25,15
9747,228,MOBILE WEB,10,Fri,7,1,education,entertainment,Female,11.25,15
9748,66,MOBILE WEB,50,Sun,17,0,drink,sports,Male,3.75,7.5
9749,265,MOBILE WEB,10,Wed,8,0,medicine,entertainment,Female,3.75,7.5
9750,60,MOBILE WEB,30,Sat,10,1,drink,sports,Female,11.25,15
9751,127,MOBILE WEB,50,Sat,10,0,food,entertainment,Female,7.5,11.25
9752,118,MOBILE WEB,30,Fri,19,1,drink,sports,Male,11.25,15
9753,175,MOBILE WEB,50,Sun,0,0,education,drama,Female,7.5,11.25
9754,565,PC WEB,50,Fri,17,0,drink,sports,Male,3.75,7.5
9755,69,PC WEB,30,Wed,14,1,drink,sports,Male,11.25,15
9756,221,MOBILE WEB,20,Sat,1,0,health_food,drama,Female,3.75,7.5
9757,129,MOBILE WEB,20,Mon,2,0,electronics,drama,Female,7.5,11.25
9758,627,MOBILE WEB,40,Sat,20,1,drink,sports,Male,11.25,15
9759,216,MOBILE WEB,40,Sun,21,0,health_food,entertainment,Female,11.25,15
9760,205,MOBILE WEB,40,Sat,14,1,drink,sports,Male,11.25,15
9761,190,MOBILE WEB,20,Sun,8,1,food,entertainment,Female,11.25,15
9762,83,MOBILE WEB,20,Thu,19,0,movie,sports,Male,3.75,7.5
9763,127,MOBILE WEB,40,Tue,23,1,drink,sports,Male,11.25,15
9764,118,MOBILE WEB,30,Fri,22,0,food,entertainment,Male,3.75,7.5
9765,85,PC WEB,40,Wed,9,1,corporation,sports,Male,11.25,15
9766,67,MOBILE WEB,30,Tue,15,0,corporation,sports,Male,3.75,7.5
9767,152,MOBILE WEB,20,Mon,21,0,drink,entertainment,Female,3.75,7.5
9768,179,MOBILE WEB,40,Thu,19,0,drink,entertainment,Female,7.5,11.25
9769,205,MOBILE WEB,30,Sat,15,0,drink,sports,Male,3.75,7.5
9770,96,MOBILE WEB,50,Wed,17,0,drink,sports,Male,7.5,11.25
9771,200,MOBILE WEB,20,Wed,23,0,drink,entertainment,Female,3.75,7.5
9772,212,MOBILE WEB,10,Fri,8,0,drink,drama,Female,3.75,7.5
9773,133,MOBILE WEB,40,Mon,18,0,drink,drama,Male,0,3.75
9774,98,MOBILE WEB,50,Sat,12,0,corporation,sports,Male,7.5,11.25
9775,105,MOBILE WEB,40,Sun,2,0,corporation,sports,Male,7.5,11.25
9776,76,MOBILE WEB,10,Fri,14,0,corporation,sports,Male,3.75,7.5
9777,61,PC WEB,40,Wed,11,0,corporation,sports,Male,11.25,15
9778,429,MOBILE WEB,30,Wed,17,1,drink,sports,Male,11.25,15
9779,102,PC WEB,40,Wed,0,0,movie,entertainment,Male,3.75,7.5
9780,157,MOBILE WEB,10,Sun,11,0,government,entertainment,Female,3.75,7.5
9781,280,MOBILE WEB,30,Fri,14,0,movie,information,Female,3.75,7.5
9782,177,MOBILE WEB,50,Mon,14,0,finance,sports,Male,7.5,11.25
9783,208,MOBILE WEB,30,Tue,21,0,health_food,music,Female,3.75,7.5
9784,87,MOBILE WEB,40,Sun,2,0,corporation,sports,Male,3.75,7.5
9785,242,MOBILE WEB,30,Fri,8,0,movie,drama,Female,3.75,7.5
9786,149,MOBILE WEB,40,Fri,22,0,food,sports,Male,3.75,7.5
9787,627,MOBILE WEB,30,Sat,19,1,drink,sports,Male,11.25,15
9788,69,MOBILE WEB,50,Wed,11,0,drink,sports,Female,0,3.75
9789,116,MOBILE WEB,10,Mon,4,0,health_food,entertainment,Female,3.75,7.5
9790,156,MOBILE WEB,30,Tue,10,0,food,entertainment,Female,3.75,7.5
9791,146,PC WEB,40,Fri,15,0,food,drama,Female,3.75,7.5
9792,519,MOBILE WEB,40,Mon,10,0,drink,sports,Male,3.75,7.5
9793,99,PC WEB,40,Sun,23,0,drink,entertainment,Male,7.5,11.25
9794,136,MOBILE WEB,40,Thu,13,0,medicine,drama,Female,3.75,7.5
9795,98,MOBILE WEB,40,Mon,22,0,education,drama,Female,3.75,7.5
9796,178,PC WEB,60,Wed,17,0,electronics,entertainment,Male,3.75,7.5
9797,153,MOBILE WEB,40,Mon,23,0,health_food,drama,Female,3.75,7.5
9798,177,MOBILE WEB,40,Wed,15,0,drink,sports,Female,3.75,7.5
9799,170,MOBILE WEB,60,Tue,14,0,drink,entertainment,Female,3.75,7.5
9800,231,MOBILE WEB,20,Wed,21,0,drink,entertainment,Male,3.75,7.5
9801,289,MOBILE WEB,30,Mon,12,1,education,drama,Male,11.25,15
9802,621,MOBILE WEB,60,Sun,16,0,corporation,sports,Male,3.75,7.5
9803,112,MOBILE WEB,30,Sat,14,1,finance,sports,Male,11.25,15
9804,67,MOBILE WEB,30,Sun,12,0,drink,sports,Male,7.5,11.25
9805,33,MOBILE WEB,20,Mon,23,0,drink,entertainment,Female,3.75,7.5
9806,207,MOBILE WEB,40,Sat,19,1,food,music,Female,11.25,15
9807,222,MOBILE WEB,50,Tue,7,0,food,music,Female,0,3.75
9808,181,MOBILE WEB,20,Tue,21,0,health_food,drama,Male,3.75,7.5
9809,184,MOBILE WEB,40,Thu,19,0,health_food,entertainment,Male,3.75,7.5
9810,186,MOBILE WEB,40,Wed,7,0,food,entertainment,Female,7.5,11.25
9811,207,MOBILE WEB,10,Tue,18,1,health_food,entertainment,Male,11.25,15
9812,113,MOBILE WEB,50,Sat,22,0,drink,information,Female,11.25,15
9813,115,MOBILE WEB,50,Fri,17,0,health_food,drama,Female,7.5,11.25
9814,72,MOBILE WEB,40,Mon,9,0,corporation,sports,Female,3.75,7.5
9815,172,MOBILE WEB,40,Mon,22,0,pet,drama,Female,0,3.75
9816,62,MOBILE WEB,40,Fri,18,1,corporation,sports,Male,11.25,15
9817,145,MOBILE APP,20,Fri,22,0,education,entertainment,Female,3.75,7.5
9818,627,MOBILE WEB,40,Sat,19,1,drink,sports,Male,11.25,15
9819,319,MOBILE WEB,40,Sat,23,0,drink,music,Male,3.75,7.5
9820,143,MOBILE WEB,30,Sat,23,0,food,entertainment,Male,0,3.75
9821,308,MOBILE WEB,20,Sat,6,1,medicine,entertainment,Female,11.25,15
9822,79,MOBILE WEB,20,Sat,13,0,food,drama,Female,3.75,7.5
9823,99,MOBILE WEB,20,Thu,12,0,pet,sports,Male,3.75,7.5
9824,152,MOBILE WEB,30,Sat,12,0,food,sports,Male,3.75,7.5
9825,227,MOBILE WEB,50,Sat,10,0,electronics,entertainment,Female,3.75,7.5
9826,328,MOBILE WEB,10,Thu,18,0,medicine,entertainment,Male,3.75,7.5
9827,109,PC WEB,40,Sun,14,1,drink,sports,Male,11.25,15
9828,116,PC WEB,30,Tue,0,0,drink,sports,Male,3.75,7.5
9829,189,MOBILE WEB,30,Sat,23,0,food,drama,Female,3.75,7.5
9830,255,MOBILE APP,30,Sat,0,1,movie,entertainment,Female,11.25,15
9831,142,MOBILE WEB,40,Fri,18,1,drink,sports,Female,11.25,15
9832,147,MOBILE WEB,50,Sat,13,1,drink,sports,Male,11.25,15
9833,103,MOBILE WEB,30,Fri,1,0,drink,drama,Female,3.75,7.5
9834,147,MOBILE WEB,20,Mon,12,0,food,entertainment,Female,3.75,7.5
9835,99,MOBILE WEB,40,Mon,7,0,food,entertainment,Female,3.75,7.5
9836,83,MOBILE WEB,40,Sat,7,1,drink,sports,Male,11.25,15
9837,248,MOBILE APP,40,Sun,11,0,food,entertainment,Female,3.75,7.5
9838,500,MOBILE WEB,30,Fri,17,1,drink,sports,Male,11.25,15
9839,116,MOBILE WEB,40,Mon,12,0,drink,sports,Male,0,3.75
9840,171,MOBILE WEB,10,Sun,22,0,drink,entertainment,Female,3.75,7.5
9841,640,MOBILE WEB,60,Sun,9,1,drink,sports,Female,11.25,15
9842,164,MOBILE WEB,40,Fri,11,0,drink,sports,Male,3.75,7.5
9843,410,PC WEB,50,Mon,23,1,drink,sports,Male,11.25,15
9844,74,MOBILE WEB,30,Fri,14,0,corporation,sports,Male,3.75,7.5
9845,159,MOBILE WEB,20,Sat,3,1,drink,sports,Male,11.25,15
9846,99,MOBILE WEB,30,Tue,22,0,corporation,entertainment,Female,3.75,7.5
9847,67,MOBILE WEB,60,Tue,14,0,corporation,sports,Male,3.75,7.5
9848,163,MOBILE WEB,40,Mon,20,0,education,entertainment,Female,3.75,7.5
9849,152,MOBILE WEB,30,Sun,22,0,food,entertainment,Male,3.75,7.5
9850,323,MOBILE WEB,60,Tue,10,1,drink,sports,Male,11.25,15
9851,159,MOBILE WEB,20,Wed,15,1,drink,sports,Male,11.25,15
9852,111,MOBILE WEB,20,Sun,21,0,education,entertainment,Male,3.75,7.5
9853,302,MOBILE WEB,30,Mon,21,0,food,drama,Female,3.75,7.5
9854,147,MOBILE WEB,20,Mon,0,0,health_food,entertainment,Female,3.75,7.5
9855,787,PC WEB,30,Tue,9,1,drink,sports,Male,11.25,15
9856,228,MOBILE WEB,40,Mon,23,0,food,entertainment,Female,3.75,7.5
9857,163,MOBILE WEB,20,Sat,20,0,government,entertainment,Male,0,3.75
9858,169,MOBILE WEB,40,Fri,22,0,health_food,entertainment,Male,3.75,7.5
9859,627,MOBILE WEB,40,Sat,15,0,corporation,sports,Male,0,3.75
9860,732,MOBILE WEB,50,Thu,0,1,drink,sports,Male,11.25,15
9861,101,MOBILE WEB,40,Sat,12,0,corporation,sports,Male,3.75,7.5
9862,207,MOBILE APP,30,Fri,1,0,drink,music,Female,3.75,7.5
9863,627,MOBILE WEB,20,Sat,16,1,drink,sports,Male,11.25,15
9864,68,MOBILE WEB,30,Sun,20,1,drink,sports,Male,11.25,15
9865,133,MOBILE WEB,50,Thu,7,0,movie,entertainment,Female,7.5,11.25
9866,109,MOBILE WEB,30,Sun,14,0,corporation,sports,Male,3.75,7.5
9867,105,MOBILE WEB,30,Sun,14,0,corporation,sports,Male,11.25,15
9868,95,MOBILE WEB,30,Mon,10,0,corporation,sports,Male,3.75,7.5
9869,640,MOBILE WEB,20,Sun,10,0,corporation,sports,Female,3.75,7.5
9870,221,PC WEB,50,Thu,18,0,drink,entertainment,Male,3.75,7.5
9871,173,MOBILE WEB,40,Tue,10,0,drink,entertainment,Female,3.75,7.5
9872,65,MOBILE WEB,30,Tue,11,0,pet,sports,Male,3.75,7.5
9873,190,MOBILE WEB,30,Fri,22,0,food,entertainment,Female,3.75,7.5
9874,74,MOBILE WEB,20,Thu,11,0,corporation,sports,Male,3.75,7.5
9875,87,MOBILE WEB,50,Sat,15,0,corporation,sports,Male,3.75,7.5
9876,68,PC WEB,40,Tue,20,1,drink,sports,Male,11.25,15
9877,144,MOBILE WEB,30,Wed,19,1,food,entertainment,Female,11.25,15
9878,101,PC WEB,50,Mon,17,0,drink,sports,Male,3.75,7.5
9879,83,MOBILE WEB,10,Mon,1,0,health_food,entertainment,Female,3.75,7.5
9880,182,MOBILE WEB,40,Sun,21,0,health_food,entertainment,Female,7.5,11.25
9881,154,MOBILE WEB,30,Mon,12,0,woman,entertainment,Male,3.75,7.5
9882,747,PC WEB,50,Sun,21,0,drink,sports,Male,7.5,11.25
9883,79,MOBILE WEB,50,Mon,14,0,finance,sports,Male,3.75,7.5
9884,213,MOBILE WEB,40,Wed,10,0,drink,sports,Male,3.75,7.5
9885,97,PC WEB,40,Tue,14,0,drink,sports,Male,3.75,7.5
9886,85,MOBILE WEB,40,Sun,15,1,drink,sports,Male,11.25,15
9887,237,MOBILE WEB,40,Sat,17,1,drink,sports,Male,11.25,15
9888,87,MOBILE WEB,40,Sat,16,0,corporation,sports,Male,3.75,7.5
9889,111,MOBILE WEB,20,Sat,13,0,education,entertainment,Male,3.75,7.5
9890,70,MOBILE WEB,50,Sat,18,0,drink,sports,Male,3.75,7.5
9891,118,MOBILE WEB,30,Fri,21,0,corporation,sports,Male,7.5,11.25
9892,597,MOBILE WEB,50,Sat,15,0,corporation,sports,Male,3.75,7.5
9893,160,MOBILE WEB,20,Tue,18,0,government,information,Female,3.75,7.5
9894,185,MOBILE WEB,20,Sat,17,0,education,entertainment,Male,3.75,7.5
9895,66,MOBILE WEB,30,Mon,19,0,drink,sports,Male,7.5,11.25
9896,185,MOBILE WEB,30,Sat,21,0,electronics,entertainment,Male,3.75,7.5
9897,112,MOBILE WEB,40,Sat,8,0,movie,entertainment,Female,3.75,7.5
9898,232,MOBILE APP,10,Mon,18,0,food,entertainment,Female,3.75,7.5
9899,116,MOBILE WEB,50,Sat,14,1,drink,sports,Male,11.25,15
9900,188,MOBILE WEB,20,Mon,2,0,medicine,drama,Male,3.75,7.5
9901,199,MOBILE WEB,50,Thu,8,0,drink,entertainment,Male,3.75,7.5
9902,112,MOBILE WEB,50,Sat,14,1,finance,sports,Male,11.25,15
9903,163,MOBILE WEB,10,Tue,17,1,drink,entertainment,Female,11.25,15
9904,185,MOBILE WEB,30,Wed,8,0,food,entertainment,Female,0,3.75
9905,159,MOBILE WEB,50,Fri,21,0,electronics,entertainment,Female,3.75,7.5
9906,188,MOBILE WEB,40,Mon,22,1,drink,entertainment,Female,11.25,15
9907,111,PC WEB,30,Sun,10,0,drink,entertainment,Male,3.75,7.5
9908,130,MOBILE WEB,10,Mon,16,0,food,drama,Female,7.5,11.25
9909,101,MOBILE WEB,40,Sat,13,0,corporation,sports,Male,3.75,7.5
9910,210,MOBILE WEB,60,Fri,12,0,food,drama,Female,0,3.75
9911,145,MOBILE WEB,10,Mon,23,0,drink,entertainment,Female,3.75,7.5
9912,122,MOBILE WEB,30,Mon,22,0,health_food,entertainment,Male,7.5,11.25
9913,64,MOBILE WEB,20,Sun,8,0,education,drama,Female,3.75,7.5
9914,130,MOBILE WEB,10,Mon,23,0,corporation,sports,Male,3.75,7.5
9915,153,MOBILE WEB,30,Thu,21,0,movie,entertainment,Female,3.75,7.5
9916,73,PC WEB,30,Tue,19,1,drink,sports,Male,11.25,15
9917,142,MOBILE WEB,10,Sat,2,0,government,entertainment,Male,7.5,11.25
9918,237,MOBILE WEB,30,Sat,16,1,drink,sports,Male,11.25,15
9919,197,MOBILE WEB,30,Tue,19,0,health_food,kids,Female,3.75,7.5
9920,735,MOBILE WEB,30,Wed,11,0,corporation,sports,Male,3.75,7.5
9921,81,MOBILE WEB,10,Fri,17,0,government,entertainment,Female,3.75,7.5
9922,152,MOBILE WEB,40,Fri,19,0,electronics,information,Female,3.75,7.5
9923,76,MOBILE WEB,30,Sun,22,0,drink,sports,Male,3.75,7.5
9924,103,MOBILE WEB,40,Sun,10,1,drink,sports,Male,11.25,15
9925,133,MOBILE WEB,30,Sun,19,0,electronics,entertainment,Female,3.75,7.5
9926,726,MOBILE WEB,30,Fri,14,0,pet,sports,Male,3.75,7.5
9927,154,MOBILE WEB,50,Sat,13,1,drink,sports,Male,11.25,15
9928,99,MOBILE WEB,30,Thu,12,0,drink,sports,Male,3.75,7.5
9929,66,MOBILE WEB,10,Fri,17,1,drink,sports,Male,11.25,15
9930,61,MOBILE WEB,30,Sun,12,1,drink,sports,Male,11.25,15
9931,193,MOBILE WEB,30,Sat,14,1,health_food,drama,Female,11.25,15
9932,178,MOBILE APP,10,Mon,23,0,food,music,Male,3.75,7.5
9933,213,MOBILE WEB,40,Wed,11,1,drink,sports,Male,11.25,15
9934,145,MOBILE WEB,10,Mon,22,0,drink,entertainment,Female,3.75,7.5
9935,69,MOBILE WEB,10,Sat,14,0,corporation,sports,Male,3.75,7.5
9936,129,MOBILE WEB,30,Thu,0,0,food,drama,Female,3.75,7.5
9937,123,MOBILE WEB,40,Sat,9,1,drink,drama,Female,11.25,15
9938,135,MOBILE WEB,20,Fri,18,0,drink,drama,Female,3.75,7.5
9939,155,MOBILE WEB,30,Thu,23,0,government,entertainment,Female,0,3.75
9940,233,MOBILE WEB,10,Tue,17,0,education,music,Female,3.75,7.5
9941,193,MOBILE WEB,60,Sun,21,0,electronics,entertainment,Male,7.5,11.25
9942,67,MOBILE WEB,50,Sat,13,0,drink,sports,Male,0,3.75
9943,207,MOBILE APP,10,Sun,13,0,movie,entertainment,Female,3.75,7.5
9944,190,MOBILE WEB,40,Sun,23,0,health_food,entertainment,Female,3.75,7.5
9945,168,MOBILE WEB,10,Mon,23,0,drink,entertainment,Female,3.75,7.5
9946,112,MOBILE WEB,50,Sat,14,1,drink,sports,Male,11.25,15
9947,89,MOBILE WEB,30,Thu,12,1,drink,sports,Male,11.25,15
9948,167,MOBILE WEB,30,Sun,3,0,food,drama,Female,0,3.75
9949,79,MOBILE WEB,40,Sun,20,0,woman,drama,Female,0,3.75
9950,207,MOBILE WEB,20,Sat,19,0,electronics,music,Female,0,3.75
9951,206,MOBILE WEB,40,Sat,12,0,drink,sports,Male,0,3.75
9952,127,PC WEB,40,Wed,10,1,finance,sports,Male,11.25,15
9953,124,MOBILE WEB,30,Sat,9,0,electronics,entertainment,Male,3.75,7.5
9954,88,MOBILE WEB,50,Sat,13,0,drink,sports,Male,3.75,7.5
9955,378,MOBILE WEB,10,Thu,13,0,drink,sports,Male,3.75,7.5
9956,150,MOBILE WEB,10,Fri,9,0,education,entertainment,Male,3.75,7.5
9957,74,MOBILE WEB,40,Mon,7,0,food,sports,Male,3.75,7.5
9958,101,PC WEB,40,Mon,17,0,drink,sports,Male,0,3.75
9959,254,MOBILE WEB,20,Mon,18,0,pet,drama,Female,3.75,7.5
9960,101,MOBILE WEB,30,Mon,10,0,corporation,sports,Female,3.75,7.5
9961,116,MOBILE WEB,30,Sat,19,1,drink,sports,Male,11.25,15
9962,152,MOBILE WEB,30,Sat,16,0,corporation,sports,Male,3.75,7.5
9963,202,MOBILE WEB,30,Fri,21,0,drink,entertainment,Male,3.75,7.5
9964,62,MOBILE WEB,20,Fri,18,0,corporation,sports,Male,3.75,7.5
9965,226,MOBILE WEB,10,Mon,22,0,health_food,music,Female,3.75,7.5
9966,126,MOBILE WEB,30,Sat,16,0,drink,sports,Male,3.75,7.5
9967,126,PC WEB,20,Sat,15,0,food,sports,Male,3.75,7.5
9968,64,MOBILE WEB,10,Sat,23,0,education,drama,Female,3.75,7.5
9969,79,PC WEB,50,Mon,14,0,drink,sports,Male,3.75,7.5
9970,239,MOBILE WEB,30,Fri,0,0,food,drama,Female,3.75,7.5
9971,132,PC WEB,40,Mon,12,0,movie,entertainment,Female,7.5,11.25
9972,116,MOBILE WEB,60,Sat,19,1,drink,sports,Male,11.25,15
9973,74,MOBILE WEB,40,Fri,17,0,drink,sports,Male,3.75,7.5
9974,61,MOBILE WEB,30,Sat,9,0,drink,sports,Male,3.75,7.5
9975,92,MOBILE WEB,20,Sun,15,0,food,music,Male,3.75,7.5
9976,66,MOBILE WEB,30,Sat,13,1,drink,sports,Male,11.25,15
9977,70,MOBILE WEB,40,Sat,21,0,corporation,sports,Male,3.75,7.5
9978,60,MOBILE WEB,30,Tue,17,0,health_food,sports,Male,7.5,11.25
9979,187,MOBILE WEB,40,Fri,15,0,health_food,entertainment,Female,7.5,11.25
9980,97,MOBILE WEB,40,Wed,12,0,food,sports,Male,7.5,11.25
9981,128,MOBILE WEB,30,Sun,19,0,health_food,entertainment,Male,3.75,7.5
9982,142,MOBILE WEB,40,Thu,22,0,drink,sports,Male,3.75,7.5
9983,72,MOBILE WEB,40,Wed,19,1,drink,sports,Male,11.25,15
9984,221,MOBILE WEB,50,Sat,18,0,food,entertainment,Male,3.75,7.5
9985,309,MOBILE WEB,40,Thu,18,0,health_food,entertainment,Female,3.75,7.5
9986,99,MOBILE WEB,20,Thu,12,0,corporation,sports,Male,3.75,7.5
9987,81,MOBILE WEB,30,Sun,7,1,health_food,sports,Male,11.25,15
9988,64,MOBILE WEB,40,Tue,12,0,corporation,sports,Male,3.75,7.5
9989,159,PC WEB,30,Wed,16,1,drink,drama,Male,11.25,15
9990,101,MOBILE WEB,30,Sat,14,0,drink,sports,Male,3.75,7.5
9991,72,MOBILE WEB,30,Mon,10,0,corporation,sports,Male,3.75,7.5
9992,131,MOBILE WEB,40,Wed,18,1,drink,sports,Male,11.25,15
9993,382,MOBILE WEB,30,Sun,10,0,drink,music,Female,3.75,7.5
9994,143,MOBILE WEB,50,Fri,14,1,food,entertainment,Male,11.25,15
9995,251,MOBILE WEB,20,Mon,22,0,drink,music,Female,3.75,7.5
9996,116,MOBILE WEB,40,Tue,19,0,health_food,information,Female,3.75,7.5
9997,186,MOBILE WEB,30,Sat,10,0,food,entertainment,Female,3.75,7.5
9998,65,MOBILE WEB,50,Tue,11,0,corporation,sports,Male,3.75,7.5
9999,101,MOBILE WEB,20,Sat,14,0,corporation,sports,Male,7.5,11.25
10000,640,MOBILE WEB,40,Sun,9,0,corporation,sports,Female,3.75,7.5
